"DecisionSchemaVersion","PermissionCandidate","CandidateFingerprint","SourcePermissionCatalogueSha256","FinalCapability","Namespace","ModuleCandidates","ActionCandidates","ZoneCandidates","EndpointCount","FinalAssignmentPolicy","StepUpRequirement","LifecyclePolicy","DecisionStatus","ImplementationEvidenceStatus","DecisionRationale","EvidenceReferences","DecisionRevision","Reviewer","ReviewedAtUtc"
"1.0","api.commission.read","90EC572A32983F24C0B9F1598973DFC78480B09C0C1D79A55DF6E8CD596D60B4","9331D230EB9B387DBA2200FC2ABC1C806B7A967C1C860FF871D1ED65EACE2D16","api.commission.read","api","COMMISSION","READ","API","1","NON_ASSIGNABLE_API_CLIENT_SCOPE_POLICY","STEP_UP_NOT_DEFAULT_REVIEW_IF_HIGH_IMPACT","VERSIONED_IMMUTABLE_CATALOGUE_RECORD","DEFERRED","CATALOGUE_OR_ENDPOINT_BLOCKER_REQUIRES_REVIEW","DEFERRED: This catalogue candidate is blocked by an unresolved endpoint method, zone, capability, API, webhook, or public-policy review.","docs/application-security-permission-catalogue.csv;docs/application-security-endpoint-decision-ledger.csv;docs/application-security-authentication-authorization-workflow.md","1","Security architecture review","2026-09-03T04:45:19.1230183Z"
"1.0","customer.account.delete","D40A6323C8AC65E1F45949D9C6F548FD14620EF0211D64E0A152A7F442C0C734","9331D230EB9B387DBA2200FC2ABC1C806B7A967C1C860FF871D1ED65EACE2D16","customer.account.delete","customer","CUSTOMER_ACCOUNT","SENSITIVE_REVIEW","CUSTOMER","1","NON_ASSIGNABLE_CUSTOMER_SELF_SERVICE_POLICY","MFA_AND_STEP_UP_REQUIRED_OR_DOCUMENTED_EXCEPTION","VERSIONED_IMMUTABLE_CATALOGUE_RECORD","APPROVED","POLICY_APPROVED_IMPLEMENTATION_PENDING","APPROVED: This immutable namespaced capability is the Phase 1 policy target; code, migration, and runtime evidence remain separate release gates.","docs/application-security-permission-catalogue.csv;docs/application-security-endpoint-decision-ledger.csv;docs/application-security-authentication-authorization-workflow.md","1","Security architecture review","2026-09-03T04:45:19.1230183Z"
"1.0","customer.account.manage","C4025619FD64230BE5DACE94A5A4328C2C89897925C215C03C7DE844BE3C936D","9331D230EB9B387DBA2200FC2ABC1C806B7A967C1C860FF871D1ED65EACE2D16","customer.account.manage","customer","CUSTOMER_ACCOUNT","MANAGE","CUSTOMER","4","NON_ASSIGNABLE_CUSTOMER_SELF_SERVICE_POLICY","STEP_UP_NOT_DEFAULT_REVIEW_IF_HIGH_IMPACT","VERSIONED_IMMUTABLE_CATALOGUE_RECORD","APPROVED","POLICY_APPROVED_IMPLEMENTATION_PENDING","APPROVED: This immutable namespaced capability is the Phase 1 policy target; code, migration, and runtime evidence remain separate release gates.","docs/application-security-permission-catalogue.csv;docs/application-security-endpoint-decision-ledger.csv;docs/application-security-authentication-authorization-workflow.md","1","Security architecture review","2026-09-03T04:45:19.1230183Z"
"1.0","customer.account.password","FE5FA30BE1B8A58D52B2934DD14711CDB411741EE7510F9A190C8B734DAE13A3","9331D230EB9B387DBA2200FC2ABC1C806B7A967C1C860FF871D1ED65EACE2D16","customer.account.password","customer","CUSTOMER_ACCOUNT","SENSITIVE_REVIEW","CUSTOMER","1","NON_ASSIGNABLE_CUSTOMER_SELF_SERVICE_POLICY","MFA_AND_STEP_UP_REQUIRED_OR_DOCUMENTED_EXCEPTION","VERSIONED_IMMUTABLE_CATALOGUE_RECORD","APPROVED","POLICY_APPROVED_IMPLEMENTATION_PENDING","APPROVED: This immutable namespaced capability is the Phase 1 policy target; code, migration, and runtime evidence remain separate release gates.","docs/application-security-permission-catalogue.csv;docs/application-security-endpoint-decision-ledger.csv;docs/application-security-authentication-authorization-workflow.md","1","Security architecture review","2026-09-03T04:45:19.1230183Z"
"1.0","customer.account.read","9C4C8466EEAB87615DA89E14361F617C6FE61F8802088CBBF6581187AE94800F","9331D230EB9B387DBA2200FC2ABC1C806B7A967C1C860FF871D1ED65EACE2D16","customer.account.read","customer","CUSTOMER_ACCOUNT","READ","CUSTOMER","22","NON_ASSIGNABLE_CUSTOMER_SELF_SERVICE_POLICY","STEP_UP_NOT_DEFAULT_REVIEW_IF_HIGH_IMPACT","VERSIONED_IMMUTABLE_CATALOGUE_RECORD","APPROVED","POLICY_APPROVED_IMPLEMENTATION_PENDING","APPROVED: This immutable namespaced capability is the Phase 1 policy target; code, migration, and runtime evidence remain separate release gates.","docs/application-security-permission-catalogue.csv;docs/application-security-endpoint-decision-ledger.csv;docs/application-security-authentication-authorization-workflow.md","1","Security architecture review","2026-09-03T04:45:19.1230183Z"
"1.0","customer.blog.manage","433BE815F81E6B5AFA52522CD5E4EA38B94393225705FE266434C5A43BE76BD2","9331D230EB9B387DBA2200FC2ABC1C806B7A967C1C860FF871D1ED65EACE2D16","customer.blog.manage","customer","BLOG","MANAGE","CUSTOMER","3","NON_ASSIGNABLE_CUSTOMER_SELF_SERVICE_POLICY","STEP_UP_NOT_DEFAULT_REVIEW_IF_HIGH_IMPACT","VERSIONED_IMMUTABLE_CATALOGUE_RECORD","APPROVED","POLICY_APPROVED_IMPLEMENTATION_PENDING","APPROVED: This immutable namespaced capability is the Phase 1 policy target; code, migration, and runtime evidence remain separate release gates.","docs/application-security-permission-catalogue.csv;docs/application-security-endpoint-decision-ledger.csv;docs/application-security-authentication-authorization-workflow.md","1","Security architecture review","2026-09-03T04:45:19.1230183Z"
"1.0","customer.blog.read","584814C3EBD708E756231F7CED1182A39B3B3442A234C7166EE87FD2D8087DDB","9331D230EB9B387DBA2200FC2ABC1C806B7A967C1C860FF871D1ED65EACE2D16","customer.blog.read","customer","BLOG","READ","CUSTOMER","7","NON_ASSIGNABLE_CUSTOMER_SELF_SERVICE_POLICY","STEP_UP_NOT_DEFAULT_REVIEW_IF_HIGH_IMPACT","VERSIONED_IMMUTABLE_CATALOGUE_RECORD","APPROVED","POLICY_APPROVED_IMPLEMENTATION_PENDING","APPROVED: This immutable namespaced capability is the Phase 1 policy target; code, migration, and runtime evidence remain separate release gates.","docs/application-security-permission-catalogue.csv;docs/application-security-endpoint-decision-ledger.csv;docs/application-security-authentication-authorization-workflow.md","1","Security architecture review","2026-09-03T04:45:19.1230183Z"
"1.0","customer.blog.remove","7646C7C376F57B2D31195EB6C59D8514978A0CD8EA95CE552D9B78D6D0A6DA17","9331D230EB9B387DBA2200FC2ABC1C806B7A967C1C860FF871D1ED65EACE2D16","customer.blog.remove","customer","BLOG","SENSITIVE_REVIEW","CUSTOMER","1","NON_ASSIGNABLE_CUSTOMER_SELF_SERVICE_POLICY","MFA_AND_STEP_UP_REQUIRED_OR_DOCUMENTED_EXCEPTION","VERSIONED_IMMUTABLE_CATALOGUE_RECORD","APPROVED","POLICY_APPROVED_IMPLEMENTATION_PENDING","APPROVED: This immutable namespaced capability is the Phase 1 policy target; code, migration, and runtime evidence remain separate release gates.","docs/application-security-permission-catalogue.csv;docs/application-security-endpoint-decision-ledger.csv;docs/application-security-authentication-authorization-workflow.md","1","Security architecture review","2026-09-03T04:45:19.1230183Z"
"1.0","customer.cart.checkout.manage","40F6BDAA46F38F5F71878D9714B6B22F560207A2A902D06F385D5BC516FD11AC","9331D230EB9B387DBA2200FC2ABC1C806B7A967C1C860FF871D1ED65EACE2D16","customer.cart.checkout.manage","customer","CART_CHECKOUT","MANAGE","CUSTOMER","2","NON_ASSIGNABLE_CUSTOMER_SELF_SERVICE_POLICY","STEP_UP_NOT_DEFAULT_REVIEW_IF_HIGH_IMPACT","VERSIONED_IMMUTABLE_CATALOGUE_RECORD","APPROVED","POLICY_APPROVED_IMPLEMENTATION_PENDING","APPROVED: This immutable namespaced capability is the Phase 1 policy target; code, migration, and runtime evidence remain separate release gates.","docs/application-security-permission-catalogue.csv;docs/application-security-endpoint-decision-ledger.csv;docs/application-security-authentication-authorization-workflow.md","1","Security architecture review","2026-09-03T04:45:19.1230183Z"
"1.0","customer.cart.checkout.read","72867F2C8BC5FE5D192E84576B37BD4F7E981283C9DB061E964D9862F7907E49","9331D230EB9B387DBA2200FC2ABC1C806B7A967C1C860FF871D1ED65EACE2D16","customer.cart.checkout.read","customer","CART_CHECKOUT","READ","CUSTOMER","5","NON_ASSIGNABLE_CUSTOMER_SELF_SERVICE_POLICY","STEP_UP_NOT_DEFAULT_REVIEW_IF_HIGH_IMPACT","VERSIONED_IMMUTABLE_CATALOGUE_RECORD","APPROVED","POLICY_APPROVED_IMPLEMENTATION_PENDING","APPROVED: This immutable namespaced capability is the Phase 1 policy target; code, migration, and runtime evidence remain separate release gates.","docs/application-security-permission-catalogue.csv;docs/application-security-endpoint-decision-ledger.csv;docs/application-security-authentication-authorization-workflow.md","1","Security architecture review","2026-09-03T04:45:19.1230183Z"
"1.0","customer.cart.checkout.verify","CFBE240B48EA62C625370389E6CDD4D1C4FA8354EEDD3B6BE80F132EA281D50C","9331D230EB9B387DBA2200FC2ABC1C806B7A967C1C860FF871D1ED65EACE2D16","customer.cart.checkout.verify","customer","CART_CHECKOUT","SENSITIVE_REVIEW","CUSTOMER","1","NON_ASSIGNABLE_CUSTOMER_SELF_SERVICE_POLICY","MFA_AND_STEP_UP_REQUIRED_OR_DOCUMENTED_EXCEPTION","VERSIONED_IMMUTABLE_CATALOGUE_RECORD","APPROVED","POLICY_APPROVED_IMPLEMENTATION_PENDING","APPROVED: This immutable namespaced capability is the Phase 1 policy target; code, migration, and runtime evidence remain separate release gates.","docs/application-security-permission-catalogue.csv;docs/application-security-endpoint-decision-ledger.csv;docs/application-security-authentication-authorization-workflow.md","1","Security architecture review","2026-09-03T04:45:19.1230183Z"
"1.0","customer.catalog.read","C2AA096AAC8037F2D380166A210D345DF31F87ABA4C6C2938C87C4CD9B66294D","9331D230EB9B387DBA2200FC2ABC1C806B7A967C1C860FF871D1ED65EACE2D16","customer.catalog.read","customer","CATALOG","READ","CUSTOMER","5","NON_ASSIGNABLE_CUSTOMER_SELF_SERVICE_POLICY","STEP_UP_NOT_DEFAULT_REVIEW_IF_HIGH_IMPACT","VERSIONED_IMMUTABLE_CATALOGUE_RECORD","APPROVED","POLICY_APPROVED_IMPLEMENTATION_PENDING","APPROVED: This immutable namespaced capability is the Phase 1 policy target; code, migration, and runtime evidence remain separate release gates.","docs/application-security-permission-catalogue.csv;docs/application-security-endpoint-decision-ledger.csv;docs/application-security-authentication-authorization-workflow.md","1","Security architecture review","2026-09-03T04:45:19.1230183Z"
"1.0","customer.communication.manage","0DEB94AB56EB5E2B474CAA923E55B753359D5FE94790046341E961BF76689BA2","9331D230EB9B387DBA2200FC2ABC1C806B7A967C1C860FF871D1ED65EACE2D16","customer.communication.manage","customer","COMMUNICATION","MANAGE","CUSTOMER","1","NON_ASSIGNABLE_CUSTOMER_SELF_SERVICE_POLICY","STEP_UP_NOT_DEFAULT_REVIEW_IF_HIGH_IMPACT","VERSIONED_IMMUTABLE_CATALOGUE_RECORD","APPROVED","POLICY_APPROVED_IMPLEMENTATION_PENDING","APPROVED: This immutable namespaced capability is the Phase 1 policy target; code, migration, and runtime evidence remain separate release gates.","docs/application-security-permission-catalogue.csv;docs/application-security-endpoint-decision-ledger.csv;docs/application-security-authentication-authorization-workflow.md","1","Security architecture review","2026-09-03T04:45:19.1230183Z"
"1.0","customer.communication.read","0A1266EA9B062B5EC835E7D0F23A8924CB945045AF75ED9EB46F1E98D0089CD1","9331D230EB9B387DBA2200FC2ABC1C806B7A967C1C860FF871D1ED65EACE2D16","customer.communication.read","customer","COMMUNICATION","READ","CUSTOMER","5","NON_ASSIGNABLE_CUSTOMER_SELF_SERVICE_POLICY","STEP_UP_NOT_DEFAULT_REVIEW_IF_HIGH_IMPACT","VERSIONED_IMMUTABLE_CATALOGUE_RECORD","APPROVED","POLICY_APPROVED_IMPLEMENTATION_PENDING","APPROVED: This immutable namespaced capability is the Phase 1 policy target; code, migration, and runtime evidence remain separate release gates.","docs/application-security-permission-catalogue.csv;docs/application-security-endpoint-decision-ledger.csv;docs/application-security-authentication-authorization-workflow.md","1","Security architecture review","2026-09-03T04:45:19.1230183Z"
"1.0","customer.identity.access.read","702E51514AB058189299288ADDBCE7525A17ECB89F1ACD6254535840208F729F","9331D230EB9B387DBA2200FC2ABC1C806B7A967C1C860FF871D1ED65EACE2D16","customer.identity.access.read","customer","IDENTITY_ACCESS","READ","CUSTOMER","1","NON_ASSIGNABLE_CUSTOMER_SELF_SERVICE_POLICY","STEP_UP_NOT_DEFAULT_REVIEW_IF_HIGH_IMPACT","VERSIONED_IMMUTABLE_CATALOGUE_RECORD","APPROVED","POLICY_APPROVED_IMPLEMENTATION_PENDING","APPROVED: This immutable namespaced capability is the Phase 1 policy target; code, migration, and runtime evidence remain separate release gates.","docs/application-security-permission-catalogue.csv;docs/application-security-endpoint-decision-ledger.csv;docs/application-security-authentication-authorization-workflow.md","1","Security architecture review","2026-09-03T04:45:19.1230183Z"
"1.0","customer.order.payment.manage","308FB163BBFE83FDCFB4D07FCCD6EFACAD601FB7762EFC07679AC38B3B650340","9331D230EB9B387DBA2200FC2ABC1C806B7A967C1C860FF871D1ED65EACE2D16","customer.order.payment.manage","customer","ORDER_PAYMENT","MANAGE","CUSTOMER","3","NON_ASSIGNABLE_CUSTOMER_SELF_SERVICE_POLICY","STEP_UP_NOT_DEFAULT_REVIEW_IF_HIGH_IMPACT","VERSIONED_IMMUTABLE_CATALOGUE_RECORD","APPROVED","POLICY_APPROVED_IMPLEMENTATION_PENDING","APPROVED: This immutable namespaced capability is the Phase 1 policy target; code, migration, and runtime evidence remain separate release gates.","docs/application-security-permission-catalogue.csv;docs/application-security-endpoint-decision-ledger.csv;docs/application-security-authentication-authorization-workflow.md","1","Security architecture review","2026-09-03T04:45:19.1230183Z"
"1.0","customer.order.payment.pdf","4D1A05351458D94EFF4D87B1C6ED1952CA3BF4124B36E3CBCFC18E4CFC114EAD","9331D230EB9B387DBA2200FC2ABC1C806B7A967C1C860FF871D1ED65EACE2D16","customer.order.payment.pdf","customer","ORDER_PAYMENT","SENSITIVE_REVIEW","CUSTOMER","1","NON_ASSIGNABLE_CUSTOMER_SELF_SERVICE_POLICY","MFA_AND_STEP_UP_REQUIRED_OR_DOCUMENTED_EXCEPTION","VERSIONED_IMMUTABLE_CATALOGUE_RECORD","APPROVED","POLICY_APPROVED_IMPLEMENTATION_PENDING","APPROVED: This immutable namespaced capability is the Phase 1 policy target; code, migration, and runtime evidence remain separate release gates.","docs/application-security-permission-catalogue.csv;docs/application-security-endpoint-decision-ledger.csv;docs/application-security-authentication-authorization-workflow.md","1","Security architecture review","2026-09-03T04:45:19.1230183Z"
"1.0","customer.order.payment.read","EB401F5644AA80B7142081233198A4F5E7071D9408A4F65D08199D6EBA8CF3C5","9331D230EB9B387DBA2200FC2ABC1C806B7A967C1C860FF871D1ED65EACE2D16","customer.order.payment.read","customer","ORDER_PAYMENT","READ","CUSTOMER","18","NON_ASSIGNABLE_CUSTOMER_SELF_SERVICE_POLICY","STEP_UP_NOT_DEFAULT_REVIEW_IF_HIGH_IMPACT","VERSIONED_IMMUTABLE_CATALOGUE_RECORD","APPROVED","POLICY_APPROVED_IMPLEMENTATION_PENDING","APPROVED: This immutable namespaced capability is the Phase 1 policy target; code, migration, and runtime evidence remain separate release gates.","docs/application-security-permission-catalogue.csv;docs/application-security-endpoint-decision-ledger.csv;docs/application-security-authentication-authorization-workflow.md","1","Security architecture review","2026-09-03T04:45:19.1230183Z"
"1.0","customer.order.payment.refund","D25A3C5D6ECFF22F6E56D1E6A4DA94D85539F2F5E5875DD6FCB03784947CCE40","9331D230EB9B387DBA2200FC2ABC1C806B7A967C1C860FF871D1ED65EACE2D16","customer.order.payment.refund","customer","ORDER_PAYMENT","SENSITIVE_REVIEW","CUSTOMER","1","NON_ASSIGNABLE_CUSTOMER_SELF_SERVICE_POLICY","MFA_AND_STEP_UP_REQUIRED_OR_DOCUMENTED_EXCEPTION","VERSIONED_IMMUTABLE_CATALOGUE_RECORD","APPROVED","POLICY_APPROVED_IMPLEMENTATION_PENDING","APPROVED: This immutable namespaced capability is the Phase 1 policy target; code, migration, and runtime evidence remain separate release gates.","docs/application-security-permission-catalogue.csv;docs/application-security-endpoint-decision-ledger.csv;docs/application-security-authentication-authorization-workflow.md","1","Security architecture review","2026-09-03T04:45:19.1230183Z"
"1.0","customer.promotion.rewards.generate","C57D2F2B90A749C74D9E8C359CEA04F1DD6F326F3CE350B4EF76E763EA4FB389","9331D230EB9B387DBA2200FC2ABC1C806B7A967C1C860FF871D1ED65EACE2D16","customer.promotion.rewards.generate","customer","PROMOTION_REWARDS","SENSITIVE_REVIEW","CUSTOMER","1","NON_ASSIGNABLE_CUSTOMER_SELF_SERVICE_POLICY","MFA_AND_STEP_UP_REQUIRED_OR_DOCUMENTED_EXCEPTION","VERSIONED_IMMUTABLE_CATALOGUE_RECORD","APPROVED","POLICY_APPROVED_IMPLEMENTATION_PENDING","APPROVED: This immutable namespaced capability is the Phase 1 policy target; code, migration, and runtime evidence remain separate release gates.","docs/application-security-permission-catalogue.csv;docs/application-security-endpoint-decision-ledger.csv;docs/application-security-authentication-authorization-workflow.md","1","Security architecture review","2026-09-03T04:45:19.1230183Z"
"1.0","customer.promotion.rewards.manage","844294EB9BD4451A181C7F28DD90237E056E87135CF9834B5C65661E3F428CD5","9331D230EB9B387DBA2200FC2ABC1C806B7A967C1C860FF871D1ED65EACE2D16","customer.promotion.rewards.manage","customer","PROMOTION_REWARDS","MANAGE","CUSTOMER","4","NON_ASSIGNABLE_CUSTOMER_SELF_SERVICE_POLICY","STEP_UP_NOT_DEFAULT_REVIEW_IF_HIGH_IMPACT","VERSIONED_IMMUTABLE_CATALOGUE_RECORD","APPROVED","POLICY_APPROVED_IMPLEMENTATION_PENDING","APPROVED: This immutable namespaced capability is the Phase 1 policy target; code, migration, and runtime evidence remain separate release gates.","docs/application-security-permission-catalogue.csv;docs/application-security-endpoint-decision-ledger.csv;docs/application-security-authentication-authorization-workflow.md","1","Security architecture review","2026-09-03T04:45:19.1230183Z"
"1.0","customer.promotion.rewards.read","B0351ACFB15C34E38099BCCB7B43597DA0A06A551286CA0E7D4116FBDEABD972","9331D230EB9B387DBA2200FC2ABC1C806B7A967C1C860FF871D1ED65EACE2D16","customer.promotion.rewards.read","customer","PROMOTION_REWARDS","READ","CUSTOMER","17","NON_ASSIGNABLE_CUSTOMER_SELF_SERVICE_POLICY","STEP_UP_NOT_DEFAULT_REVIEW_IF_HIGH_IMPACT","VERSIONED_IMMUTABLE_CATALOGUE_RECORD","APPROVED","POLICY_APPROVED_IMPLEMENTATION_PENDING","APPROVED: This immutable namespaced capability is the Phase 1 policy target; code, migration, and runtime evidence remain separate release gates.","docs/application-security-permission-catalogue.csv;docs/application-security-endpoint-decision-ledger.csv;docs/application-security-authentication-authorization-workflow.md","1","Security architecture review","2026-09-03T04:45:19.1230183Z"
"1.0","customer.review.rating.manage","8E4B18F6EB3492CC6A9CD549A2618F8A0A418FCBA86294E8CB4D07C5B5A2BBDD","9331D230EB9B387DBA2200FC2ABC1C806B7A967C1C860FF871D1ED65EACE2D16","customer.review.rating.manage","customer","REVIEW_RATING","MANAGE","CUSTOMER","1","NON_ASSIGNABLE_CUSTOMER_SELF_SERVICE_POLICY","STEP_UP_NOT_DEFAULT_REVIEW_IF_HIGH_IMPACT","VERSIONED_IMMUTABLE_CATALOGUE_RECORD","APPROVED","POLICY_APPROVED_IMPLEMENTATION_PENDING","APPROVED: This immutable namespaced capability is the Phase 1 policy target; code, migration, and runtime evidence remain separate release gates.","docs/application-security-permission-catalogue.csv;docs/application-security-endpoint-decision-ledger.csv;docs/application-security-authentication-authorization-workflow.md","1","Security architecture review","2026-09-03T04:45:19.1230183Z"
"1.0","customer.wishlist.manage","F08FB484B9D3A6BC300FE7C1A59E42A988EC5E78BA848DACF0C63A7B5ED2D5CD","9331D230EB9B387DBA2200FC2ABC1C806B7A967C1C860FF871D1ED65EACE2D16","customer.wishlist.manage","customer","WISHLIST","MANAGE","CUSTOMER","1","NON_ASSIGNABLE_CUSTOMER_SELF_SERVICE_POLICY","STEP_UP_NOT_DEFAULT_REVIEW_IF_HIGH_IMPACT","VERSIONED_IMMUTABLE_CATALOGUE_RECORD","APPROVED","POLICY_APPROVED_IMPLEMENTATION_PENDING","APPROVED: This immutable namespaced capability is the Phase 1 policy target; code, migration, and runtime evidence remain separate release gates.","docs/application-security-permission-catalogue.csv;docs/application-security-endpoint-decision-ledger.csv;docs/application-security-authentication-authorization-workflow.md","1","Security architecture review","2026-09-03T04:45:19.1230183Z"
"1.0","customer.wishlist.read","2F292A9DA7690FEE13114C8527AC201C4FDF0361FE60FFE45CE63F45429743B4","9331D230EB9B387DBA2200FC2ABC1C806B7A967C1C860FF871D1ED65EACE2D16","customer.wishlist.read","customer","WISHLIST","READ","CUSTOMER","3","NON_ASSIGNABLE_CUSTOMER_SELF_SERVICE_POLICY","STEP_UP_NOT_DEFAULT_REVIEW_IF_HIGH_IMPACT","VERSIONED_IMMUTABLE_CATALOGUE_RECORD","APPROVED","POLICY_APPROVED_IMPLEMENTATION_PENDING","APPROVED: This immutable namespaced capability is the Phase 1 policy target; code, migration, and runtime evidence remain separate release gates.","docs/application-security-permission-catalogue.csv;docs/application-security-endpoint-decision-ledger.csv;docs/application-security-authentication-authorization-workflow.md","1","Security architecture review","2026-09-03T04:45:19.1230183Z"
"1.0","customer.wishlist.remove","884FF62B43512AA3AB62D67458190F58019A083774B3207D98441648D8914D5D","9331D230EB9B387DBA2200FC2ABC1C806B7A967C1C860FF871D1ED65EACE2D16","customer.wishlist.remove","customer","WISHLIST","SENSITIVE_REVIEW","CUSTOMER","1","NON_ASSIGNABLE_CUSTOMER_SELF_SERVICE_POLICY","MFA_AND_STEP_UP_REQUIRED_OR_DOCUMENTED_EXCEPTION","VERSIONED_IMMUTABLE_CATALOGUE_RECORD","APPROVED","POLICY_APPROVED_IMPLEMENTATION_PENDING","APPROVED: This immutable namespaced capability is the Phase 1 policy target; code, migration, and runtime evidence remain separate release gates.","docs/application-security-permission-catalogue.csv;docs/application-security-endpoint-decision-ledger.csv;docs/application-security-authentication-authorization-workflow.md","1","Security architecture review","2026-09-03T04:45:19.1230183Z"
"1.0","internal.identity.access.disabled","51A21470738BB01E9EC86628961C62DEF08D2A1CCF4ACFF74E975CF80E2338D0","9331D230EB9B387DBA2200FC2ABC1C806B7A967C1C860FF871D1ED65EACE2D16","internal.identity.access.disabled","internal","IDENTITY_ACCESS","SENSITIVE_REVIEW","SHARED_OR_UNCLASSIFIED","5","NON_ASSIGNABLE_INTERNAL_SERVICE_POLICY","MFA_AND_STEP_UP_REQUIRED_OR_DOCUMENTED_EXCEPTION","VERSIONED_IMMUTABLE_CATALOGUE_RECORD","IMPLEMENTED","SOURCE_IMPLEMENTED_PENDING_MIGRATION_AND_RUNTIME_PROOF","IMPLEMENTED: Existing platform-IAM capability has source controller and service security evidence; migration and runtime proof remain outstanding.","docs/application-security-permission-catalogue.csv;docs/application-security-endpoint-decision-ledger.csv;docs/application-security-authentication-authorization-workflow.md","1","Security architecture review","2026-09-03T04:45:19.1230183Z"
"1.0","internal.unclassified.general.method-review","040FE1E57F07CD80B285C396D30B787B5DEDE3F1D6086851A397C0E5FA0D0113","9331D230EB9B387DBA2200FC2ABC1C806B7A967C1C860FF871D1ED65EACE2D16","internal.unclassified.general.method-review","internal","GENERAL","HTTP_METHOD_REVIEW","SHARED_OR_UNCLASSIFIED","2","NON_ASSIGNABLE_INTERNAL_SERVICE_POLICY","STEP_UP_NOT_DEFAULT_REVIEW_IF_HIGH_IMPACT","VERSIONED_IMMUTABLE_CATALOGUE_RECORD","DEFERRED","CATALOGUE_OR_ENDPOINT_BLOCKER_REQUIRES_REVIEW","DEFERRED: This catalogue candidate is blocked by an unresolved endpoint method, zone, capability, API, webhook, or public-policy review.","docs/application-security-permission-catalogue.csv;docs/application-security-endpoint-decision-ledger.csv;docs/application-security-authentication-authorization-workflow.md","1","Security architecture review","2026-09-03T04:45:19.1230183Z"
"1.0","platform.blog.approve","4D98AE066B273F60BCDBD37384995611D0E8525960E0F704526D6848A238DC54","9331D230EB9B387DBA2200FC2ABC1C806B7A967C1C860FF871D1ED65EACE2D16","platform.blog.approve","platform","BLOG","SENSITIVE_REVIEW","ADMIN","1","PLATFORM_ROLE_ASSIGNABLE_ONLY_WITH_GRANT_AUTHORITY","MFA_AND_STEP_UP_REQUIRED_OR_DOCUMENTED_EXCEPTION","VERSIONED_IMMUTABLE_CATALOGUE_RECORD","APPROVED","POLICY_APPROVED_IMPLEMENTATION_PENDING","APPROVED: This immutable namespaced capability is the Phase 1 policy target; code, migration, and runtime evidence remain separate release gates.","docs/application-security-permission-catalogue.csv;docs/application-security-endpoint-decision-ledger.csv;docs/application-security-authentication-authorization-workflow.md","1","Security architecture review","2026-09-03T04:45:19.1230183Z"
"1.0","platform.blog.delete","03A7EBBC12994A2ADDBB711A8F3D4B24615D3E9E7C86876272B91412C140980B","9331D230EB9B387DBA2200FC2ABC1C806B7A967C1C860FF871D1ED65EACE2D16","platform.blog.delete","platform","BLOG","SENSITIVE_REVIEW","ADMIN","1","PLATFORM_ROLE_ASSIGNABLE_ONLY_WITH_GRANT_AUTHORITY","MFA_AND_STEP_UP_REQUIRED_OR_DOCUMENTED_EXCEPTION","VERSIONED_IMMUTABLE_CATALOGUE_RECORD","APPROVED","POLICY_APPROVED_IMPLEMENTATION_PENDING","APPROVED: This immutable namespaced capability is the Phase 1 policy target; code, migration, and runtime evidence remain separate release gates.","docs/application-security-permission-catalogue.csv;docs/application-security-endpoint-decision-ledger.csv;docs/application-security-authentication-authorization-workflow.md","1","Security architecture review","2026-09-03T04:45:19.1230183Z"
"1.0","platform.blog.export","82DFC830FC29BEEDFE3759391A7B3751305A7BD718E38E8C8B6434FF2BF70000","9331D230EB9B387DBA2200FC2ABC1C806B7A967C1C860FF871D1ED65EACE2D16","platform.blog.export","platform","BLOG","SENSITIVE_REVIEW","ADMIN","1","PLATFORM_ROLE_ASSIGNABLE_ONLY_WITH_GRANT_AUTHORITY","MFA_AND_STEP_UP_REQUIRED_OR_DOCUMENTED_EXCEPTION","VERSIONED_IMMUTABLE_CATALOGUE_RECORD","APPROVED","POLICY_APPROVED_IMPLEMENTATION_PENDING","APPROVED: This immutable namespaced capability is the Phase 1 policy target; code, migration, and runtime evidence remain separate release gates.","docs/application-security-permission-catalogue.csv;docs/application-security-endpoint-decision-ledger.csv;docs/application-security-authentication-authorization-workflow.md","1","Security architecture review","2026-09-03T04:45:19.1230183Z"
"1.0","platform.blog.manage","DF07D00A73E76C8D905D6DC9864F16F67D66ADB7090A2FBABF90BF8B22F8A352","9331D230EB9B387DBA2200FC2ABC1C806B7A967C1C860FF871D1ED65EACE2D16","platform.blog.manage","platform","BLOG","MANAGE","ADMIN","7","PLATFORM_ROLE_ASSIGNABLE_ONLY_WITH_GRANT_AUTHORITY","STEP_UP_NOT_DEFAULT_REVIEW_IF_HIGH_IMPACT","VERSIONED_IMMUTABLE_CATALOGUE_RECORD","APPROVED","POLICY_APPROVED_IMPLEMENTATION_PENDING","APPROVED: This immutable namespaced capability is the Phase 1 policy target; code, migration, and runtime evidence remain separate release gates.","docs/application-security-permission-catalogue.csv;docs/application-security-endpoint-decision-ledger.csv;docs/application-security-authentication-authorization-workflow.md","1","Security architecture review","2026-09-03T04:45:19.1230183Z"
"1.0","platform.blog.read","7F6CB6CA7E6FB372F8B01B2CD95C054A17F22680C6A152449C99AC3FBE7B8A0D","9331D230EB9B387DBA2200FC2ABC1C806B7A967C1C860FF871D1ED65EACE2D16","platform.blog.read","platform","BLOG","READ","ADMIN","16","PLATFORM_ROLE_ASSIGNABLE_ONLY_WITH_GRANT_AUTHORITY","STEP_UP_NOT_DEFAULT_REVIEW_IF_HIGH_IMPACT","VERSIONED_IMMUTABLE_CATALOGUE_RECORD","APPROVED","POLICY_APPROVED_IMPLEMENTATION_PENDING","APPROVED: This immutable namespaced capability is the Phase 1 policy target; code, migration, and runtime evidence remain separate release gates.","docs/application-security-permission-catalogue.csv;docs/application-security-endpoint-decision-ledger.csv;docs/application-security-authentication-authorization-workflow.md","1","Security architecture review","2026-09-03T04:45:19.1230183Z"
"1.0","platform.blog.reject","25802C1DF8AC82818AD93A63221B23CD87BC6F58C12A92FBEE4BC9B1DC590211","9331D230EB9B387DBA2200FC2ABC1C806B7A967C1C860FF871D1ED65EACE2D16","platform.blog.reject","platform","BLOG","SENSITIVE_REVIEW","ADMIN","1","PLATFORM_ROLE_ASSIGNABLE_ONLY_WITH_GRANT_AUTHORITY","MFA_AND_STEP_UP_REQUIRED_OR_DOCUMENTED_EXCEPTION","VERSIONED_IMMUTABLE_CATALOGUE_RECORD","APPROVED","POLICY_APPROVED_IMPLEMENTATION_PENDING","APPROVED: This immutable namespaced capability is the Phase 1 policy target; code, migration, and runtime evidence remain separate release gates.","docs/application-security-permission-catalogue.csv;docs/application-security-endpoint-decision-ledger.csv;docs/application-security-authentication-authorization-workflow.md","1","Security architecture review","2026-09-03T04:45:19.1230183Z"
"1.0","platform.catalog.delete","D2086B08B5404D683675EEA50ED5894F7A529B7072690E72BC7375624132CAF8","9331D230EB9B387DBA2200FC2ABC1C806B7A967C1C860FF871D1ED65EACE2D16","platform.catalog.delete","platform","CATALOG","SENSITIVE_REVIEW","ADMIN_LEGACY_ROUTE_REVIEW","11","PLATFORM_ROLE_ASSIGNABLE_ONLY_WITH_GRANT_AUTHORITY","MFA_AND_STEP_UP_REQUIRED_OR_DOCUMENTED_EXCEPTION","VERSIONED_IMMUTABLE_CATALOGUE_RECORD","APPROVED","POLICY_APPROVED_IMPLEMENTATION_PENDING","APPROVED: This immutable namespaced capability is the Phase 1 policy target; code, migration, and runtime evidence remain separate release gates.","docs/application-security-permission-catalogue.csv;docs/application-security-endpoint-decision-ledger.csv;docs/application-security-authentication-authorization-workflow.md","1","Security architecture review","2026-09-03T04:45:19.1230183Z"
"1.0","platform.catalog.generate","9FE758DA5932B3B24C215EA2506AB41340513C27D5D65717063E4F43A0D70F2E","9331D230EB9B387DBA2200FC2ABC1C806B7A967C1C860FF871D1ED65EACE2D16","platform.catalog.generate","platform","CATALOG","SENSITIVE_REVIEW","ADMIN_LEGACY_ROUTE_REVIEW","2","PLATFORM_ROLE_ASSIGNABLE_ONLY_WITH_GRANT_AUTHORITY","MFA_AND_STEP_UP_REQUIRED_OR_DOCUMENTED_EXCEPTION","VERSIONED_IMMUTABLE_CATALOGUE_RECORD","APPROVED","POLICY_APPROVED_IMPLEMENTATION_PENDING","APPROVED: This immutable namespaced capability is the Phase 1 policy target; code, migration, and runtime evidence remain separate release gates.","docs/application-security-permission-catalogue.csv;docs/application-security-endpoint-decision-ledger.csv;docs/application-security-authentication-authorization-workflow.md","1","Security architecture review","2026-09-03T04:45:19.1230183Z"
"1.0","platform.catalog.manage","D83B7E73DA0F2C4F6471E4F7365BA8F23F299127852C11BC1D1F6C7B3379FEE8","9331D230EB9B387DBA2200FC2ABC1C806B7A967C1C860FF871D1ED65EACE2D16","platform.catalog.manage","platform","CATALOG","MANAGE","ADMIN_LEGACY_ROUTE_REVIEW","12","PLATFORM_ROLE_ASSIGNABLE_ONLY_WITH_GRANT_AUTHORITY","STEP_UP_NOT_DEFAULT_REVIEW_IF_HIGH_IMPACT","VERSIONED_IMMUTABLE_CATALOGUE_RECORD","APPROVED","POLICY_APPROVED_IMPLEMENTATION_PENDING","APPROVED: This immutable namespaced capability is the Phase 1 policy target; code, migration, and runtime evidence remain separate release gates.","docs/application-security-permission-catalogue.csv;docs/application-security-endpoint-decision-ledger.csv;docs/application-security-authentication-authorization-workflow.md","1","Security architecture review","2026-09-03T04:45:19.1230183Z"
"1.0","platform.catalog.read","B039138881FD6010898C7EBE9CD9E367021FCA9E7A7A724D930FA6BF441548FA","9331D230EB9B387DBA2200FC2ABC1C806B7A967C1C860FF871D1ED65EACE2D16","platform.catalog.read","platform","CATALOG","READ","ADMIN_LEGACY_ROUTE_REVIEW","33","PLATFORM_ROLE_ASSIGNABLE_ONLY_WITH_GRANT_AUTHORITY","STEP_UP_NOT_DEFAULT_REVIEW_IF_HIGH_IMPACT","VERSIONED_IMMUTABLE_CATALOGUE_RECORD","APPROVED","POLICY_APPROVED_IMPLEMENTATION_PENDING","APPROVED: This immutable namespaced capability is the Phase 1 policy target; code, migration, and runtime evidence remain separate release gates.","docs/application-security-permission-catalogue.csv;docs/application-security-endpoint-decision-ledger.csv;docs/application-security-authentication-authorization-workflow.md","1","Security architecture review","2026-09-03T04:45:19.1230183Z"
"1.0","platform.catalog.seed","D702DD271BE71B2210E6696D01F6A4D056622F6621E7A8D8A6F66AD3844C1321","9331D230EB9B387DBA2200FC2ABC1C806B7A967C1C860FF871D1ED65EACE2D16","platform.catalog.seed","platform","CATALOG","SENSITIVE_REVIEW","ADMIN","2","PLATFORM_ROLE_ASSIGNABLE_ONLY_WITH_GRANT_AUTHORITY","MFA_AND_STEP_UP_REQUIRED_OR_DOCUMENTED_EXCEPTION","VERSIONED_IMMUTABLE_CATALOGUE_RECORD","APPROVED","POLICY_APPROVED_IMPLEMENTATION_PENDING","APPROVED: This immutable namespaced capability is the Phase 1 policy target; code, migration, and runtime evidence remain separate release gates.","docs/application-security-permission-catalogue.csv;docs/application-security-endpoint-decision-ledger.csv;docs/application-security-authentication-authorization-workflow.md","1","Security architecture review","2026-09-03T04:45:19.1230183Z"
"1.0","platform.commission.delete","CF378FAFD769B88574AC35ECA74CF0B59F7DD77D06746135CD3B9AE735A8104B","9331D230EB9B387DBA2200FC2ABC1C806B7A967C1C860FF871D1ED65EACE2D16","platform.commission.delete","platform","COMMISSION","SENSITIVE_REVIEW","ADMIN","1","PLATFORM_ROLE_ASSIGNABLE_ONLY_WITH_GRANT_AUTHORITY","MFA_AND_STEP_UP_REQUIRED_OR_DOCUMENTED_EXCEPTION","VERSIONED_IMMUTABLE_CATALOGUE_RECORD","APPROVED","POLICY_APPROVED_IMPLEMENTATION_PENDING","APPROVED: This immutable namespaced capability is the Phase 1 policy target; code, migration, and runtime evidence remain separate release gates.","docs/application-security-permission-catalogue.csv;docs/application-security-endpoint-decision-ledger.csv;docs/application-security-authentication-authorization-workflow.md","1","Security architecture review","2026-09-03T04:45:19.1230183Z"
"1.0","platform.commission.manage","15FB2ADCCD29105779205AB721039047A9C2DB9E9B0BC72A9BA68BF36E44BAAA","9331D230EB9B387DBA2200FC2ABC1C806B7A967C1C860FF871D1ED65EACE2D16","platform.commission.manage","platform","COMMISSION","MANAGE","ADMIN","4","PLATFORM_ROLE_ASSIGNABLE_ONLY_WITH_GRANT_AUTHORITY","STEP_UP_NOT_DEFAULT_REVIEW_IF_HIGH_IMPACT","VERSIONED_IMMUTABLE_CATALOGUE_RECORD","APPROVED","POLICY_APPROVED_IMPLEMENTATION_PENDING","APPROVED: This immutable namespaced capability is the Phase 1 policy target; code, migration, and runtime evidence remain separate release gates.","docs/application-security-permission-catalogue.csv;docs/application-security-endpoint-decision-ledger.csv;docs/application-security-authentication-authorization-workflow.md","1","Security architecture review","2026-09-03T04:45:19.1230183Z"
"1.0","platform.commission.read","3F0238DE9DE3175E2E808443245CB523A372AF73DDB9DDC16BB97F2E4E13DB52","9331D230EB9B387DBA2200FC2ABC1C806B7A967C1C860FF871D1ED65EACE2D16","platform.commission.read","platform","COMMISSION","READ","ADMIN","7","PLATFORM_ROLE_ASSIGNABLE_ONLY_WITH_GRANT_AUTHORITY","STEP_UP_NOT_DEFAULT_REVIEW_IF_HIGH_IMPACT","VERSIONED_IMMUTABLE_CATALOGUE_RECORD","APPROVED","POLICY_APPROVED_IMPLEMENTATION_PENDING","APPROVED: This immutable namespaced capability is the Phase 1 policy target; code, migration, and runtime evidence remain separate release gates.","docs/application-security-permission-catalogue.csv;docs/application-security-endpoint-decision-ledger.csv;docs/application-security-authentication-authorization-workflow.md","1","Security architecture review","2026-09-03T04:45:19.1230183Z"
"1.0","platform.communication.delete","2FAEDF290F820E2B1FDB5A488CCBB9CBF13FF17C138B4A5F303D5A2BA9598756","9331D230EB9B387DBA2200FC2ABC1C806B7A967C1C860FF871D1ED65EACE2D16","platform.communication.delete","platform","COMMUNICATION","SENSITIVE_REVIEW","ADMIN","3","PLATFORM_ROLE_ASSIGNABLE_ONLY_WITH_GRANT_AUTHORITY","MFA_AND_STEP_UP_REQUIRED_OR_DOCUMENTED_EXCEPTION","VERSIONED_IMMUTABLE_CATALOGUE_RECORD","APPROVED","POLICY_APPROVED_IMPLEMENTATION_PENDING","APPROVED: This immutable namespaced capability is the Phase 1 policy target; code, migration, and runtime evidence remain separate release gates.","docs/application-security-permission-catalogue.csv;docs/application-security-endpoint-decision-ledger.csv;docs/application-security-authentication-authorization-workflow.md","1","Security architecture review","2026-09-03T04:45:19.1230183Z"
"1.0","platform.communication.manage","E73150C8D97F7BD91A982797DE0523A61ADFE582C6F2C5EC2A307DFC840491F6","9331D230EB9B387DBA2200FC2ABC1C806B7A967C1C860FF871D1ED65EACE2D16","platform.communication.manage","platform","COMMUNICATION","MANAGE","ADMIN","5","PLATFORM_ROLE_ASSIGNABLE_ONLY_WITH_GRANT_AUTHORITY","STEP_UP_NOT_DEFAULT_REVIEW_IF_HIGH_IMPACT","VERSIONED_IMMUTABLE_CATALOGUE_RECORD","APPROVED","POLICY_APPROVED_IMPLEMENTATION_PENDING","APPROVED: This immutable namespaced capability is the Phase 1 policy target; code, migration, and runtime evidence remain separate release gates.","docs/application-security-permission-catalogue.csv;docs/application-security-endpoint-decision-ledger.csv;docs/application-security-authentication-authorization-workflow.md","1","Security architecture review","2026-09-03T04:45:19.1230183Z"
"1.0","platform.communication.read","F4B3BD4D447EB32B5756777C98A7D18E51C193E10527FA7618613FF2B75170CF","9331D230EB9B387DBA2200FC2ABC1C806B7A967C1C860FF871D1ED65EACE2D16","platform.communication.read","platform","COMMUNICATION","READ","ADMIN","23","PLATFORM_ROLE_ASSIGNABLE_ONLY_WITH_GRANT_AUTHORITY","STEP_UP_NOT_DEFAULT_REVIEW_IF_HIGH_IMPACT","VERSIONED_IMMUTABLE_CATALOGUE_RECORD","APPROVED","POLICY_APPROVED_IMPLEMENTATION_PENDING","APPROVED: This immutable namespaced capability is the Phase 1 policy target; code, migration, and runtime evidence remain separate release gates.","docs/application-security-permission-catalogue.csv;docs/application-security-endpoint-decision-ledger.csv;docs/application-security-authentication-authorization-workflow.md","1","Security architecture review","2026-09-03T04:45:19.1230183Z"
"1.0","platform.customer.account.manage","EDA7A32AC3F7862072433DBD2E40359769DBAD3AAA44711FA3DAB7A717727287","9331D230EB9B387DBA2200FC2ABC1C806B7A967C1C860FF871D1ED65EACE2D16","platform.customer.account.manage","platform","CUSTOMER_ACCOUNT","MANAGE","ADMIN","1","PLATFORM_ROLE_ASSIGNABLE_ONLY_WITH_GRANT_AUTHORITY","STEP_UP_NOT_DEFAULT_REVIEW_IF_HIGH_IMPACT","VERSIONED_IMMUTABLE_CATALOGUE_RECORD","APPROVED","POLICY_APPROVED_IMPLEMENTATION_PENDING","APPROVED: This immutable namespaced capability is the Phase 1 policy target; code, migration, and runtime evidence remain separate release gates.","docs/application-security-permission-catalogue.csv;docs/application-security-endpoint-decision-ledger.csv;docs/application-security-authentication-authorization-workflow.md","1","Security architecture review","2026-09-03T04:45:19.1230183Z"
"1.0","platform.customer.account.pdf","E79D4208A7A400EE450A1C1E4BAFDF1CCAD4712BEDD798AA9BE16FF4E071C398","9331D230EB9B387DBA2200FC2ABC1C806B7A967C1C860FF871D1ED65EACE2D16","platform.customer.account.pdf","platform","CUSTOMER_ACCOUNT","SENSITIVE_REVIEW","ADMIN","1","PLATFORM_ROLE_ASSIGNABLE_ONLY_WITH_GRANT_AUTHORITY","MFA_AND_STEP_UP_REQUIRED_OR_DOCUMENTED_EXCEPTION","VERSIONED_IMMUTABLE_CATALOGUE_RECORD","APPROVED","POLICY_APPROVED_IMPLEMENTATION_PENDING","APPROVED: This immutable namespaced capability is the Phase 1 policy target; code, migration, and runtime evidence remain separate release gates.","docs/application-security-permission-catalogue.csv;docs/application-security-endpoint-decision-ledger.csv;docs/application-security-authentication-authorization-workflow.md","1","Security architecture review","2026-09-03T04:45:19.1230183Z"
"1.0","platform.customer.account.read","5AB0A2498650C9D770305C77A16057AE572638DBE040261E60A384DA146A9F0B","9331D230EB9B387DBA2200FC2ABC1C806B7A967C1C860FF871D1ED65EACE2D16","platform.customer.account.read","platform","CUSTOMER_ACCOUNT","READ","ADMIN","3","PLATFORM_ROLE_ASSIGNABLE_ONLY_WITH_GRANT_AUTHORITY","STEP_UP_NOT_DEFAULT_REVIEW_IF_HIGH_IMPACT","VERSIONED_IMMUTABLE_CATALOGUE_RECORD","APPROVED","POLICY_APPROVED_IMPLEMENTATION_PENDING","APPROVED: This immutable namespaced capability is the Phase 1 policy target; code, migration, and runtime evidence remain separate release gates.","docs/application-security-permission-catalogue.csv;docs/application-security-endpoint-decision-ledger.csv;docs/application-security-authentication-authorization-workflow.md","1","Security architecture review","2026-09-03T04:45:19.1230183Z"
"1.0","platform.fraud.manage","B587D501B17FA4DF678DAFAB66117EE049BAFA099A483D0E2ED7A55A0C669BF5","9331D230EB9B387DBA2200FC2ABC1C806B7A967C1C860FF871D1ED65EACE2D16","platform.fraud.manage","platform","FRAUD","MANAGE","ADMIN","10","PLATFORM_ROLE_ASSIGNABLE_ONLY_WITH_GRANT_AUTHORITY","STEP_UP_NOT_DEFAULT_REVIEW_IF_HIGH_IMPACT","VERSIONED_IMMUTABLE_CATALOGUE_RECORD","APPROVED","POLICY_APPROVED_IMPLEMENTATION_PENDING","APPROVED: This immutable namespaced capability is the Phase 1 policy target; code, migration, and runtime evidence remain separate release gates.","docs/application-security-permission-catalogue.csv;docs/application-security-endpoint-decision-ledger.csv;docs/application-security-authentication-authorization-workflow.md","1","Security architecture review","2026-09-03T04:45:19.1230183Z"
"1.0","platform.fraud.read","F08249E58675ACC4FAA5C3908AD7E5FC2503069E7E619B2E7C44ED652B894908","9331D230EB9B387DBA2200FC2ABC1C806B7A967C1C860FF871D1ED65EACE2D16","platform.fraud.read","platform","FRAUD","READ","ADMIN","16","PLATFORM_ROLE_ASSIGNABLE_ONLY_WITH_GRANT_AUTHORITY","STEP_UP_NOT_DEFAULT_REVIEW_IF_HIGH_IMPACT","VERSIONED_IMMUTABLE_CATALOGUE_RECORD","APPROVED","POLICY_APPROVED_IMPLEMENTATION_PENDING","APPROVED: This immutable namespaced capability is the Phase 1 policy target; code, migration, and runtime evidence remain separate release gates.","docs/application-security-permission-catalogue.csv;docs/application-security-endpoint-decision-ledger.csv;docs/application-security-authentication-authorization-workflow.md","1","Security architecture review","2026-09-03T04:45:19.1230183Z"
"1.0","platform.general.read","E455F125FDDC81557B427A0DABA7C41F54DC0F918A4964A74AA9A4633C4D3A75","9331D230EB9B387DBA2200FC2ABC1C806B7A967C1C860FF871D1ED65EACE2D16","platform.general.read","platform","GENERAL","READ","ADMIN","3","PLATFORM_ROLE_ASSIGNABLE_ONLY_WITH_GRANT_AUTHORITY","STEP_UP_NOT_DEFAULT_REVIEW_IF_HIGH_IMPACT","VERSIONED_IMMUTABLE_CATALOGUE_RECORD","APPROVED","POLICY_APPROVED_IMPLEMENTATION_PENDING","APPROVED: This immutable namespaced capability is the Phase 1 policy target; code, migration, and runtime evidence remain separate release gates.","docs/application-security-permission-catalogue.csv;docs/application-security-endpoint-decision-ledger.csv;docs/application-security-authentication-authorization-workflow.md","1","Security architecture review","2026-09-03T04:45:19.1230183Z"
"1.0","platform.iam.manage","96D85FE899A9A5CD2A81CB2C322B61B47D7DBDB248AC10B1CB14DCD5BA0044AA","9331D230EB9B387DBA2200FC2ABC1C806B7A967C1C860FF871D1ED65EACE2D16","platform.iam.manage","platform","IAM","MANAGE|SENSITIVE_REVIEW","ADMIN","2","PLATFORM_ROLE_ASSIGNABLE_ONLY_WITH_GRANT_AUTHORITY","MFA_AND_STEP_UP_REQUIRED_OR_DOCUMENTED_EXCEPTION","VERSIONED_IMMUTABLE_CATALOGUE_RECORD","IMPLEMENTED","SOURCE_IMPLEMENTED_PENDING_MIGRATION_AND_RUNTIME_PROOF","IMPLEMENTED: Existing platform-IAM capability has source controller and service security evidence; migration and runtime proof remain outstanding.","docs/application-security-permission-catalogue.csv;docs/application-security-endpoint-decision-ledger.csv;docs/application-security-authentication-authorization-workflow.md","1","Security architecture review","2026-09-03T04:45:19.1230183Z"
"1.0","platform.iam.protected.manage","A4BA589F4861FF14BABF3B666830C9BB39D505E4C26578B517244F422ECC8A4F","9331D230EB9B387DBA2200FC2ABC1C806B7A967C1C860FF871D1ED65EACE2D16","platform.iam.protected.manage","platform","IAM","MANAGE|SENSITIVE_REVIEW","ADMIN","4","PROTECTED_BREAK_GLASS_ROLE_ONLY","MFA_AND_STEP_UP_REQUIRED_OR_DOCUMENTED_EXCEPTION","VERSIONED_IMMUTABLE_CATALOGUE_RECORD","IMPLEMENTED","SOURCE_IMPLEMENTED_PENDING_MIGRATION_AND_RUNTIME_PROOF","IMPLEMENTED: Existing platform-IAM capability has source controller and service security evidence; migration and runtime proof remain outstanding.","docs/application-security-permission-catalogue.csv;docs/application-security-endpoint-decision-ledger.csv;docs/application-security-authentication-authorization-workflow.md","1","Security architecture review","2026-09-03T04:45:19.1230183Z"
"1.0","platform.iam.read","039BB9A117B1FF25FCFDEA45AB77E4DF331F99889627C3F0204CFEE84144A5B6","9331D230EB9B387DBA2200FC2ABC1C806B7A967C1C860FF871D1ED65EACE2D16","platform.iam.read","platform","IAM","READ","ADMIN","12","PLATFORM_ROLE_ASSIGNABLE_ONLY_WITH_GRANT_AUTHORITY","STEP_UP_NOT_DEFAULT_REVIEW_IF_HIGH_IMPACT","VERSIONED_IMMUTABLE_CATALOGUE_RECORD","IMPLEMENTED","SOURCE_IMPLEMENTED_PENDING_MIGRATION_AND_RUNTIME_PROOF","IMPLEMENTED: Existing platform-IAM capability has source controller and service security evidence; migration and runtime proof remain outstanding.","docs/application-security-permission-catalogue.csv;docs/application-security-endpoint-decision-ledger.csv;docs/application-security-authentication-authorization-workflow.md","1","Security architecture review","2026-09-03T04:45:19.1230183Z"
"1.0","platform.identity.access.delete","C0F5337424611DDE3AFF09C04AA2E2FF77CC750A56890784B9CCBFA5190F4176","9331D230EB9B387DBA2200FC2ABC1C806B7A967C1C860FF871D1ED65EACE2D16","platform.identity.access.delete","platform","IDENTITY_ACCESS","SENSITIVE_REVIEW","ADMIN","2","PLATFORM_ROLE_ASSIGNABLE_ONLY_WITH_GRANT_AUTHORITY","MFA_AND_STEP_UP_REQUIRED_OR_DOCUMENTED_EXCEPTION","VERSIONED_IMMUTABLE_CATALOGUE_RECORD","APPROVED","POLICY_APPROVED_IMPLEMENTATION_PENDING","APPROVED: This immutable namespaced capability is the Phase 1 policy target; code, migration, and runtime evidence remain separate release gates.","docs/application-security-permission-catalogue.csv;docs/application-security-endpoint-decision-ledger.csv;docs/application-security-authentication-authorization-workflow.md","1","Security architecture review","2026-09-03T04:45:19.1230183Z"
"1.0","platform.identity.access.manage","B018090FFA191FC53D4201F2733D8C5501817C43BDB9FA6140B12F2ED2821EE7","9331D230EB9B387DBA2200FC2ABC1C806B7A967C1C860FF871D1ED65EACE2D16","platform.identity.access.manage","platform","IDENTITY_ACCESS","MANAGE","ADMIN","10","PLATFORM_ROLE_ASSIGNABLE_ONLY_WITH_GRANT_AUTHORITY","STEP_UP_NOT_DEFAULT_REVIEW_IF_HIGH_IMPACT","VERSIONED_IMMUTABLE_CATALOGUE_RECORD","APPROVED","POLICY_APPROVED_IMPLEMENTATION_PENDING","APPROVED: This immutable namespaced capability is the Phase 1 policy target; code, migration, and runtime evidence remain separate release gates.","docs/application-security-permission-catalogue.csv;docs/application-security-endpoint-decision-ledger.csv;docs/application-security-authentication-authorization-workflow.md","1","Security architecture review","2026-09-03T04:45:19.1230183Z"
"1.0","platform.identity.access.read","F5317E32DC57DACD6B03013BD798F6EFFBBE33E04984A96013541F35CC94DA6F","9331D230EB9B387DBA2200FC2ABC1C806B7A967C1C860FF871D1ED65EACE2D16","platform.identity.access.read","platform","IDENTITY_ACCESS","READ","ADMIN","17","PLATFORM_ROLE_ASSIGNABLE_ONLY_WITH_GRANT_AUTHORITY","STEP_UP_NOT_DEFAULT_REVIEW_IF_HIGH_IMPACT","VERSIONED_IMMUTABLE_CATALOGUE_RECORD","APPROVED","POLICY_APPROVED_IMPLEMENTATION_PENDING","APPROVED: This immutable namespaced capability is the Phase 1 policy target; code, migration, and runtime evidence remain separate release gates.","docs/application-security-permission-catalogue.csv;docs/application-security-endpoint-decision-ledger.csv;docs/application-security-authentication-authorization-workflow.md","1","Security architecture review","2026-09-03T04:45:19.1230183Z"
"1.0","platform.identity.access.seed","BF4ADBA94A653B1CDE2104CC53A71C5704E8E75934DBB198A4C33CADDAB0D53D","9331D230EB9B387DBA2200FC2ABC1C806B7A967C1C860FF871D1ED65EACE2D16","platform.identity.access.seed","platform","IDENTITY_ACCESS","SENSITIVE_REVIEW","ADMIN","1","PLATFORM_ROLE_ASSIGNABLE_ONLY_WITH_GRANT_AUTHORITY","MFA_AND_STEP_UP_REQUIRED_OR_DOCUMENTED_EXCEPTION","VERSIONED_IMMUTABLE_CATALOGUE_RECORD","APPROVED","POLICY_APPROVED_IMPLEMENTATION_PENDING","APPROVED: This immutable namespaced capability is the Phase 1 policy target; code, migration, and runtime evidence remain separate release gates.","docs/application-security-permission-catalogue.csv;docs/application-security-endpoint-decision-ledger.csv;docs/application-security-authentication-authorization-workflow.md","1","Security architecture review","2026-09-03T04:45:19.1230183Z"
"1.0","platform.identity.password.reset","8F0ED5F1A651DC56F1D595A1DC1685393ED3DC653E349EF1038C75059FE9E7D9","9331D230EB9B387DBA2200FC2ABC1C806B7A967C1C860FF871D1ED65EACE2D16","platform.identity.password.reset","platform","IDENTITY_ACCESS","SENSITIVE_REVIEW","ADMIN","3","PLATFORM_ROLE_ASSIGNABLE_ONLY_WITH_GRANT_AUTHORITY","MFA_AND_STEP_UP_REQUIRED_OR_DOCUMENTED_EXCEPTION","VERSIONED_IMMUTABLE_CATALOGUE_RECORD","APPROVED","POLICY_APPROVED_IMPLEMENTATION_PENDING","APPROVED: This immutable namespaced capability is the Phase 1 policy target; code, migration, and runtime evidence remain separate release gates.","docs/application-security-permission-catalogue.csv;docs/application-security-endpoint-decision-ledger.csv;docs/application-security-authentication-authorization-workflow.md","1","Security architecture review","2026-09-03T04:45:19.1230183Z"
"1.0","platform.identity.user.manage","83802BE7F9888F0CC6F6092B71972E790AB03511CE39786242F35A282AEA159E","9331D230EB9B387DBA2200FC2ABC1C806B7A967C1C860FF871D1ED65EACE2D16","platform.identity.user.manage","platform","IDENTITY_ACCESS|PROMOTION_REWARDS","MANAGE|READ|SENSITIVE_REVIEW","ADMIN","6","PLATFORM_ROLE_ASSIGNABLE_ONLY_WITH_GRANT_AUTHORITY","MFA_AND_STEP_UP_REQUIRED_OR_DOCUMENTED_EXCEPTION","VERSIONED_IMMUTABLE_CATALOGUE_RECORD","APPROVED","POLICY_APPROVED_IMPLEMENTATION_PENDING","APPROVED: This immutable namespaced capability is the Phase 1 policy target; code, migration, and runtime evidence remain separate release gates.","docs/application-security-permission-catalogue.csv;docs/application-security-endpoint-decision-ledger.csv;docs/application-security-authentication-authorization-workflow.md","1","Security architecture review","2026-09-03T04:45:19.1230183Z"
"1.0","platform.identity.user.read","0A4B6D21BA00BBBF92A5AB7B2CD62F5D3E1928A5F556011BBFB27256EBD5E3B7","9331D230EB9B387DBA2200FC2ABC1C806B7A967C1C860FF871D1ED65EACE2D16","platform.identity.user.read","platform","IDENTITY_ACCESS","READ","ADMIN","8","PLATFORM_ROLE_ASSIGNABLE_ONLY_WITH_GRANT_AUTHORITY","STEP_UP_NOT_DEFAULT_REVIEW_IF_HIGH_IMPACT","VERSIONED_IMMUTABLE_CATALOGUE_RECORD","APPROVED","POLICY_APPROVED_IMPLEMENTATION_PENDING","APPROVED: This immutable namespaced capability is the Phase 1 policy target; code, migration, and runtime evidence remain separate release gates.","docs/application-security-permission-catalogue.csv;docs/application-security-endpoint-decision-ledger.csv;docs/application-security-authentication-authorization-workflow.md","1","Security architecture review","2026-09-03T04:45:19.1230183Z"
"1.0","platform.inventory.manage","9114F265F87FE4304947B3C9D8F2E1D9AB40509BE50A82971F7A4020AF1F8FCE","9331D230EB9B387DBA2200FC2ABC1C806B7A967C1C860FF871D1ED65EACE2D16","platform.inventory.manage","platform","INVENTORY","MANAGE","ADMIN","2","PLATFORM_ROLE_ASSIGNABLE_ONLY_WITH_GRANT_AUTHORITY","STEP_UP_NOT_DEFAULT_REVIEW_IF_HIGH_IMPACT","VERSIONED_IMMUTABLE_CATALOGUE_RECORD","APPROVED","POLICY_APPROVED_IMPLEMENTATION_PENDING","APPROVED: This immutable namespaced capability is the Phase 1 policy target; code, migration, and runtime evidence remain separate release gates.","docs/application-security-permission-catalogue.csv;docs/application-security-endpoint-decision-ledger.csv;docs/application-security-authentication-authorization-workflow.md","1","Security architecture review","2026-09-03T04:45:19.1230183Z"
"1.0","platform.inventory.pdf","2EF11C0E31B528E8FC603654D2DD8DA2732E4F6386766F5568949E71BCF985F6","9331D230EB9B387DBA2200FC2ABC1C806B7A967C1C860FF871D1ED65EACE2D16","platform.inventory.pdf","platform","INVENTORY","SENSITIVE_REVIEW","ADMIN","1","PLATFORM_ROLE_ASSIGNABLE_ONLY_WITH_GRANT_AUTHORITY","MFA_AND_STEP_UP_REQUIRED_OR_DOCUMENTED_EXCEPTION","VERSIONED_IMMUTABLE_CATALOGUE_RECORD","APPROVED","POLICY_APPROVED_IMPLEMENTATION_PENDING","APPROVED: This immutable namespaced capability is the Phase 1 policy target; code, migration, and runtime evidence remain separate release gates.","docs/application-security-permission-catalogue.csv;docs/application-security-endpoint-decision-ledger.csv;docs/application-security-authentication-authorization-workflow.md","1","Security architecture review","2026-09-03T04:45:19.1230183Z"
"1.0","platform.inventory.read","C72634F9C145883B3910EF0168B9E22E6AD43F6453E258ADE7F14724EB00DE39","9331D230EB9B387DBA2200FC2ABC1C806B7A967C1C860FF871D1ED65EACE2D16","platform.inventory.read","platform","INVENTORY","READ","ADMIN","4","PLATFORM_ROLE_ASSIGNABLE_ONLY_WITH_GRANT_AUTHORITY","STEP_UP_NOT_DEFAULT_REVIEW_IF_HIGH_IMPACT","VERSIONED_IMMUTABLE_CATALOGUE_RECORD","APPROVED","POLICY_APPROVED_IMPLEMENTATION_PENDING","APPROVED: This immutable namespaced capability is the Phase 1 policy target; code, migration, and runtime evidence remain separate release gates.","docs/application-security-permission-catalogue.csv;docs/application-security-endpoint-decision-ledger.csv;docs/application-security-authentication-authorization-workflow.md","1","Security architecture review","2026-09-03T04:45:19.1230183Z"
"1.0","platform.order.payment.manage","DB897D741BE5F089E4DACB5EF972CC432E87FDC1F2659CB4B4D90D58C5ABAA7A","9331D230EB9B387DBA2200FC2ABC1C806B7A967C1C860FF871D1ED65EACE2D16","platform.order.payment.manage","platform","ORDER_PAYMENT","MANAGE","ADMIN","3","PLATFORM_ROLE_ASSIGNABLE_ONLY_WITH_GRANT_AUTHORITY","STEP_UP_NOT_DEFAULT_REVIEW_IF_HIGH_IMPACT","VERSIONED_IMMUTABLE_CATALOGUE_RECORD","APPROVED","POLICY_APPROVED_IMPLEMENTATION_PENDING","APPROVED: This immutable namespaced capability is the Phase 1 policy target; code, migration, and runtime evidence remain separate release gates.","docs/application-security-permission-catalogue.csv;docs/application-security-endpoint-decision-ledger.csv;docs/application-security-authentication-authorization-workflow.md","1","Security architecture review","2026-09-03T04:45:19.1230183Z"
"1.0","platform.order.payment.pdf","2AF7142E6B222B0AA9EEDDCA7C2616ECE0F72516F8F3CB9EBBFCA16F6D33C7BE","9331D230EB9B387DBA2200FC2ABC1C806B7A967C1C860FF871D1ED65EACE2D16","platform.order.payment.pdf","platform","ORDER_PAYMENT","SENSITIVE_REVIEW","ADMIN","1","PLATFORM_ROLE_ASSIGNABLE_ONLY_WITH_GRANT_AUTHORITY","MFA_AND_STEP_UP_REQUIRED_OR_DOCUMENTED_EXCEPTION","VERSIONED_IMMUTABLE_CATALOGUE_RECORD","APPROVED","POLICY_APPROVED_IMPLEMENTATION_PENDING","APPROVED: This immutable namespaced capability is the Phase 1 policy target; code, migration, and runtime evidence remain separate release gates.","docs/application-security-permission-catalogue.csv;docs/application-security-endpoint-decision-ledger.csv;docs/application-security-authentication-authorization-workflow.md","1","Security architecture review","2026-09-03T04:45:19.1230183Z"
"1.0","platform.order.payment.read","0FCC21F818BB5C0B6F3FB7EEDF3367D2DAD47A0A6CD4CEB7F6C4DFFFC6CB916F","9331D230EB9B387DBA2200FC2ABC1C806B7A967C1C860FF871D1ED65EACE2D16","platform.order.payment.read","platform","ORDER_PAYMENT","READ","ADMIN","11","PLATFORM_ROLE_ASSIGNABLE_ONLY_WITH_GRANT_AUTHORITY","STEP_UP_NOT_DEFAULT_REVIEW_IF_HIGH_IMPACT","VERSIONED_IMMUTABLE_CATALOGUE_RECORD","APPROVED","POLICY_APPROVED_IMPLEMENTATION_PENDING","APPROVED: This immutable namespaced capability is the Phase 1 policy target; code, migration, and runtime evidence remain separate release gates.","docs/application-security-permission-catalogue.csv;docs/application-security-endpoint-decision-ledger.csv;docs/application-security-authentication-authorization-workflow.md","1","Security architecture review","2026-09-03T04:45:19.1230183Z"
"1.0","platform.order.payment.refund","3E8B505D4A35F4467BF6E35AC496E6DBC507ED1DC382C9C5AF79563DAAEC5476","9331D230EB9B387DBA2200FC2ABC1C806B7A967C1C860FF871D1ED65EACE2D16","platform.order.payment.refund","platform","ORDER_PAYMENT","SENSITIVE_REVIEW","ADMIN","10","PLATFORM_ROLE_ASSIGNABLE_ONLY_WITH_GRANT_AUTHORITY","MFA_AND_STEP_UP_REQUIRED_OR_DOCUMENTED_EXCEPTION","VERSIONED_IMMUTABLE_CATALOGUE_RECORD","APPROVED","POLICY_APPROVED_IMPLEMENTATION_PENDING","APPROVED: This immutable namespaced capability is the Phase 1 policy target; code, migration, and runtime evidence remain separate release gates.","docs/application-security-permission-catalogue.csv;docs/application-security-endpoint-decision-ledger.csv;docs/application-security-authentication-authorization-workflow.md","1","Security architecture review","2026-09-03T04:45:19.1230183Z"
"1.0","platform.promotion.rewards.approve","8E4E4852FE00EDA6E5F59729591DB0C0026AAF20CE90B2196573D671224047C9","9331D230EB9B387DBA2200FC2ABC1C806B7A967C1C860FF871D1ED65EACE2D16","platform.promotion.rewards.approve","platform","PROMOTION_REWARDS","SENSITIVE_REVIEW","ADMIN|ADMIN_LEGACY_ROUTE_REVIEW","2","PLATFORM_ROLE_ASSIGNABLE_ONLY_WITH_GRANT_AUTHORITY","MFA_AND_STEP_UP_REQUIRED_OR_DOCUMENTED_EXCEPTION","VERSIONED_IMMUTABLE_CATALOGUE_RECORD","APPROVED","POLICY_APPROVED_IMPLEMENTATION_PENDING","APPROVED: This immutable namespaced capability is the Phase 1 policy target; code, migration, and runtime evidence remain separate release gates.","docs/application-security-permission-catalogue.csv;docs/application-security-endpoint-decision-ledger.csv;docs/application-security-authentication-authorization-workflow.md","1","Security architecture review","2026-09-03T04:45:19.1230183Z"
"1.0","platform.promotion.rewards.delete","B5CC14A3585649BC1256B204DB95F6072BC94BF4ADF9A0AA4EBBC18C9819ACA0","9331D230EB9B387DBA2200FC2ABC1C806B7A967C1C860FF871D1ED65EACE2D16","platform.promotion.rewards.delete","platform","PROMOTION_REWARDS","SENSITIVE_REVIEW","ADMIN_LEGACY_ROUTE_REVIEW","6","PLATFORM_ROLE_ASSIGNABLE_ONLY_WITH_GRANT_AUTHORITY","MFA_AND_STEP_UP_REQUIRED_OR_DOCUMENTED_EXCEPTION","VERSIONED_IMMUTABLE_CATALOGUE_RECORD","APPROVED","POLICY_APPROVED_IMPLEMENTATION_PENDING","APPROVED: This immutable namespaced capability is the Phase 1 policy target; code, migration, and runtime evidence remain separate release gates.","docs/application-security-permission-catalogue.csv;docs/application-security-endpoint-decision-ledger.csv;docs/application-security-authentication-authorization-workflow.md","1","Security architecture review","2026-09-03T04:45:19.1230183Z"
"1.0","platform.promotion.rewards.manage","E780602E23EFB315FAB88BC060636318E2B3F332D386433D7C3FE32A6E85B07F","9331D230EB9B387DBA2200FC2ABC1C806B7A967C1C860FF871D1ED65EACE2D16","platform.promotion.rewards.manage","platform","PROMOTION_REWARDS","MANAGE","ADMIN|ADMIN_LEGACY_ROUTE_REVIEW","9","PLATFORM_ROLE_ASSIGNABLE_ONLY_WITH_GRANT_AUTHORITY","STEP_UP_NOT_DEFAULT_REVIEW_IF_HIGH_IMPACT","VERSIONED_IMMUTABLE_CATALOGUE_RECORD","APPROVED","POLICY_APPROVED_IMPLEMENTATION_PENDING","APPROVED: This immutable namespaced capability is the Phase 1 policy target; code, migration, and runtime evidence remain separate release gates.","docs/application-security-permission-catalogue.csv;docs/application-security-endpoint-decision-ledger.csv;docs/application-security-authentication-authorization-workflow.md","1","Security architecture review","2026-09-03T04:45:19.1230183Z"
"1.0","platform.promotion.rewards.read","CC99707AB01B6EEC822E6E486B4DECD3E5E202E64BC38ED16650E30B60B7E10C","9331D230EB9B387DBA2200FC2ABC1C806B7A967C1C860FF871D1ED65EACE2D16","platform.promotion.rewards.read","platform","PROMOTION_REWARDS","READ","ADMIN|ADMIN_LEGACY_ROUTE_REVIEW","38","PLATFORM_ROLE_ASSIGNABLE_ONLY_WITH_GRANT_AUTHORITY","STEP_UP_NOT_DEFAULT_REVIEW_IF_HIGH_IMPACT","VERSIONED_IMMUTABLE_CATALOGUE_RECORD","APPROVED","POLICY_APPROVED_IMPLEMENTATION_PENDING","APPROVED: This immutable namespaced capability is the Phase 1 policy target; code, migration, and runtime evidence remain separate release gates.","docs/application-security-permission-catalogue.csv;docs/application-security-endpoint-decision-ledger.csv;docs/application-security-authentication-authorization-workflow.md","1","Security architecture review","2026-09-03T04:45:19.1230183Z"
"1.0","platform.promotion.rewards.reject","B126406096759434E849E7517CFB72E2A4A093F8B8FFEE3B5BA73FE0C6CA4272","9331D230EB9B387DBA2200FC2ABC1C806B7A967C1C860FF871D1ED65EACE2D16","platform.promotion.rewards.reject","platform","PROMOTION_REWARDS","SENSITIVE_REVIEW","ADMIN|ADMIN_LEGACY_ROUTE_REVIEW","2","PLATFORM_ROLE_ASSIGNABLE_ONLY_WITH_GRANT_AUTHORITY","MFA_AND_STEP_UP_REQUIRED_OR_DOCUMENTED_EXCEPTION","VERSIONED_IMMUTABLE_CATALOGUE_RECORD","APPROVED","POLICY_APPROVED_IMPLEMENTATION_PENDING","APPROVED: This immutable namespaced capability is the Phase 1 policy target; code, migration, and runtime evidence remain separate release gates.","docs/application-security-permission-catalogue.csv;docs/application-security-endpoint-decision-ledger.csv;docs/application-security-authentication-authorization-workflow.md","1","Security architecture review","2026-09-03T04:45:19.1230183Z"
"1.0","platform.review.rating.delete","462695C9A1191BCF99818EBC4EB6B73B64F214C0D12357D39CE542662CA81230","9331D230EB9B387DBA2200FC2ABC1C806B7A967C1C860FF871D1ED65EACE2D16","platform.review.rating.delete","platform","REVIEW_RATING","SENSITIVE_REVIEW","ADMIN|ADMIN_LEGACY_ROUTE_REVIEW","2","PLATFORM_ROLE_ASSIGNABLE_ONLY_WITH_GRANT_AUTHORITY","MFA_AND_STEP_UP_REQUIRED_OR_DOCUMENTED_EXCEPTION","VERSIONED_IMMUTABLE_CATALOGUE_RECORD","APPROVED","POLICY_APPROVED_IMPLEMENTATION_PENDING","APPROVED: This immutable namespaced capability is the Phase 1 policy target; code, migration, and runtime evidence remain separate release gates.","docs/application-security-permission-catalogue.csv;docs/application-security-endpoint-decision-ledger.csv;docs/application-security-authentication-authorization-workflow.md","1","Security architecture review","2026-09-03T04:45:19.1230183Z"
"1.0","platform.review.rating.manage","1272E262B0464850B3DA758C0653EB63E92FE4F377EDA85A59475D4B2903D1E0","9331D230EB9B387DBA2200FC2ABC1C806B7A967C1C860FF871D1ED65EACE2D16","platform.review.rating.manage","platform","REVIEW_RATING","MANAGE","ADMIN|ADMIN_LEGACY_ROUTE_REVIEW","2","PLATFORM_ROLE_ASSIGNABLE_ONLY_WITH_GRANT_AUTHORITY","STEP_UP_NOT_DEFAULT_REVIEW_IF_HIGH_IMPACT","VERSIONED_IMMUTABLE_CATALOGUE_RECORD","APPROVED","POLICY_APPROVED_IMPLEMENTATION_PENDING","APPROVED: This immutable namespaced capability is the Phase 1 policy target; code, migration, and runtime evidence remain separate release gates.","docs/application-security-permission-catalogue.csv;docs/application-security-endpoint-decision-ledger.csv;docs/application-security-authentication-authorization-workflow.md","1","Security architecture review","2026-09-03T04:45:19.1230183Z"
"1.0","platform.review.rating.read","384C0236298EEA6B6BCEC13F39B853953ECA831787F7F09702FCBD63A029F74B","9331D230EB9B387DBA2200FC2ABC1C806B7A967C1C860FF871D1ED65EACE2D16","platform.review.rating.read","platform","REVIEW_RATING","READ","ADMIN|ADMIN_LEGACY_ROUTE_REVIEW","6","PLATFORM_ROLE_ASSIGNABLE_ONLY_WITH_GRANT_AUTHORITY","STEP_UP_NOT_DEFAULT_REVIEW_IF_HIGH_IMPACT","VERSIONED_IMMUTABLE_CATALOGUE_RECORD","APPROVED","POLICY_APPROVED_IMPLEMENTATION_PENDING","APPROVED: This immutable namespaced capability is the Phase 1 policy target; code, migration, and runtime evidence remain separate release gates.","docs/application-security-permission-catalogue.csv;docs/application-security-endpoint-decision-ledger.csv;docs/application-security-authentication-authorization-workflow.md","1","Security architecture review","2026-09-03T04:45:19.1230183Z"
"1.0","platform.security.audit.read","F9F6E5B5D09158791957F2003C74BC58599285D720902A6DF6E81A7DBFEF07D0","9331D230EB9B387DBA2200FC2ABC1C806B7A967C1C860FF871D1ED65EACE2D16","platform.security.audit.read","platform","IDENTITY_ACCESS","READ","ADMIN","2","PLATFORM_ROLE_ASSIGNABLE_ONLY_WITH_GRANT_AUTHORITY","STEP_UP_NOT_DEFAULT_REVIEW_IF_HIGH_IMPACT","VERSIONED_IMMUTABLE_CATALOGUE_RECORD","IMPLEMENTED","SOURCE_IMPLEMENTED_PENDING_MIGRATION_AND_RUNTIME_PROOF","IMPLEMENTED: Security-audit capability has source controller and service security evidence with raw session identifiers removed from the admin view; migration and runtime proof remain outstanding.","docs/application-security-permission-catalogue.csv;docs/application-security-endpoint-decision-ledger.csv;docs/application-security-authentication-authorization-workflow.md","1","Security architecture review","2026-09-03T04:45:19.1230183Z"
"1.0","platform.shipping.delete","CE6BA36A9F8D1DE936A8E786331F5AA66FD555C81E2FD12243D3D93D9C4C3C7C","9331D230EB9B387DBA2200FC2ABC1C806B7A967C1C860FF871D1ED65EACE2D16","platform.shipping.delete","platform","SHIPPING","SENSITIVE_REVIEW","ADMIN|ADMIN_LEGACY_ROUTE_REVIEW","12","PLATFORM_ROLE_ASSIGNABLE_ONLY_WITH_GRANT_AUTHORITY","MFA_AND_STEP_UP_REQUIRED_OR_DOCUMENTED_EXCEPTION","VERSIONED_IMMUTABLE_CATALOGUE_RECORD","APPROVED","POLICY_APPROVED_IMPLEMENTATION_PENDING","APPROVED: This immutable namespaced capability is the Phase 1 policy target; code, migration, and runtime evidence remain separate release gates.","docs/application-security-permission-catalogue.csv;docs/application-security-endpoint-decision-ledger.csv;docs/application-security-authentication-authorization-workflow.md","1","Security architecture review","2026-09-03T04:45:19.1230183Z"
"1.0","platform.shipping.generate","1E510F85BF21694C74C5DCAFFC14C818CCBFBD0114AAA27627FCA25DA61574B5","9331D230EB9B387DBA2200FC2ABC1C806B7A967C1C860FF871D1ED65EACE2D16","platform.shipping.generate","platform","SHIPPING","SENSITIVE_REVIEW","ADMIN","1","PLATFORM_ROLE_ASSIGNABLE_ONLY_WITH_GRANT_AUTHORITY","MFA_AND_STEP_UP_REQUIRED_OR_DOCUMENTED_EXCEPTION","VERSIONED_IMMUTABLE_CATALOGUE_RECORD","APPROVED","POLICY_APPROVED_IMPLEMENTATION_PENDING","APPROVED: This immutable namespaced capability is the Phase 1 policy target; code, migration, and runtime evidence remain separate release gates.","docs/application-security-permission-catalogue.csv;docs/application-security-endpoint-decision-ledger.csv;docs/application-security-authentication-authorization-workflow.md","1","Security architecture review","2026-09-03T04:45:19.1230183Z"
"1.0","platform.shipping.manage","F12F35D41C22D97B076BFC3BE5C28C1A22CA1B2756894B38CEABF4F491E56308","9331D230EB9B387DBA2200FC2ABC1C806B7A967C1C860FF871D1ED65EACE2D16","platform.shipping.manage","platform","SHIPPING","MANAGE","ADMIN|ADMIN_LEGACY_ROUTE_REVIEW","13","PLATFORM_ROLE_ASSIGNABLE_ONLY_WITH_GRANT_AUTHORITY","STEP_UP_NOT_DEFAULT_REVIEW_IF_HIGH_IMPACT","VERSIONED_IMMUTABLE_CATALOGUE_RECORD","APPROVED","POLICY_APPROVED_IMPLEMENTATION_PENDING","APPROVED: This immutable namespaced capability is the Phase 1 policy target; code, migration, and runtime evidence remain separate release gates.","docs/application-security-permission-catalogue.csv;docs/application-security-endpoint-decision-ledger.csv;docs/application-security-authentication-authorization-workflow.md","1","Security architecture review","2026-09-03T04:45:19.1230183Z"
"1.0","platform.shipping.read","48C073A8E95A76722DB251EB097D8B5A091C2055BBC48F3E71BBFC28A4B9D84E","9331D230EB9B387DBA2200FC2ABC1C806B7A967C1C860FF871D1ED65EACE2D16","platform.shipping.read","platform","SHIPPING","READ","ADMIN|ADMIN_LEGACY_ROUTE_REVIEW","34","PLATFORM_ROLE_ASSIGNABLE_ONLY_WITH_GRANT_AUTHORITY","STEP_UP_NOT_DEFAULT_REVIEW_IF_HIGH_IMPACT","VERSIONED_IMMUTABLE_CATALOGUE_RECORD","APPROVED","POLICY_APPROVED_IMPLEMENTATION_PENDING","APPROVED: This immutable namespaced capability is the Phase 1 policy target; code, migration, and runtime evidence remain separate release gates.","docs/application-security-permission-catalogue.csv;docs/application-security-endpoint-decision-ledger.csv;docs/application-security-authentication-authorization-workflow.md","1","Security architecture review","2026-09-03T04:45:19.1230183Z"
"1.0","platform.vendor.management.delete","29BCFCFD2BE6866109FD3A89BC771A46AF6A8F2DD51A19BD62B19DC92415D95A","9331D230EB9B387DBA2200FC2ABC1C806B7A967C1C860FF871D1ED65EACE2D16","platform.vendor.management.delete","platform","VENDOR_MANAGEMENT","SENSITIVE_REVIEW","ADMIN","4","PLATFORM_ROLE_ASSIGNABLE_ONLY_WITH_GRANT_AUTHORITY","MFA_AND_STEP_UP_REQUIRED_OR_DOCUMENTED_EXCEPTION","VERSIONED_IMMUTABLE_CATALOGUE_RECORD","IMPLEMENTED","SOURCE_IMPLEMENTED_PENDING_MIGRATION_AND_RUNTIME_PROOF","IMPLEMENTED: Platform vendor-IAM capability has source controller and service security evidence; migration and runtime proof remain outstanding.","docs/application-security-permission-catalogue.csv;docs/application-security-endpoint-decision-ledger.csv;docs/application-security-authentication-authorization-workflow.md","1","Security architecture review","2026-09-03T04:45:19.1230183Z"
"1.0","platform.vendor.management.manage","47528E97083C95FC3E388848DCC26C854A88845F204952485327EF07AEE34766","9331D230EB9B387DBA2200FC2ABC1C806B7A967C1C860FF871D1ED65EACE2D16","platform.vendor.management.manage","platform","VENDOR_MANAGEMENT","MANAGE","ADMIN","4","PLATFORM_ROLE_ASSIGNABLE_ONLY_WITH_GRANT_AUTHORITY","STEP_UP_NOT_DEFAULT_REVIEW_IF_HIGH_IMPACT","VERSIONED_IMMUTABLE_CATALOGUE_RECORD","APPROVED","POLICY_APPROVED_IMPLEMENTATION_PENDING","APPROVED: This immutable namespaced capability is the Phase 1 policy target; code, migration, and runtime evidence remain separate release gates.","docs/application-security-permission-catalogue.csv;docs/application-security-endpoint-decision-ledger.csv;docs/application-security-authentication-authorization-workflow.md","1","Security architecture review","2026-09-03T04:45:19.1230183Z"
"1.0","platform.vendor.management.payout","F419FE8C8EC33924EA1819F020C10A9E390771459F9C00878327A79B8B55EF5E","9331D230EB9B387DBA2200FC2ABC1C806B7A967C1C860FF871D1ED65EACE2D16","platform.vendor.management.payout","platform","VENDOR_MANAGEMENT","SENSITIVE_REVIEW","ADMIN","1","PLATFORM_ROLE_ASSIGNABLE_ONLY_WITH_GRANT_AUTHORITY","MFA_AND_STEP_UP_REQUIRED_OR_DOCUMENTED_EXCEPTION","VERSIONED_IMMUTABLE_CATALOGUE_RECORD","APPROVED","POLICY_APPROVED_IMPLEMENTATION_PENDING","APPROVED: This immutable namespaced capability is the Phase 1 policy target; code, migration, and runtime evidence remain separate release gates.","docs/application-security-permission-catalogue.csv;docs/application-security-endpoint-decision-ledger.csv;docs/application-security-authentication-authorization-workflow.md","1","Security architecture review","2026-09-03T04:45:19.1230183Z"
"1.0","platform.vendor.management.privilege","0FDB531A196055EF3A39C67810228E9A0E29051AD29F455902F49B154FD4D3EF","9331D230EB9B387DBA2200FC2ABC1C806B7A967C1C860FF871D1ED65EACE2D16","platform.vendor.management.privilege","platform","VENDOR_MANAGEMENT","MANAGE|SENSITIVE_REVIEW","ADMIN","4","PLATFORM_ROLE_ASSIGNABLE_ONLY_WITH_GRANT_AUTHORITY","MFA_AND_STEP_UP_REQUIRED_OR_DOCUMENTED_EXCEPTION","VERSIONED_IMMUTABLE_CATALOGUE_RECORD","IMPLEMENTED","SOURCE_IMPLEMENTED_PENDING_MIGRATION_AND_RUNTIME_PROOF","IMPLEMENTED: Platform vendor-IAM capability has source controller and service security evidence; migration and runtime proof remain outstanding.","docs/application-security-permission-catalogue.csv;docs/application-security-endpoint-decision-ledger.csv;docs/application-security-authentication-authorization-workflow.md","1","Security architecture review","2026-09-03T04:45:19.1230183Z"
"1.0","platform.vendor.management.read","F819F8A6D855644D5DB072F93406EAF57DC672E60953B095F4CB0419A0616D50","9331D230EB9B387DBA2200FC2ABC1C806B7A967C1C860FF871D1ED65EACE2D16","platform.vendor.management.read","platform","VENDOR_MANAGEMENT","READ","ADMIN","15","PLATFORM_ROLE_ASSIGNABLE_ONLY_WITH_GRANT_AUTHORITY","STEP_UP_NOT_DEFAULT_REVIEW_IF_HIGH_IMPACT","VERSIONED_IMMUTABLE_CATALOGUE_RECORD","APPROVED","POLICY_APPROVED_IMPLEMENTATION_PENDING","APPROVED: This immutable namespaced capability is the Phase 1 policy target; code, migration, and runtime evidence remain separate release gates.","docs/application-security-permission-catalogue.csv;docs/application-security-endpoint-decision-ledger.csv;docs/application-security-authentication-authorization-workflow.md","1","Security architecture review","2026-09-03T04:45:19.1230183Z"
"1.0","public.blog.manage","C628E0F92FB07B16A726EEB95CBD79299657D63561DAEC6B8F25CB9E2EDD2381","9331D230EB9B387DBA2200FC2ABC1C806B7A967C1C860FF871D1ED65EACE2D16","public.blog.manage","public","BLOG","MANAGE","PUBLIC_EXPLICIT","2","NON_ASSIGNABLE_PUBLIC_INGRESS_POLICY","STEP_UP_NOT_DEFAULT_REVIEW_IF_HIGH_IMPACT","VERSIONED_IMMUTABLE_CATALOGUE_RECORD","APPROVED","POLICY_APPROVED_IMPLEMENTATION_PENDING","APPROVED: This immutable namespaced capability is the Phase 1 policy target; code, migration, and runtime evidence remain separate release gates.","docs/application-security-permission-catalogue.csv;docs/application-security-endpoint-decision-ledger.csv;docs/application-security-authentication-authorization-workflow.md","1","Security architecture review","2026-09-03T04:45:19.1230183Z"
"1.0","public.blog.read","B1C283AF8AA4C41456BD8199101F8D22D3A0F4A28E30286FEB0D056AF08C0E31","9331D230EB9B387DBA2200FC2ABC1C806B7A967C1C860FF871D1ED65EACE2D16","public.blog.read","public","BLOG","READ","PUBLIC_EXPLICIT","7","NON_ASSIGNABLE_PUBLIC_INGRESS_POLICY","STEP_UP_NOT_DEFAULT_REVIEW_IF_HIGH_IMPACT","VERSIONED_IMMUTABLE_CATALOGUE_RECORD","APPROVED","POLICY_APPROVED_IMPLEMENTATION_PENDING","APPROVED: This immutable namespaced capability is the Phase 1 policy target; code, migration, and runtime evidence remain separate release gates.","docs/application-security-permission-catalogue.csv;docs/application-security-endpoint-decision-ledger.csv;docs/application-security-authentication-authorization-workflow.md","1","Security architecture review","2026-09-03T04:45:19.1230183Z"
"1.0","public.cart.checkout.manage","6BFC08D36B95409EFC5310A6818A25D618036B3E8208D03E20C55BEEFAAB8ADE","9331D230EB9B387DBA2200FC2ABC1C806B7A967C1C860FF871D1ED65EACE2D16","public.cart.checkout.manage","public","CART_CHECKOUT","MANAGE","PUBLIC_EXPLICIT","13","NON_ASSIGNABLE_PUBLIC_INGRESS_POLICY","STEP_UP_NOT_DEFAULT_REVIEW_IF_HIGH_IMPACT","VERSIONED_IMMUTABLE_CATALOGUE_RECORD","APPROVED","POLICY_APPROVED_IMPLEMENTATION_PENDING","APPROVED: This immutable namespaced capability is the Phase 1 policy target; code, migration, and runtime evidence remain separate release gates.","docs/application-security-permission-catalogue.csv;docs/application-security-endpoint-decision-ledger.csv;docs/application-security-authentication-authorization-workflow.md","1","Security architecture review","2026-09-03T04:45:19.1230183Z"
"1.0","public.cart.checkout.read","5D4CF0788F407AD61B1C8D9B962EE20A9061C22BE9C89C0EC92F94A430880C9B","9331D230EB9B387DBA2200FC2ABC1C806B7A967C1C860FF871D1ED65EACE2D16","public.cart.checkout.read","public","CART_CHECKOUT","READ","PUBLIC_EXPLICIT","9","NON_ASSIGNABLE_PUBLIC_INGRESS_POLICY","STEP_UP_NOT_DEFAULT_REVIEW_IF_HIGH_IMPACT","VERSIONED_IMMUTABLE_CATALOGUE_RECORD","APPROVED","POLICY_APPROVED_IMPLEMENTATION_PENDING","APPROVED: This immutable namespaced capability is the Phase 1 policy target; code, migration, and runtime evidence remain separate release gates.","docs/application-security-permission-catalogue.csv;docs/application-security-endpoint-decision-ledger.csv;docs/application-security-authentication-authorization-workflow.md","1","Security architecture review","2026-09-03T04:45:19.1230183Z"
"1.0","public.cart.checkout.remove","A92F6E8E7D5D3402801BC886A5AE57595EE94C5C82873BB199942EA59FD42247","9331D230EB9B387DBA2200FC2ABC1C806B7A967C1C860FF871D1ED65EACE2D16","public.cart.checkout.remove","public","CART_CHECKOUT","SENSITIVE_REVIEW","PUBLIC_EXPLICIT","1","NON_ASSIGNABLE_PUBLIC_INGRESS_POLICY","MFA_AND_STEP_UP_REQUIRED_OR_DOCUMENTED_EXCEPTION","VERSIONED_IMMUTABLE_CATALOGUE_RECORD","APPROVED","POLICY_APPROVED_IMPLEMENTATION_PENDING","APPROVED: This immutable namespaced capability is the Phase 1 policy target; code, migration, and runtime evidence remain separate release gates.","docs/application-security-permission-catalogue.csv;docs/application-security-endpoint-decision-ledger.csv;docs/application-security-authentication-authorization-workflow.md","1","Security architecture review","2026-09-03T04:45:19.1230183Z"
"1.0","public.cart.checkout.verify","1F02798E501874031BF172D684D138DAB3FE16189C659C1A69B97C569B3134D6","9331D230EB9B387DBA2200FC2ABC1C806B7A967C1C860FF871D1ED65EACE2D16","public.cart.checkout.verify","public","CART_CHECKOUT","SENSITIVE_REVIEW","PUBLIC_EXPLICIT","1","NON_ASSIGNABLE_PUBLIC_INGRESS_POLICY","MFA_AND_STEP_UP_REQUIRED_OR_DOCUMENTED_EXCEPTION","VERSIONED_IMMUTABLE_CATALOGUE_RECORD","APPROVED","POLICY_APPROVED_IMPLEMENTATION_PENDING","APPROVED: This immutable namespaced capability is the Phase 1 policy target; code, migration, and runtime evidence remain separate release gates.","docs/application-security-permission-catalogue.csv;docs/application-security-endpoint-decision-ledger.csv;docs/application-security-authentication-authorization-workflow.md","1","Security architecture review","2026-09-03T04:45:19.1230183Z"
"1.0","public.catalog.read","5581D0D00E5F7CD5C590F222A7B1608329870743EC4E6AA50D3395F077D00192","9331D230EB9B387DBA2200FC2ABC1C806B7A967C1C860FF871D1ED65EACE2D16","public.catalog.read","public","CATALOG","READ","PUBLIC_EXPLICIT","3","NON_ASSIGNABLE_PUBLIC_INGRESS_POLICY","STEP_UP_NOT_DEFAULT_REVIEW_IF_HIGH_IMPACT","VERSIONED_IMMUTABLE_CATALOGUE_RECORD","APPROVED","POLICY_APPROVED_IMPLEMENTATION_PENDING","APPROVED: This immutable namespaced capability is the Phase 1 policy target; code, migration, and runtime evidence remain separate release gates.","docs/application-security-permission-catalogue.csv;docs/application-security-endpoint-decision-ledger.csv;docs/application-security-authentication-authorization-workflow.md","1","Security architecture review","2026-09-03T04:45:19.1230183Z"
"1.0","public.communication.read","802C407FF2E7AE4D38C476DE95910F617974A1E4E3CD8A965905B767BB3F8452","9331D230EB9B387DBA2200FC2ABC1C806B7A967C1C860FF871D1ED65EACE2D16","public.communication.read","public","COMMUNICATION","READ","PUBLIC_EXPLICIT","1","NON_ASSIGNABLE_PUBLIC_INGRESS_POLICY","STEP_UP_NOT_DEFAULT_REVIEW_IF_HIGH_IMPACT","VERSIONED_IMMUTABLE_CATALOGUE_RECORD","APPROVED","POLICY_APPROVED_IMPLEMENTATION_PENDING","APPROVED: This immutable namespaced capability is the Phase 1 policy target; code, migration, and runtime evidence remain separate release gates.","docs/application-security-permission-catalogue.csv;docs/application-security-endpoint-decision-ledger.csv;docs/application-security-authentication-authorization-workflow.md","1","Security architecture review","2026-09-03T04:45:19.1230183Z"
"1.0","public.customer.account.manage","430CC8160467B118D915FEBE4AE8F8FB3F75EBEECC0DA2A21CECFE3DB192F65E","9331D230EB9B387DBA2200FC2ABC1C806B7A967C1C860FF871D1ED65EACE2D16","public.customer.account.manage","public","CUSTOMER_ACCOUNT","MANAGE","PUBLIC_EXPLICIT","1","NON_ASSIGNABLE_PUBLIC_INGRESS_POLICY","STEP_UP_NOT_DEFAULT_REVIEW_IF_HIGH_IMPACT","VERSIONED_IMMUTABLE_CATALOGUE_RECORD","APPROVED","POLICY_APPROVED_IMPLEMENTATION_PENDING","APPROVED: This immutable namespaced capability is the Phase 1 policy target; code, migration, and runtime evidence remain separate release gates.","docs/application-security-permission-catalogue.csv;docs/application-security-endpoint-decision-ledger.csv;docs/application-security-authentication-authorization-workflow.md","1","Security architecture review","2026-09-03T04:45:19.1230183Z"
"1.0","public.customer.account.read","B0A393852443A1E127ADA7999096DB424BD60C634764DF50D3CDBB50D416C9BB","9331D230EB9B387DBA2200FC2ABC1C806B7A967C1C860FF871D1ED65EACE2D16","public.customer.account.read","public","CUSTOMER_ACCOUNT","READ","PUBLIC_EXPLICIT","1","NON_ASSIGNABLE_PUBLIC_INGRESS_POLICY","STEP_UP_NOT_DEFAULT_REVIEW_IF_HIGH_IMPACT","VERSIONED_IMMUTABLE_CATALOGUE_RECORD","APPROVED","POLICY_APPROVED_IMPLEMENTATION_PENDING","APPROVED: This immutable namespaced capability is the Phase 1 policy target; code, migration, and runtime evidence remain separate release gates.","docs/application-security-permission-catalogue.csv;docs/application-security-endpoint-decision-ledger.csv;docs/application-security-authentication-authorization-workflow.md","1","Security architecture review","2026-09-03T04:45:19.1230183Z"
"1.0","public.general.manage","94226254F64699CF2CC35B5658C64E2CF1C8B86FA99F737691DD302078152A8D","9331D230EB9B387DBA2200FC2ABC1C806B7A967C1C860FF871D1ED65EACE2D16","public.general.manage","public","GENERAL","MANAGE","PUBLIC_EXPLICIT","1","NON_ASSIGNABLE_PUBLIC_INGRESS_POLICY","STEP_UP_NOT_DEFAULT_REVIEW_IF_HIGH_IMPACT","VERSIONED_IMMUTABLE_CATALOGUE_RECORD","IMPLEMENTED","SOURCE_IMPLEMENTED_PENDING_MIGRATION_AND_RUNTIME_PROOF","IMPLEMENTED: Existing platform-IAM capability has source controller and service security evidence; migration and runtime proof remain outstanding.","docs/application-security-permission-catalogue.csv;docs/application-security-endpoint-decision-ledger.csv;docs/application-security-authentication-authorization-workflow.md","1","Security architecture review","2026-09-03T04:45:19.1230183Z"
"1.0","public.general.read","5DE90519D207EC6D57CCA639A0BC62667EF27F2B5744527BE337CB5A63662445","9331D230EB9B387DBA2200FC2ABC1C806B7A967C1C860FF871D1ED65EACE2D16","public.general.read","public","GENERAL","READ","PUBLIC_EXPLICIT","14","NON_ASSIGNABLE_PUBLIC_INGRESS_POLICY","STEP_UP_NOT_DEFAULT_REVIEW_IF_HIGH_IMPACT","VERSIONED_IMMUTABLE_CATALOGUE_RECORD","APPROVED","POLICY_APPROVED_IMPLEMENTATION_PENDING","APPROVED: This immutable namespaced capability is the Phase 1 policy target; code, migration, and runtime evidence remain separate release gates.","docs/application-security-permission-catalogue.csv;docs/application-security-endpoint-decision-ledger.csv;docs/application-security-authentication-authorization-workflow.md","1","Security architecture review","2026-09-03T04:45:19.1230183Z"
"1.0","public.identity.access.manage","BE2533D57B5EF68620F50925D74B075A8EC2F36F3C0B163303C77FCFE396274C","9331D230EB9B387DBA2200FC2ABC1C806B7A967C1C860FF871D1ED65EACE2D16","public.identity.access.manage","public","IDENTITY_ACCESS","MANAGE","PUBLIC_EXPLICIT","4","NON_ASSIGNABLE_PUBLIC_INGRESS_POLICY","STEP_UP_NOT_DEFAULT_REVIEW_IF_HIGH_IMPACT","VERSIONED_IMMUTABLE_CATALOGUE_RECORD","APPROVED","POLICY_APPROVED_IMPLEMENTATION_PENDING","APPROVED: This immutable namespaced capability is the Phase 1 policy target; code, migration, and runtime evidence remain separate release gates.","docs/application-security-permission-catalogue.csv;docs/application-security-endpoint-decision-ledger.csv;docs/application-security-authentication-authorization-workflow.md","1","Security architecture review","2026-09-03T04:45:19.1230183Z"
"1.0","public.identity.access.password","079B776D87914CBEFC36CB82BC9EDD56BFA9E09695FEF8BBB124D5DCE121BEFB","9331D230EB9B387DBA2200FC2ABC1C806B7A967C1C860FF871D1ED65EACE2D16","public.identity.access.password","public","IDENTITY_ACCESS","SENSITIVE_REVIEW","PUBLIC_EXPLICIT","6","NON_ASSIGNABLE_PUBLIC_INGRESS_POLICY","MFA_AND_STEP_UP_REQUIRED_OR_DOCUMENTED_EXCEPTION","VERSIONED_IMMUTABLE_CATALOGUE_RECORD","APPROVED","POLICY_APPROVED_IMPLEMENTATION_PENDING","APPROVED: This immutable namespaced capability is the Phase 1 policy target; code, migration, and runtime evidence remain separate release gates.","docs/application-security-permission-catalogue.csv;docs/application-security-endpoint-decision-ledger.csv;docs/application-security-authentication-authorization-workflow.md","1","Security architecture review","2026-09-03T04:45:19.1230183Z"
"1.0","public.identity.access.read","A29F681C6764D545C350EC3A81C1CBD289A8A0CFC4B789F2965643F694D39D7F","9331D230EB9B387DBA2200FC2ABC1C806B7A967C1C860FF871D1ED65EACE2D16","public.identity.access.read","public","IDENTITY_ACCESS","READ","PUBLIC_EXPLICIT","4","NON_ASSIGNABLE_PUBLIC_INGRESS_POLICY","STEP_UP_NOT_DEFAULT_REVIEW_IF_HIGH_IMPACT","VERSIONED_IMMUTABLE_CATALOGUE_RECORD","APPROVED","POLICY_APPROVED_IMPLEMENTATION_PENDING","APPROVED: This immutable namespaced capability is the Phase 1 policy target; code, migration, and runtime evidence remain separate release gates.","docs/application-security-permission-catalogue.csv;docs/application-security-endpoint-decision-ledger.csv;docs/application-security-authentication-authorization-workflow.md","1","Security architecture review","2026-09-03T04:45:19.1230183Z"
"1.0","public.marketing.seo.read","C3DFEF5DC34FFDA2A74E78D1CC05AF4435ACF347CDBA568500640991ECD71ABA","9331D230EB9B387DBA2200FC2ABC1C806B7A967C1C860FF871D1ED65EACE2D16","public.marketing.seo.read","public","MARKETING_SEO","READ","PUBLIC_EXPLICIT","3","NON_ASSIGNABLE_PUBLIC_INGRESS_POLICY","STEP_UP_NOT_DEFAULT_REVIEW_IF_HIGH_IMPACT","VERSIONED_IMMUTABLE_CATALOGUE_RECORD","APPROVED","POLICY_APPROVED_IMPLEMENTATION_PENDING","APPROVED: This immutable namespaced capability is the Phase 1 policy target; code, migration, and runtime evidence remain separate release gates.","docs/application-security-permission-catalogue.csv;docs/application-security-endpoint-decision-ledger.csv;docs/application-security-authentication-authorization-workflow.md","1","Security architecture review","2026-09-03T04:45:19.1230183Z"
"1.0","public.order.payment.manage","60B6C0C87F9DEFF1F46D2A049C3C8736992B001D79AEAF4997063AC01DE0135F","9331D230EB9B387DBA2200FC2ABC1C806B7A967C1C860FF871D1ED65EACE2D16","public.order.payment.manage","public","ORDER_PAYMENT","MANAGE","PUBLIC_EXPLICIT","2","NON_ASSIGNABLE_PUBLIC_INGRESS_POLICY","STEP_UP_NOT_DEFAULT_REVIEW_IF_HIGH_IMPACT","VERSIONED_IMMUTABLE_CATALOGUE_RECORD","APPROVED","POLICY_APPROVED_IMPLEMENTATION_PENDING","APPROVED: This immutable namespaced capability is the Phase 1 policy target; code, migration, and runtime evidence remain separate release gates.","docs/application-security-permission-catalogue.csv;docs/application-security-endpoint-decision-ledger.csv;docs/application-security-authentication-authorization-workflow.md","1","Security architecture review","2026-09-03T04:45:19.1230183Z"
"1.0","public.order.payment.read","24764DE777C6E42913609CB13A0DF502151BD12EB47091EF63311A01CD8C7AEB","9331D230EB9B387DBA2200FC2ABC1C806B7A967C1C860FF871D1ED65EACE2D16","public.order.payment.read","public","ORDER_PAYMENT","READ","PUBLIC_EXPLICIT","4","NON_ASSIGNABLE_PUBLIC_INGRESS_POLICY","STEP_UP_NOT_DEFAULT_REVIEW_IF_HIGH_IMPACT","VERSIONED_IMMUTABLE_CATALOGUE_RECORD","APPROVED","POLICY_APPROVED_IMPLEMENTATION_PENDING","APPROVED: This immutable namespaced capability is the Phase 1 policy target; code, migration, and runtime evidence remain separate release gates.","docs/application-security-permission-catalogue.csv;docs/application-security-endpoint-decision-ledger.csv;docs/application-security-authentication-authorization-workflow.md","1","Security architecture review","2026-09-03T04:45:19.1230183Z"
"1.0","public.order.payment.refund","86A2D5DC6AF11B3C08E067A3C3227D62C700F481ABBB3D59B09033E5BAA4F768","9331D230EB9B387DBA2200FC2ABC1C806B7A967C1C860FF871D1ED65EACE2D16","public.order.payment.refund","public","ORDER_PAYMENT","SENSITIVE_REVIEW","PUBLIC_EXPLICIT","2","NON_ASSIGNABLE_PUBLIC_INGRESS_POLICY","MFA_AND_STEP_UP_REQUIRED_OR_DOCUMENTED_EXCEPTION","VERSIONED_IMMUTABLE_CATALOGUE_RECORD","APPROVED","POLICY_APPROVED_IMPLEMENTATION_PENDING","APPROVED: This immutable namespaced capability is the Phase 1 policy target; code, migration, and runtime evidence remain separate release gates.","docs/application-security-permission-catalogue.csv;docs/application-security-endpoint-decision-ledger.csv;docs/application-security-authentication-authorization-workflow.md","1","Security architecture review","2026-09-03T04:45:19.1230183Z"
"1.0","public.promotion.rewards.manage","27A34655F2DF5DF45CEC02A45533D719BA1FB5EF3691A87918F2E4E731DDEC67","9331D230EB9B387DBA2200FC2ABC1C806B7A967C1C860FF871D1ED65EACE2D16","public.promotion.rewards.manage","public","PROMOTION_REWARDS","MANAGE","PUBLIC_EXPLICIT","2","NON_ASSIGNABLE_PUBLIC_INGRESS_POLICY","STEP_UP_NOT_DEFAULT_REVIEW_IF_HIGH_IMPACT","VERSIONED_IMMUTABLE_CATALOGUE_RECORD","APPROVED","POLICY_APPROVED_IMPLEMENTATION_PENDING","APPROVED: This immutable namespaced capability is the Phase 1 policy target; code, migration, and runtime evidence remain separate release gates.","docs/application-security-permission-catalogue.csv;docs/application-security-endpoint-decision-ledger.csv;docs/application-security-authentication-authorization-workflow.md","1","Security architecture review","2026-09-03T04:45:19.1230183Z"
"1.0","public.promotion.rewards.read","CA28DA5E22ED5D4D05CA15A4E1CCE0B8FCF6CE897C02BA9E4C6A7CDAE07CAD9B","9331D230EB9B387DBA2200FC2ABC1C806B7A967C1C860FF871D1ED65EACE2D16","public.promotion.rewards.read","public","PROMOTION_REWARDS","READ","PUBLIC_EXPLICIT","2","NON_ASSIGNABLE_PUBLIC_INGRESS_POLICY","STEP_UP_NOT_DEFAULT_REVIEW_IF_HIGH_IMPACT","VERSIONED_IMMUTABLE_CATALOGUE_RECORD","APPROVED","POLICY_APPROVED_IMPLEMENTATION_PENDING","APPROVED: This immutable namespaced capability is the Phase 1 policy target; code, migration, and runtime evidence remain separate release gates.","docs/application-security-permission-catalogue.csv;docs/application-security-endpoint-decision-ledger.csv;docs/application-security-authentication-authorization-workflow.md","1","Security architecture review","2026-09-03T04:45:19.1230183Z"
"1.0","public.shipping.manage","AFEC945D31F0409FF23BD2D2961B14780E0D97805075BD9907650843F0E4F0E2","9331D230EB9B387DBA2200FC2ABC1C806B7A967C1C860FF871D1ED65EACE2D16","public.shipping.manage","public","SHIPPING","MANAGE","PUBLIC_EXPLICIT","2","NON_ASSIGNABLE_PUBLIC_INGRESS_POLICY","STEP_UP_NOT_DEFAULT_REVIEW_IF_HIGH_IMPACT","VERSIONED_IMMUTABLE_CATALOGUE_RECORD","APPROVED","POLICY_APPROVED_IMPLEMENTATION_PENDING","APPROVED: This immutable namespaced capability is the Phase 1 policy target; code, migration, and runtime evidence remain separate release gates.","docs/application-security-permission-catalogue.csv;docs/application-security-endpoint-decision-ledger.csv;docs/application-security-authentication-authorization-workflow.md","1","Security architecture review","2026-09-03T04:45:19.1230183Z"
"1.0","public.shipping.read","E4927964D6E40F1BFF529C08DAEC74C18EB7ECD8E3DF04205ADF62B4AA0CFB55","9331D230EB9B387DBA2200FC2ABC1C806B7A967C1C860FF871D1ED65EACE2D16","public.shipping.read","public","SHIPPING","READ","PUBLIC_EXPLICIT","3","NON_ASSIGNABLE_PUBLIC_INGRESS_POLICY","STEP_UP_NOT_DEFAULT_REVIEW_IF_HIGH_IMPACT","VERSIONED_IMMUTABLE_CATALOGUE_RECORD","APPROVED","POLICY_APPROVED_IMPLEMENTATION_PENDING","APPROVED: This immutable namespaced capability is the Phase 1 policy target; code, migration, and runtime evidence remain separate release gates.","docs/application-security-permission-catalogue.csv;docs/application-security-endpoint-decision-ledger.csv;docs/application-security-authentication-authorization-workflow.md","1","Security architecture review","2026-09-03T04:45:19.1230183Z"
"1.0","vendor.catalog.delete","CD0F3DA89159858AB8C9FBFDB388731893951C7BB859229BBB42CACA1F7984C4","9331D230EB9B387DBA2200FC2ABC1C806B7A967C1C860FF871D1ED65EACE2D16","vendor.catalog.delete","vendor","CATALOG","SENSITIVE_REVIEW","VENDOR","4","VENDOR_ROLE_ASSIGNABLE_ONLY_WITH_MEMBERSHIP_AND_GRANT_CEILING","MFA_AND_STEP_UP_REQUIRED_OR_DOCUMENTED_EXCEPTION","VERSIONED_IMMUTABLE_CATALOGUE_RECORD","APPROVED","POLICY_APPROVED_IMPLEMENTATION_PENDING","APPROVED: This immutable namespaced capability is the Phase 1 policy target; code, migration, and runtime evidence remain separate release gates.","docs/application-security-permission-catalogue.csv;docs/application-security-endpoint-decision-ledger.csv;docs/application-security-authentication-authorization-workflow.md","1","Security architecture review","2026-09-03T04:45:19.1230183Z"
"1.0","vendor.catalog.manage","D1539F77DBADA4EEF91AACFBE3BC4EC663FF544F640CCBAE5FE071EE82568D8F","9331D230EB9B387DBA2200FC2ABC1C806B7A967C1C860FF871D1ED65EACE2D16","vendor.catalog.manage","vendor","CATALOG","MANAGE","VENDOR","5","VENDOR_ROLE_ASSIGNABLE_ONLY_WITH_MEMBERSHIP_AND_GRANT_CEILING","STEP_UP_NOT_DEFAULT_REVIEW_IF_HIGH_IMPACT","VERSIONED_IMMUTABLE_CATALOGUE_RECORD","APPROVED","POLICY_APPROVED_IMPLEMENTATION_PENDING","APPROVED: This immutable namespaced capability is the Phase 1 policy target; code, migration, and runtime evidence remain separate release gates.","docs/application-security-permission-catalogue.csv;docs/application-security-endpoint-decision-ledger.csv;docs/application-security-authentication-authorization-workflow.md","1","Security architecture review","2026-09-03T04:45:19.1230183Z"
"1.0","vendor.catalog.read","AED7437453B50E6883D2708D9076A98F82849C11D002EFA7CEB2D3353A1B6B1E","9331D230EB9B387DBA2200FC2ABC1C806B7A967C1C860FF871D1ED65EACE2D16","vendor.catalog.read","vendor","CATALOG","READ","VENDOR","11","VENDOR_ROLE_ASSIGNABLE_ONLY_WITH_MEMBERSHIP_AND_GRANT_CEILING","STEP_UP_NOT_DEFAULT_REVIEW_IF_HIGH_IMPACT","VERSIONED_IMMUTABLE_CATALOGUE_RECORD","APPROVED","POLICY_APPROVED_IMPLEMENTATION_PENDING","APPROVED: This immutable namespaced capability is the Phase 1 policy target; code, migration, and runtime evidence remain separate release gates.","docs/application-security-permission-catalogue.csv;docs/application-security-endpoint-decision-ledger.csv;docs/application-security-authentication-authorization-workflow.md","1","Security architecture review","2026-09-03T04:45:19.1230183Z"
"1.0","vendor.communication.manage","E5EADCD3D487780F2C25E7FE323A593111FFE32FDE1C217B66C6EA9682E281CC","9331D230EB9B387DBA2200FC2ABC1C806B7A967C1C860FF871D1ED65EACE2D16","vendor.communication.manage","vendor","COMMUNICATION","MANAGE","VENDOR","1","VENDOR_ROLE_ASSIGNABLE_ONLY_WITH_MEMBERSHIP_AND_GRANT_CEILING","STEP_UP_NOT_DEFAULT_REVIEW_IF_HIGH_IMPACT","VERSIONED_IMMUTABLE_CATALOGUE_RECORD","APPROVED","POLICY_APPROVED_IMPLEMENTATION_PENDING","APPROVED: This immutable namespaced capability is the Phase 1 policy target; code, migration, and runtime evidence remain separate release gates.","docs/application-security-permission-catalogue.csv;docs/application-security-endpoint-decision-ledger.csv;docs/application-security-authentication-authorization-workflow.md","1","Security architecture review","2026-09-03T04:45:19.1230183Z"
"1.0","vendor.communication.read","9EA4599D524497727C3DEEFE65878BA729AD00AF0D5A4FC26B9D4A846430B03D","9331D230EB9B387DBA2200FC2ABC1C806B7A967C1C860FF871D1ED65EACE2D16","vendor.communication.read","vendor","COMMUNICATION","READ","VENDOR","5","VENDOR_ROLE_ASSIGNABLE_ONLY_WITH_MEMBERSHIP_AND_GRANT_CEILING","STEP_UP_NOT_DEFAULT_REVIEW_IF_HIGH_IMPACT","VERSIONED_IMMUTABLE_CATALOGUE_RECORD","APPROVED","POLICY_APPROVED_IMPLEMENTATION_PENDING","APPROVED: This immutable namespaced capability is the Phase 1 policy target; code, migration, and runtime evidence remain separate release gates.","docs/application-security-permission-catalogue.csv;docs/application-security-endpoint-decision-ledger.csv;docs/application-security-authentication-authorization-workflow.md","1","Security architecture review","2026-09-03T04:45:19.1230183Z"
"1.0","vendor.inventory.manage","A468F75037A0821B9A6559C18AA32E1BA759FFA076E799B928F6034D47450181","9331D230EB9B387DBA2200FC2ABC1C806B7A967C1C860FF871D1ED65EACE2D16","vendor.inventory.manage","vendor","INVENTORY","MANAGE","VENDOR","2","VENDOR_ROLE_ASSIGNABLE_ONLY_WITH_MEMBERSHIP_AND_GRANT_CEILING","STEP_UP_NOT_DEFAULT_REVIEW_IF_HIGH_IMPACT","VERSIONED_IMMUTABLE_CATALOGUE_RECORD","APPROVED","POLICY_APPROVED_IMPLEMENTATION_PENDING","APPROVED: This immutable namespaced capability is the Phase 1 policy target; code, migration, and runtime evidence remain separate release gates.","docs/application-security-permission-catalogue.csv;docs/application-security-endpoint-decision-ledger.csv;docs/application-security-authentication-authorization-workflow.md","1","Security architecture review","2026-09-03T04:45:19.1230183Z"
"1.0","vendor.inventory.read","CE995757C7D1F38D324A5282CF4145F34EDF840E43EF90F82876A3ACF3E3825E","9331D230EB9B387DBA2200FC2ABC1C806B7A967C1C860FF871D1ED65EACE2D16","vendor.inventory.read","vendor","INVENTORY","READ","VENDOR","4","VENDOR_ROLE_ASSIGNABLE_ONLY_WITH_MEMBERSHIP_AND_GRANT_CEILING","STEP_UP_NOT_DEFAULT_REVIEW_IF_HIGH_IMPACT","VERSIONED_IMMUTABLE_CATALOGUE_RECORD","APPROVED","POLICY_APPROVED_IMPLEMENTATION_PENDING","APPROVED: This immutable namespaced capability is the Phase 1 policy target; code, migration, and runtime evidence remain separate release gates.","docs/application-security-permission-catalogue.csv;docs/application-security-endpoint-decision-ledger.csv;docs/application-security-authentication-authorization-workflow.md","1","Security architecture review","2026-09-03T04:45:19.1230183Z"
"1.0","vendor.management.delete","0D1B46EFAC922BB459A9E82C02DC38996E23E2E5545B45C20414200E1DAECCC8","9331D230EB9B387DBA2200FC2ABC1C806B7A967C1C860FF871D1ED65EACE2D16","vendor.management.delete","vendor","VENDOR_MANAGEMENT","SENSITIVE_REVIEW","VENDOR","2","VENDOR_ROLE_ASSIGNABLE_ONLY_WITH_MEMBERSHIP_AND_GRANT_CEILING","MFA_AND_STEP_UP_REQUIRED_OR_DOCUMENTED_EXCEPTION","VERSIONED_IMMUTABLE_CATALOGUE_RECORD","APPROVED","POLICY_APPROVED_IMPLEMENTATION_PENDING","APPROVED: This immutable namespaced capability is the Phase 1 policy target; code, migration, and runtime evidence remain separate release gates.","docs/application-security-permission-catalogue.csv;docs/application-security-endpoint-decision-ledger.csv;docs/application-security-authentication-authorization-workflow.md","1","Security architecture review","2026-09-03T04:45:19.1230183Z"
"1.0","vendor.management.manage","B5CDE09DDFE94CCD961809C598363516C94A61C809C38964F9CAD55C77B4ABDE","9331D230EB9B387DBA2200FC2ABC1C806B7A967C1C860FF871D1ED65EACE2D16","vendor.management.manage","vendor","VENDOR_MANAGEMENT","MANAGE","VENDOR","6","VENDOR_ROLE_ASSIGNABLE_ONLY_WITH_MEMBERSHIP_AND_GRANT_CEILING","STEP_UP_NOT_DEFAULT_REVIEW_IF_HIGH_IMPACT","VERSIONED_IMMUTABLE_CATALOGUE_RECORD","APPROVED","POLICY_APPROVED_IMPLEMENTATION_PENDING","APPROVED: This immutable namespaced capability is the Phase 1 policy target; code, migration, and runtime evidence remain separate release gates.","docs/application-security-permission-catalogue.csv;docs/application-security-endpoint-decision-ledger.csv;docs/application-security-authentication-authorization-workflow.md","1","Security architecture review","2026-09-03T04:45:19.1230183Z"
"1.0","vendor.management.payout","6B6CD59F840928FE9F15DE358B01CBB36A9C2C71C34991753933A3690E0968EC","9331D230EB9B387DBA2200FC2ABC1C806B7A967C1C860FF871D1ED65EACE2D16","vendor.management.payout","vendor","VENDOR_MANAGEMENT","SENSITIVE_REVIEW","VENDOR","2","VENDOR_ROLE_ASSIGNABLE_ONLY_WITH_MEMBERSHIP_AND_GRANT_CEILING","MFA_AND_STEP_UP_REQUIRED_OR_DOCUMENTED_EXCEPTION","VERSIONED_IMMUTABLE_CATALOGUE_RECORD","APPROVED","POLICY_APPROVED_IMPLEMENTATION_PENDING","APPROVED: This immutable namespaced capability is the Phase 1 policy target; code, migration, and runtime evidence remain separate release gates.","docs/application-security-permission-catalogue.csv;docs/application-security-endpoint-decision-ledger.csv;docs/application-security-authentication-authorization-workflow.md","1","Security architecture review","2026-09-03T04:45:19.1230183Z"
"1.0","vendor.management.read","2A5DB70E6E7F4B9B007F054D79BCE87F1930B776F50DFAEF2FC55DEC9A841397","9331D230EB9B387DBA2200FC2ABC1C806B7A967C1C860FF871D1ED65EACE2D16","vendor.management.read","vendor","VENDOR_MANAGEMENT","READ","VENDOR","29","VENDOR_ROLE_ASSIGNABLE_ONLY_WITH_MEMBERSHIP_AND_GRANT_CEILING","STEP_UP_NOT_DEFAULT_REVIEW_IF_HIGH_IMPACT","VERSIONED_IMMUTABLE_CATALOGUE_RECORD","APPROVED","POLICY_APPROVED_IMPLEMENTATION_PENDING","APPROVED: This immutable namespaced capability is the Phase 1 policy target; code, migration, and runtime evidence remain separate release gates.","docs/application-security-permission-catalogue.csv;docs/application-security-endpoint-decision-ledger.csv;docs/application-security-authentication-authorization-workflow.md","1","Security architecture review","2026-09-03T04:45:19.1230183Z"
"1.0","vendor.management.verify","4D88D1F5DF571774FF0736EF66092EAC2FCBFB8C19EB8F8E0EE6084666019372","9331D230EB9B387DBA2200FC2ABC1C806B7A967C1C860FF871D1ED65EACE2D16","vendor.management.verify","vendor","VENDOR_MANAGEMENT","SENSITIVE_REVIEW","VENDOR","4","VENDOR_ROLE_ASSIGNABLE_ONLY_WITH_MEMBERSHIP_AND_GRANT_CEILING","MFA_AND_STEP_UP_REQUIRED_OR_DOCUMENTED_EXCEPTION","VERSIONED_IMMUTABLE_CATALOGUE_RECORD","APPROVED","POLICY_APPROVED_IMPLEMENTATION_PENDING","APPROVED: This immutable namespaced capability is the Phase 1 policy target; code, migration, and runtime evidence remain separate release gates.","docs/application-security-permission-catalogue.csv;docs/application-security-endpoint-decision-ledger.csv;docs/application-security-authentication-authorization-workflow.md","1","Security architecture review","2026-09-03T04:45:19.1230183Z"
"1.0","vendor.order.payment.manage","290EFEB7B5AAFED19C2CF16E107D7FF4AE349D9973EAF5A4EBE436CA585F2554","9331D230EB9B387DBA2200FC2ABC1C806B7A967C1C860FF871D1ED65EACE2D16","vendor.order.payment.manage","vendor","ORDER_PAYMENT","MANAGE","VENDOR","3","VENDOR_ROLE_ASSIGNABLE_ONLY_WITH_MEMBERSHIP_AND_GRANT_CEILING","STEP_UP_NOT_DEFAULT_REVIEW_IF_HIGH_IMPACT","VERSIONED_IMMUTABLE_CATALOGUE_RECORD","APPROVED","POLICY_APPROVED_IMPLEMENTATION_PENDING","APPROVED: This immutable namespaced capability is the Phase 1 policy target; code, migration, and runtime evidence remain separate release gates.","docs/application-security-permission-catalogue.csv;docs/application-security-endpoint-decision-ledger.csv;docs/application-security-authentication-authorization-workflow.md","1","Security architecture review","2026-09-03T04:45:19.1230183Z"
"1.0","vendor.order.payment.pdf","097D24ABA708642738B2F552EDBCB6A00EC674FD46552112B465E942F9A93F7B","9331D230EB9B387DBA2200FC2ABC1C806B7A967C1C860FF871D1ED65EACE2D16","vendor.order.payment.pdf","vendor","ORDER_PAYMENT","SENSITIVE_REVIEW","VENDOR","1","VENDOR_ROLE_ASSIGNABLE_ONLY_WITH_MEMBERSHIP_AND_GRANT_CEILING","MFA_AND_STEP_UP_REQUIRED_OR_DOCUMENTED_EXCEPTION","VERSIONED_IMMUTABLE_CATALOGUE_RECORD","APPROVED","POLICY_APPROVED_IMPLEMENTATION_PENDING","APPROVED: This immutable namespaced capability is the Phase 1 policy target; code, migration, and runtime evidence remain separate release gates.","docs/application-security-permission-catalogue.csv;docs/application-security-endpoint-decision-ledger.csv;docs/application-security-authentication-authorization-workflow.md","1","Security architecture review","2026-09-03T04:45:19.1230183Z"
"1.0","vendor.order.payment.read","81CF92C79E9FABD78E89F630C445C77FEA3468E609E3AC8BE3283498380B4010","9331D230EB9B387DBA2200FC2ABC1C806B7A967C1C860FF871D1ED65EACE2D16","vendor.order.payment.read","vendor","ORDER_PAYMENT","READ","VENDOR","9","VENDOR_ROLE_ASSIGNABLE_ONLY_WITH_MEMBERSHIP_AND_GRANT_CEILING","STEP_UP_NOT_DEFAULT_REVIEW_IF_HIGH_IMPACT","VERSIONED_IMMUTABLE_CATALOGUE_RECORD","APPROVED","POLICY_APPROVED_IMPLEMENTATION_PENDING","APPROVED: This immutable namespaced capability is the Phase 1 policy target; code, migration, and runtime evidence remain separate release gates.","docs/application-security-permission-catalogue.csv;docs/application-security-endpoint-decision-ledger.csv;docs/application-security-authentication-authorization-workflow.md","1","Security architecture review","2026-09-03T04:45:19.1230183Z"
"1.0","vendor.order.payment.refund","037A1BFF946B40E48024D546319BDA2D797ADA4E65993FC20F19506941031EA2","9331D230EB9B387DBA2200FC2ABC1C806B7A967C1C860FF871D1ED65EACE2D16","vendor.order.payment.refund","vendor","ORDER_PAYMENT","SENSITIVE_REVIEW","VENDOR","1","VENDOR_ROLE_ASSIGNABLE_ONLY_WITH_MEMBERSHIP_AND_GRANT_CEILING","MFA_AND_STEP_UP_REQUIRED_OR_DOCUMENTED_EXCEPTION","VERSIONED_IMMUTABLE_CATALOGUE_RECORD","APPROVED","POLICY_APPROVED_IMPLEMENTATION_PENDING","APPROVED: This immutable namespaced capability is the Phase 1 policy target; code, migration, and runtime evidence remain separate release gates.","docs/application-security-permission-catalogue.csv;docs/application-security-endpoint-decision-ledger.csv;docs/application-security-authentication-authorization-workflow.md","1","Security architecture review","2026-09-03T04:45:19.1230183Z"
"1.0","vendor.role.manage","62C099A96B6BA1588095337D6D94063E4BB90DAB236BAEA59E93AADE35E54A61","9331D230EB9B387DBA2200FC2ABC1C806B7A967C1C860FF871D1ED65EACE2D16","vendor.role.manage","vendor","VENDOR_MANAGEMENT","MANAGE|READ|SENSITIVE_REVIEW","VENDOR","5","VENDOR_ROLE_ASSIGNABLE_ONLY_WITH_MEMBERSHIP_AND_GRANT_CEILING","MFA_AND_STEP_UP_REQUIRED_OR_DOCUMENTED_EXCEPTION","VERSIONED_IMMUTABLE_CATALOGUE_RECORD","IMPLEMENTED","SOURCE_IMPLEMENTED_PENDING_MIGRATION_AND_RUNTIME_PROOF","IMPLEMENTED: Vendor staff-IAM capability has source controller, service, vendor-scope, grant-ceiling, and CSRF evidence; invitation lifecycle, revocation/session invalidation, and runtime proof remain outstanding.","docs/application-security-permission-catalogue.csv;docs/application-security-endpoint-decision-ledger.csv;docs/application-security-authentication-authorization-workflow.md","1","Security architecture review","2026-09-03T04:45:19.1230183Z"
"1.0","vendor.shipping.delete","DB6EB52332417009E8F7E6574101DDB127002DA0F12C90884FA3F919A1DDF5B6","9331D230EB9B387DBA2200FC2ABC1C806B7A967C1C860FF871D1ED65EACE2D16","vendor.shipping.delete","vendor","SHIPPING","SENSITIVE_REVIEW","VENDOR","2","VENDOR_ROLE_ASSIGNABLE_ONLY_WITH_MEMBERSHIP_AND_GRANT_CEILING","MFA_AND_STEP_UP_REQUIRED_OR_DOCUMENTED_EXCEPTION","VERSIONED_IMMUTABLE_CATALOGUE_RECORD","APPROVED","POLICY_APPROVED_IMPLEMENTATION_PENDING","APPROVED: This immutable namespaced capability is the Phase 1 policy target; code, migration, and runtime evidence remain separate release gates.","docs/application-security-permission-catalogue.csv;docs/application-security-endpoint-decision-ledger.csv;docs/application-security-authentication-authorization-workflow.md","1","Security architecture review","2026-09-03T04:45:19.1230183Z"
"1.0","vendor.shipping.generate","BBA0EDF72E533740F471231773CFE7E9D5F963ACCE83D10E830B4BBE5EEFAD47","9331D230EB9B387DBA2200FC2ABC1C806B7A967C1C860FF871D1ED65EACE2D16","vendor.shipping.generate","vendor","SHIPPING","SENSITIVE_REVIEW","VENDOR","3","VENDOR_ROLE_ASSIGNABLE_ONLY_WITH_MEMBERSHIP_AND_GRANT_CEILING","MFA_AND_STEP_UP_REQUIRED_OR_DOCUMENTED_EXCEPTION","VERSIONED_IMMUTABLE_CATALOGUE_RECORD","APPROVED","POLICY_APPROVED_IMPLEMENTATION_PENDING","APPROVED: This immutable namespaced capability is the Phase 1 policy target; code, migration, and runtime evidence remain separate release gates.","docs/application-security-permission-catalogue.csv;docs/application-security-endpoint-decision-ledger.csv;docs/application-security-authentication-authorization-workflow.md","1","Security architecture review","2026-09-03T04:45:19.1230183Z"
"1.0","vendor.shipping.manage","F12677158A02F4835B8FCCC7765F7B01C76CBC9DE45D368A88EB4A58058E4E37","9331D230EB9B387DBA2200FC2ABC1C806B7A967C1C860FF871D1ED65EACE2D16","vendor.shipping.manage","vendor","SHIPPING","MANAGE","VENDOR","4","VENDOR_ROLE_ASSIGNABLE_ONLY_WITH_MEMBERSHIP_AND_GRANT_CEILING","STEP_UP_NOT_DEFAULT_REVIEW_IF_HIGH_IMPACT","VERSIONED_IMMUTABLE_CATALOGUE_RECORD","APPROVED","POLICY_APPROVED_IMPLEMENTATION_PENDING","APPROVED: This immutable namespaced capability is the Phase 1 policy target; code, migration, and runtime evidence remain separate release gates.","docs/application-security-permission-catalogue.csv;docs/application-security-endpoint-decision-ledger.csv;docs/application-security-authentication-authorization-workflow.md","1","Security architecture review","2026-09-03T04:45:19.1230183Z"
"1.0","vendor.shipping.read","EB370FCC2290741543D86E3ACFD937FBDA6FBBCB11C43404C0A1366C0F9F8FE7","9331D230EB9B387DBA2200FC2ABC1C806B7A967C1C860FF871D1ED65EACE2D16","vendor.shipping.read","vendor","SHIPPING","READ","VENDOR","10","VENDOR_ROLE_ASSIGNABLE_ONLY_WITH_MEMBERSHIP_AND_GRANT_CEILING","STEP_UP_NOT_DEFAULT_REVIEW_IF_HIGH_IMPACT","VERSIONED_IMMUTABLE_CATALOGUE_RECORD","APPROVED","POLICY_APPROVED_IMPLEMENTATION_PENDING","APPROVED: This immutable namespaced capability is the Phase 1 policy target; code, migration, and runtime evidence remain separate release gates.","docs/application-security-permission-catalogue.csv;docs/application-security-endpoint-decision-ledger.csv;docs/application-security-authentication-authorization-workflow.md","1","Security architecture review","2026-09-03T04:45:19.1230183Z"
"1.0","vendor.staff.manage","6F3697DB8C79C0799AA60AD9C94EA950522BC1F27ED71727285A0E3C0E0E97FF","9331D230EB9B387DBA2200FC2ABC1C806B7A967C1C860FF871D1ED65EACE2D16","vendor.staff.manage","vendor","VENDOR_MANAGEMENT","MANAGE|READ|SENSITIVE_REVIEW","VENDOR","4","VENDOR_ROLE_ASSIGNABLE_ONLY_WITH_MEMBERSHIP_AND_GRANT_CEILING","MFA_AND_STEP_UP_REQUIRED_OR_DOCUMENTED_EXCEPTION","VERSIONED_IMMUTABLE_CATALOGUE_RECORD","IMPLEMENTED","SOURCE_IMPLEMENTED_PENDING_MIGRATION_AND_RUNTIME_PROOF","IMPLEMENTED: Vendor staff-IAM capability has source controller, service, vendor-scope, grant-ceiling, and CSRF evidence; invitation lifecycle, revocation/session invalidation, and runtime proof remain outstanding.","docs/application-security-permission-catalogue.csv;docs/application-security-endpoint-decision-ledger.csv;docs/application-security-authentication-authorization-workflow.md","1","Security architecture review","2026-09-03T04:45:19.1230183Z"
"1.0","webhook.order.payment.receive","30AEF425700FBE28E32112176D82CDE0DCD45A30E2F3B0A7CCB144432B46EBDC","9331D230EB9B387DBA2200FC2ABC1C806B7A967C1C860FF871D1ED65EACE2D16","webhook.order.payment.receive","webhook","ORDER_PAYMENT","MANAGE","WEBHOOK_CALLBACK","1","NON_ASSIGNABLE_WEBHOOK_INGRESS_POLICY","STEP_UP_NOT_DEFAULT_REVIEW_IF_HIGH_IMPACT","VERSIONED_IMMUTABLE_CATALOGUE_RECORD","DEFERRED","CATALOGUE_OR_ENDPOINT_BLOCKER_REQUIRES_REVIEW","DEFERRED: This catalogue candidate is blocked by an unresolved endpoint method, zone, capability, API, webhook, or public-policy review.","docs/application-security-permission-catalogue.csv;docs/application-security-endpoint-decision-ledger.csv;docs/application-security-authentication-authorization-workflow.md","1","Security architecture review","2026-09-03T04:45:19.1230183Z"
