"SourceFile","SourceLine","Package","Controller","JavaMethod","HttpMethod","Path","CurrentUrlRule","CurrentMethodGuard","TargetZoneCandidate","ModuleCandidate","ActionCandidate","PermissionCandidate","RequiredScopeCandidate","ReviewStatus"
"com/ecommerce/app/admin/controller/AdminController.java","28","com.ecommerce.app.admin.controller","AdminController","page","ALL","/admin","AUTHENTICATED_ONLY","@PreAuthorize(""hasAuthority('admin')"")","ADMIN","GENERAL","HTTP_METHOD_REVIEW","platform.general.method-review","ACTIVE_ADMIN_AND_MODULE_PERMISSION","PENDING_MANUAL_CONFIRMATION"
"com/ecommerce/app/admin/controller/AdminController.java","28","com.ecommerce.app.admin.controller","AdminController","page","ALL","/admin/","AUTHENTICATED_ONLY","@PreAuthorize(""hasAuthority('admin')"")","ADMIN","GENERAL","HTTP_METHOD_REVIEW","platform.general.method-review","ACTIVE_ADMIN_AND_MODULE_PERMISSION","PENDING_MANUAL_CONFIRMATION"
"com/ecommerce/app/admin/controller/AdminController.java","28","com.ecommerce.app.admin.controller","AdminController","page","ALL","/admin/index","AUTHENTICATED_ONLY","@PreAuthorize(""hasAuthority('admin')"")","ADMIN","GENERAL","HTTP_METHOD_REVIEW","platform.general.method-review","ACTIVE_ADMIN_AND_MODULE_PERMISSION","PENDING_MANUAL_CONFIRMATION"
"com/ecommerce/app/admin/controller/AdminController.java","45","com.ecommerce.app.admin.controller","AdminController","refunds","ALL","/admin/refunds","AUTHENTICATED_ONLY","@PreAuthorize(""hasAuthority('admin')"")","ADMIN","ORDER_PAYMENT","SENSITIVE_REVIEW","platform.order.payment.refund","ACTIVE_ADMIN_AND_MODULE_PERMISSION","PENDING_MANUAL_CONFIRMATION"
"com/ecommerce/app/admin/controller/AdminController.java","40","com.ecommerce.app.admin.controller","AdminController","returnsRefunds","ALL","/admin/return-refund","AUTHENTICATED_ONLY","@PreAuthorize(""hasAuthority('admin')"")","ADMIN","ORDER_PAYMENT","SENSITIVE_REVIEW","platform.order.payment.refund","ACTIVE_ADMIN_AND_MODULE_PERMISSION","PENDING_MANUAL_CONFIRMATION"
"com/ecommerce/app/admin/controller/AdminController.java","40","com.ecommerce.app.admin.controller","AdminController","returnsRefunds","ALL","/admin/return-refunds","AUTHENTICATED_ONLY","@PreAuthorize(""hasAuthority('admin')"")","ADMIN","ORDER_PAYMENT","SENSITIVE_REVIEW","platform.order.payment.refund","ACTIVE_ADMIN_AND_MODULE_PERMISSION","PENDING_MANUAL_CONFIRMATION"
"com/ecommerce/app/admin/controller/AdminController.java","40","com.ecommerce.app.admin.controller","AdminController","returnsRefunds","ALL","/admin/returns","AUTHENTICATED_ONLY","@PreAuthorize(""hasAuthority('admin')"")","ADMIN","ORDER_PAYMENT","SENSITIVE_REVIEW","platform.order.payment.refund","ACTIVE_ADMIN_AND_MODULE_PERMISSION","PENDING_MANUAL_CONFIRMATION"
"com/ecommerce/app/admin/controller/AdminController.java","40","com.ecommerce.app.admin.controller","AdminController","returnsRefunds","ALL","/admin/returns-refunds","AUTHENTICATED_ONLY","@PreAuthorize(""hasAuthority('admin')"")","ADMIN","ORDER_PAYMENT","SENSITIVE_REVIEW","platform.order.payment.refund","ACTIVE_ADMIN_AND_MODULE_PERMISSION","PENDING_MANUAL_CONFIRMATION"
"com/ecommerce/app/admincustomer/controller/AdminCustomerController.java","93","com.ecommerce.app.admincustomer.controller","AdminCustomerController","customerlist","ALL","/admin-customer","AUTHENTICATED_ONLY","","ADMIN","CUSTOMER_ACCOUNT","HTTP_METHOD_REVIEW","platform.customer.account.method-review","ACTIVE_ADMIN_AND_MODULE_PERMISSION","PENDING_MANUAL_CONFIRMATION"
"com/ecommerce/app/admincustomer/controller/AdminCustomerController.java","93","com.ecommerce.app.admincustomer.controller","AdminCustomerController","customerlist","ALL","/admin-customer/","AUTHENTICATED_ONLY","","ADMIN","CUSTOMER_ACCOUNT","HTTP_METHOD_REVIEW","platform.customer.account.method-review","ACTIVE_ADMIN_AND_MODULE_PERMISSION","PENDING_MANUAL_CONFIRMATION"
"com/ecommerce/app/admincustomer/controller/AdminCustomerController.java","93","com.ecommerce.app.admincustomer.controller","AdminCustomerController","customerlist","ALL","/admin-customer/index","AUTHENTICATED_ONLY","","ADMIN","CUSTOMER_ACCOUNT","HTTP_METHOD_REVIEW","platform.customer.account.method-review","ACTIVE_ADMIN_AND_MODULE_PERMISSION","PENDING_MANUAL_CONFIRMATION"
"com/ecommerce/app/admincustomer/controller/AdminCustomerController.java","246","com.ecommerce.app.admincustomer.controller","AdminCustomerController","itemReturn","POST","/admin-customer/item-return","AUTHENTICATED_ONLY","","ADMIN","ORDER_PAYMENT","MANAGE","platform.order.payment.manage","ACTIVE_ADMIN_AND_MODULE_PERMISSION","PENDING_MANUAL_CONFIRMATION"
"com/ecommerce/app/admincustomer/controller/AdminCustomerController.java","185","com.ecommerce.app.admincustomer.controller","AdminCustomerController","orderbycustomer","ALL","/admin-customer/order-by-customer/{cid}","AUTHENTICATED_ONLY","","ADMIN","ORDER_PAYMENT","HTTP_METHOD_REVIEW","platform.order.payment.method-review","ACTIVE_ADMIN_AND_MODULE_PERMISSION","PENDING_MANUAL_CONFIRMATION"
"com/ecommerce/app/admincustomer/controller/AdminCustomerController.java","193","com.ecommerce.app.admincustomer.controller","AdminCustomerController","order_details","ALL","/admin-customer/order-details/{oid}","AUTHENTICATED_ONLY","","ADMIN","ORDER_PAYMENT","HTTP_METHOD_REVIEW","platform.order.payment.method-review","ACTIVE_ADMIN_AND_MODULE_PERMISSION","PENDING_MANUAL_CONFIRMATION"
"com/ecommerce/app/admincustomer/controller/AdminCustomerController.java","103","com.ecommerce.app.admincustomer.controller","AdminCustomerController","orderlist","ALL","/admin-customer/orderlist","AUTHENTICATED_ONLY","","ADMIN","ORDER_PAYMENT","HTTP_METHOD_REVIEW","platform.order.payment.method-review","ACTIVE_ADMIN_AND_MODULE_PERMISSION","PENDING_MANUAL_CONFIRMATION"
"com/ecommerce/app/admincustomer/controller/AdminCustomerController.java","262","com.ecommerce.app.admincustomer.controller","AdminCustomerController","orderPdf","GET","/admin-customer/orders/{id}/pdf","AUTHENTICATED_ONLY","","ADMIN","ORDER_PAYMENT","SENSITIVE_REVIEW","platform.order.payment.pdf","ACTIVE_ADMIN_AND_MODULE_PERMISSION","PENDING_MANUAL_CONFIRMATION"
"com/ecommerce/app/admincustomer/controller/AdminCustomerController.java","262","com.ecommerce.app.admincustomer.controller","AdminCustomerController","orderPdf","GET","/admin-customer/pdf/{id}","AUTHENTICATED_ONLY","","ADMIN","CUSTOMER_ACCOUNT","SENSITIVE_REVIEW","platform.customer.account.pdf","ACTIVE_ADMIN_AND_MODULE_PERMISSION","PENDING_MANUAL_CONFIRMATION"
"com/ecommerce/app/admincustomer/controller/AdminCustomerController.java","229","com.ecommerce.app.admincustomer.controller","AdminCustomerController","statusChange","POST","/admin-customer/statuschange","AUTHENTICATED_ONLY","","ADMIN","CUSTOMER_ACCOUNT","MANAGE","platform.customer.account.manage","ACTIVE_ADMIN_AND_MODULE_PERMISSION","PENDING_MANUAL_CONFIRMATION"
"com/ecommerce/app/admincustomer/controller/AdminSalesItemController.java","34","com.ecommerce.app.admincustomer.controller","AdminSalesItemController","index","GET","/admin/sales/items","AUTHENTICATED_ONLY","","ADMIN","ORDER_PAYMENT","READ","platform.order.payment.read","ACTIVE_ADMIN_AND_MODULE_PERMISSION","PENDING_MANUAL_CONFIRMATION"
"com/ecommerce/app/adminvendor/controller/AdminFinanceReportController.java","32","com.ecommerce.app.adminvendor.controller","AdminFinanceReportController","dashboard","GET","/admin/finance/dashboard","AUTHENTICATED_ONLY","@PreAuthorize(""hasAuthority('admin')"")","ADMIN","VENDOR_MANAGEMENT","READ","platform.vendor.management.read","ACTIVE_ADMIN_AND_MODULE_PERMISSION","PENDING_MANUAL_CONFIRMATION"
"com/ecommerce/app/adminvendor/controller/AdminFinanceReportController.java","75","com.ecommerce.app.adminvendor.controller","AdminFinanceReportController","refunds","GET","/admin/finance/refunds","AUTHENTICATED_ONLY","@PreAuthorize(""hasAuthority('admin')"")","ADMIN","ORDER_PAYMENT","SENSITIVE_REVIEW","platform.order.payment.refund","ACTIVE_ADMIN_AND_MODULE_PERMISSION","PENDING_MANUAL_CONFIRMATION"
"com/ecommerce/app/adminvendor/controller/AdminFinanceReportController.java","56","com.ecommerce.app.adminvendor.controller","AdminFinanceReportController","returnsRefunds","GET","/admin/finance/return-refund","AUTHENTICATED_ONLY","@PreAuthorize(""hasAuthority('admin')"")","ADMIN","ORDER_PAYMENT","SENSITIVE_REVIEW","platform.order.payment.refund","ACTIVE_ADMIN_AND_MODULE_PERMISSION","PENDING_MANUAL_CONFIRMATION"
"com/ecommerce/app/adminvendor/controller/AdminFinanceReportController.java","56","com.ecommerce.app.adminvendor.controller","AdminFinanceReportController","returnsRefunds","GET","/admin/finance/return-refunds","AUTHENTICATED_ONLY","@PreAuthorize(""hasAuthority('admin')"")","ADMIN","ORDER_PAYMENT","SENSITIVE_REVIEW","platform.order.payment.refund","ACTIVE_ADMIN_AND_MODULE_PERMISSION","PENDING_MANUAL_CONFIRMATION"
"com/ecommerce/app/adminvendor/controller/AdminFinanceReportController.java","56","com.ecommerce.app.adminvendor.controller","AdminFinanceReportController","returnsRefunds","GET","/admin/finance/returns","AUTHENTICATED_ONLY","@PreAuthorize(""hasAuthority('admin')"")","ADMIN","ORDER_PAYMENT","SENSITIVE_REVIEW","platform.order.payment.refund","ACTIVE_ADMIN_AND_MODULE_PERMISSION","PENDING_MANUAL_CONFIRMATION"
"com/ecommerce/app/adminvendor/controller/AdminFinanceReportController.java","56","com.ecommerce.app.adminvendor.controller","AdminFinanceReportController","returnsRefunds","GET","/admin/finance/returns-refunds","AUTHENTICATED_ONLY","@PreAuthorize(""hasAuthority('admin')"")","ADMIN","ORDER_PAYMENT","SENSITIVE_REVIEW","platform.order.payment.refund","ACTIVE_ADMIN_AND_MODULE_PERMISSION","PENDING_MANUAL_CONFIRMATION"
"com/ecommerce/app/adminvendor/controller/AdminFinanceReportController.java","43","com.ecommerce.app.adminvendor.controller","AdminFinanceReportController","settlements","GET","/admin/finance/settlements","AUTHENTICATED_ONLY","@PreAuthorize(""hasAuthority('admin')"")","ADMIN","VENDOR_MANAGEMENT","READ","platform.vendor.management.read","ACTIVE_ADMIN_AND_MODULE_PERMISSION","PENDING_MANUAL_CONFIRMATION"
"com/ecommerce/app/adminvendor/controller/AdminVendorController.java","32","com.ecommerce.app.adminvendor.controller","AdminVendorController","index","GET","/adminvendor","AUTHENTICATED_ONLY","","ADMIN","VENDOR_MANAGEMENT","READ","platform.vendor.management.read","ACTIVE_ADMIN_AND_MODULE_PERMISSION","PENDING_MANUAL_CONFIRMATION"
"com/ecommerce/app/adminvendor/controller/AdminVendorController.java","32","com.ecommerce.app.adminvendor.controller","AdminVendorController","index","GET","/adminvendor/","AUTHENTICATED_ONLY","","ADMIN","VENDOR_MANAGEMENT","READ","platform.vendor.management.read","ACTIVE_ADMIN_AND_MODULE_PERMISSION","PENDING_MANUAL_CONFIRMATION"
"com/ecommerce/app/adminvendor/controller/AdminVendorController.java","198","com.ecommerce.app.adminvendor.controller","AdminVendorController","delete","GET","/adminvendor/delete/{uuid}","AUTHENTICATED_ONLY","","ADMIN","VENDOR_MANAGEMENT","SENSITIVE_REVIEW","platform.vendor.management.delete","ACTIVE_ADMIN_AND_MODULE_PERMISSION","PENDING_MANUAL_CONFIRMATION"
"com/ecommerce/app/adminvendor/controller/AdminVendorController.java","68","com.ecommerce.app.adminvendor.controller","AdminVendorController","edit","GET","/adminvendor/edit/{uuid}","AUTHENTICATED_ONLY","","ADMIN","VENDOR_MANAGEMENT","READ","platform.vendor.management.read","ACTIVE_ADMIN_AND_MODULE_PERMISSION","PENDING_MANUAL_CONFIRMATION"
"com/ecommerce/app/adminvendor/controller/AdminVendorController.java","32","com.ecommerce.app.adminvendor.controller","AdminVendorController","index","GET","/adminvendor/list","AUTHENTICATED_ONLY","","ADMIN","VENDOR_MANAGEMENT","READ","platform.vendor.management.read","ACTIVE_ADMIN_AND_MODULE_PERMISSION","PENDING_MANUAL_CONFIRMATION"
"com/ecommerce/app/adminvendor/controller/AdminVendorController.java","131","com.ecommerce.app.adminvendor.controller","AdminVendorController","save","POST","/adminvendor/save","AUTHENTICATED_ONLY","","ADMIN","VENDOR_MANAGEMENT","MANAGE","platform.vendor.management.manage","ACTIVE_ADMIN_AND_MODULE_PERMISSION","PENDING_MANUAL_CONFIRMATION"
"com/ecommerce/app/adminvendor/controller/AdminVendorController.java","98","com.ecommerce.app.adminvendor.controller","AdminVendorController","updateVendor","POST","/adminvendor/update","AUTHENTICATED_ONLY","","ADMIN","VENDOR_MANAGEMENT","MANAGE","platform.vendor.management.manage","ACTIVE_ADMIN_AND_MODULE_PERMISSION","PENDING_MANUAL_CONFIRMATION"
"com/ecommerce/app/adminvendor/controller/AdminVendorController.java","155","com.ecommerce.app.adminvendor.controller","AdminVendorController","view","GET","/adminvendor/view/{uuid}","AUTHENTICATED_ONLY","","ADMIN","VENDOR_MANAGEMENT","READ","platform.vendor.management.read","ACTIVE_ADMIN_AND_MODULE_PERMISSION","PENDING_MANUAL_CONFIRMATION"
"com/ecommerce/app/adminvendor/controller/AdminVendorPayoutController.java","42","com.ecommerce.app.adminvendor.controller","AdminVendorPayoutController","list","GET","/admin/payouts/list","AUTHENTICATED_ONLY","","ADMIN","VENDOR_MANAGEMENT","READ","platform.vendor.management.read","ACTIVE_ADMIN_AND_MODULE_PERMISSION","PENDING_MANUAL_CONFIRMATION"
"com/ecommerce/app/adminvendor/controller/AdminVendorPayoutController.java","66","com.ecommerce.app.adminvendor.controller","AdminVendorPayoutController","approvePayout","POST","/admin/payouts/process","AUTHENTICATED_ONLY","","ADMIN","VENDOR_MANAGEMENT","SENSITIVE_REVIEW","platform.vendor.management.payout","ACTIVE_ADMIN_AND_MODULE_PERMISSION","PENDING_MANUAL_CONFIRMATION"
"com/ecommerce/app/adminvendor/controller/AdminVendorPayoutMethodController.java","30","com.ecommerce.app.adminvendor.controller","AdminVendorPayoutMethodController","list","GET","/admin-vendor-payout-methods","AUTHENTICATED_ONLY","","ADMIN","VENDOR_MANAGEMENT","READ","platform.vendor.management.read","ACTIVE_ADMIN_AND_MODULE_PERMISSION","PENDING_MANUAL_CONFIRMATION"
"com/ecommerce/app/adminvendor/controller/AdminVendorPayoutMethodController.java","60","com.ecommerce.app.adminvendor.controller","AdminVendorPayoutMethodController","view","GET","/admin-vendor-payout-methods/{id}","AUTHENTICATED_ONLY","","ADMIN","VENDOR_MANAGEMENT","READ","platform.vendor.management.read","ACTIVE_ADMIN_AND_MODULE_PERMISSION","PENDING_MANUAL_CONFIRMATION"
"com/ecommerce/app/adminvendor/controller/AdminVendorPayoutMethodController.java","36","com.ecommerce.app.adminvendor.controller","AdminVendorPayoutMethodController","createForm","GET","/admin-vendor-payout-methods/create","AUTHENTICATED_ONLY","","ADMIN","VENDOR_MANAGEMENT","READ","platform.vendor.management.read","ACTIVE_ADMIN_AND_MODULE_PERMISSION","PENDING_MANUAL_CONFIRMATION"
"com/ecommerce/app/adminvendor/controller/AdminVendorPayoutMethodController.java","54","com.ecommerce.app.adminvendor.controller","AdminVendorPayoutMethodController","delete","GET","/admin-vendor-payout-methods/delete/{id}","AUTHENTICATED_ONLY","","ADMIN","VENDOR_MANAGEMENT","SENSITIVE_REVIEW","platform.vendor.management.delete","ACTIVE_ADMIN_AND_MODULE_PERMISSION","PENDING_MANUAL_CONFIRMATION"
"com/ecommerce/app/adminvendor/controller/AdminVendorPayoutMethodController.java","48","com.ecommerce.app.adminvendor.controller","AdminVendorPayoutMethodController","editForm","GET","/admin-vendor-payout-methods/edit/{id}","AUTHENTICATED_ONLY","","ADMIN","VENDOR_MANAGEMENT","READ","platform.vendor.management.read","ACTIVE_ADMIN_AND_MODULE_PERMISSION","PENDING_MANUAL_CONFIRMATION"
"com/ecommerce/app/adminvendor/controller/AdminVendorPayoutMethodController.java","42","com.ecommerce.app.adminvendor.controller","AdminVendorPayoutMethodController","save","POST","/admin-vendor-payout-methods/save","AUTHENTICATED_ONLY","","ADMIN","VENDOR_MANAGEMENT","MANAGE","platform.vendor.management.manage","ACTIVE_ADMIN_AND_MODULE_PERMISSION","PENDING_MANUAL_CONFIRMATION"
"com/ecommerce/app/adminvendor/controller/AdminVendorUsersController.java","105","com.ecommerce.app.adminvendor.controller","AdminVendorUsersController","privilegeslistaddForm","GET","/adminvendorusers/privileges_add","AUTHENTICATED_ONLY","","ADMIN","VENDOR_MANAGEMENT","SENSITIVE_REVIEW","platform.vendor.management.privilege","ACTIVE_ADMIN_AND_MODULE_PERMISSION","PENDING_MANUAL_CONFIRMATION"
"com/ecommerce/app/adminvendor/controller/AdminVendorUsersController.java","130","com.ecommerce.app.adminvendor.controller","AdminVendorUsersController","privilegeslistdelete","GET","/adminvendorusers/privileges_delete/{id}","AUTHENTICATED_ONLY","","ADMIN","VENDOR_MANAGEMENT","SENSITIVE_REVIEW","platform.vendor.management.delete","ACTIVE_ADMIN_AND_MODULE_PERMISSION","PENDING_MANUAL_CONFIRMATION"
"com/ecommerce/app/adminvendor/controller/AdminVendorUsersController.java","123","com.ecommerce.app.adminvendor.controller","AdminVendorUsersController","privilegeslisteditForm","GET","/adminvendorusers/privileges_edit/{id}","AUTHENTICATED_ONLY","","ADMIN","VENDOR_MANAGEMENT","SENSITIVE_REVIEW","platform.vendor.management.privilege","ACTIVE_ADMIN_AND_MODULE_PERMISSION","PENDING_MANUAL_CONFIRMATION"
"com/ecommerce/app/adminvendor/controller/AdminVendorUsersController.java","111","com.ecommerce.app.adminvendor.controller","AdminVendorUsersController","save","POST","/adminvendorusers/privileges_save","AUTHENTICATED_ONLY","","ADMIN","VENDOR_MANAGEMENT","MANAGE","platform.vendor.management.manage","ACTIVE_ADMIN_AND_MODULE_PERMISSION","PENDING_MANUAL_CONFIRMATION"
"com/ecommerce/app/adminvendor/controller/AdminVendorUsersController.java","99","com.ecommerce.app.adminvendor.controller","AdminVendorUsersController","privilegeslist","GET","/adminvendorusers/privilegeslist","AUTHENTICATED_ONLY","","ADMIN","VENDOR_MANAGEMENT","SENSITIVE_REVIEW","platform.vendor.management.privilege","ACTIVE_ADMIN_AND_MODULE_PERMISSION","PENDING_MANUAL_CONFIRMATION"
"com/ecommerce/app/adminvendor/controller/AdminVendorUsersController.java","52","com.ecommerce.app.adminvendor.controller","AdminVendorUsersController","addForm","GET","/adminvendorusers/role_add","AUTHENTICATED_ONLY","","ADMIN","VENDOR_MANAGEMENT","READ","platform.vendor.management.read","ACTIVE_ADMIN_AND_MODULE_PERMISSION","PENDING_MANUAL_CONFIRMATION"
"com/ecommerce/app/adminvendor/controller/AdminVendorUsersController.java","91","com.ecommerce.app.adminvendor.controller","AdminVendorUsersController","delete","GET","/adminvendorusers/role_delete/{id}","AUTHENTICATED_ONLY","","ADMIN","VENDOR_MANAGEMENT","SENSITIVE_REVIEW","platform.vendor.management.delete","ACTIVE_ADMIN_AND_MODULE_PERMISSION","PENDING_MANUAL_CONFIRMATION"
"com/ecommerce/app/adminvendor/controller/AdminVendorUsersController.java","83","com.ecommerce.app.adminvendor.controller","AdminVendorUsersController","editForm","GET","/adminvendorusers/role_edit/{id}","AUTHENTICATED_ONLY","","ADMIN","VENDOR_MANAGEMENT","READ","platform.vendor.management.read","ACTIVE_ADMIN_AND_MODULE_PERMISSION","PENDING_MANUAL_CONFIRMATION"
"com/ecommerce/app/adminvendor/controller/AdminVendorUsersController.java","59","com.ecommerce.app.adminvendor.controller","AdminVendorUsersController","save","POST","/adminvendorusers/role_save","AUTHENTICATED_ONLY","","ADMIN","VENDOR_MANAGEMENT","MANAGE","platform.vendor.management.manage","ACTIVE_ADMIN_AND_MODULE_PERMISSION","PENDING_MANUAL_CONFIRMATION"
"com/ecommerce/app/adminvendor/controller/AdminVendorUsersController.java","46","com.ecommerce.app.adminvendor.controller","AdminVendorUsersController","list","GET","/adminvendorusers/rolelist","AUTHENTICATED_ONLY","","ADMIN","VENDOR_MANAGEMENT","READ","platform.vendor.management.read","ACTIVE_ADMIN_AND_MODULE_PERMISSION","PENDING_MANUAL_CONFIRMATION"
"com/ecommerce/app/commission/controller/CommissionSettingsApiController.java","24","com.ecommerce.app.commission.controller","CommissionSettingsApiController","applicableRate","GET","/api/commission/applicable-rate","AUTHENTICATED_ONLY","","API","COMMISSION","READ","api.commission.read","CLIENT_OR_USER_SCOPE_AND_RESOURCE_SCOPE","PENDING_MANUAL_CONFIRMATION"
"com/ecommerce/app/commission/controller/CommissionSettingsController.java","54","com.ecommerce.app.commission.controller","CommissionSettingsController","root","GET","/admin/commission-settings","AUTHENTICATED_ONLY","","ADMIN","COMMISSION","READ","platform.commission.read","ACTIVE_ADMIN_AND_MODULE_PERMISSION","PENDING_MANUAL_CONFIRMATION"
"com/ecommerce/app/commission/controller/CommissionSettingsController.java","59","com.ecommerce.app.commission.controller","CommissionSettingsController","rootWithSlash","GET","/admin/commission-settings/","AUTHENTICATED_ONLY","","ADMIN","COMMISSION","READ","platform.commission.read","ACTIVE_ADMIN_AND_MODULE_PERMISSION","PENDING_MANUAL_CONFIRMATION"
"com/ecommerce/app/commission/controller/CommissionSettingsController.java","242","com.ecommerce.app.commission.controller","CommissionSettingsController","view","GET","/admin/commission-settings/{id}","AUTHENTICATED_ONLY","","ADMIN","COMMISSION","READ","platform.commission.read","ACTIVE_ADMIN_AND_MODULE_PERMISSION","PENDING_MANUAL_CONFIRMATION"
"com/ecommerce/app/commission/controller/CommissionSettingsController.java","227","com.ecommerce.app.commission.controller","CommissionSettingsController","activate","POST","/admin/commission-settings/activate/{id}","AUTHENTICATED_ONLY","","ADMIN","COMMISSION","MANAGE","platform.commission.manage","ACTIVE_ADMIN_AND_MODULE_PERMISSION","PENDING_MANUAL_CONFIRMATION"
"com/ecommerce/app/commission/controller/CommissionSettingsController.java","102","com.ecommerce.app.commission.controller","CommissionSettingsController","showCreateForm","GET","/admin/commission-settings/create","AUTHENTICATED_ONLY","","ADMIN","COMMISSION","READ","platform.commission.read","ACTIVE_ADMIN_AND_MODULE_PERMISSION","PENDING_MANUAL_CONFIRMATION"
"com/ecommerce/app/commission/controller/CommissionSettingsController.java","140","com.ecommerce.app.commission.controller","CommissionSettingsController","create","POST","/admin/commission-settings/create","AUTHENTICATED_ONLY","","ADMIN","COMMISSION","MANAGE","platform.commission.manage","ACTIVE_ADMIN_AND_MODULE_PERMISSION","PENDING_MANUAL_CONFIRMATION"
"com/ecommerce/app/commission/controller/CommissionSettingsController.java","212","com.ecommerce.app.commission.controller","CommissionSettingsController","deactivate","POST","/admin/commission-settings/deactivate/{id}","AUTHENTICATED_ONLY","","ADMIN","COMMISSION","MANAGE","platform.commission.manage","ACTIVE_ADMIN_AND_MODULE_PERMISSION","PENDING_MANUAL_CONFIRMATION"
"com/ecommerce/app/commission/controller/CommissionSettingsController.java","197","com.ecommerce.app.commission.controller","CommissionSettingsController","delete","POST","/admin/commission-settings/delete/{id}","AUTHENTICATED_ONLY","","ADMIN","COMMISSION","SENSITIVE_REVIEW","platform.commission.delete","ACTIVE_ADMIN_AND_MODULE_PERMISSION","PENDING_MANUAL_CONFIRMATION"
"com/ecommerce/app/commission/controller/CommissionSettingsController.java","162","com.ecommerce.app.commission.controller","CommissionSettingsController","showEditForm","GET","/admin/commission-settings/edit/{id}","AUTHENTICATED_ONLY","","ADMIN","COMMISSION","READ","platform.commission.read","ACTIVE_ADMIN_AND_MODULE_PERMISSION","PENDING_MANUAL_CONFIRMATION"
"com/ecommerce/app/commission/controller/CommissionSettingsController.java","173","com.ecommerce.app.commission.controller","CommissionSettingsController","update","POST","/admin/commission-settings/edit/{id}","AUTHENTICATED_ONLY","","ADMIN","COMMISSION","MANAGE","platform.commission.manage","ACTIVE_ADMIN_AND_MODULE_PERMISSION","PENDING_MANUAL_CONFIRMATION"
"com/ecommerce/app/commission/controller/CommissionSettingsController.java","47","com.ecommerce.app.commission.controller","CommissionSettingsController","list","GET","/admin/commission-settings/list","AUTHENTICATED_ONLY","","ADMIN","COMMISSION","READ","platform.commission.read","ACTIVE_ADMIN_AND_MODULE_PERMISSION","PENDING_MANUAL_CONFIRMATION"
"com/ecommerce/app/commission/controller/CommissionSettingsController.java","64","com.ecommerce.app.commission.controller","CommissionSettingsController","listByType","GET","/admin/commission-settings/list-by-type","AUTHENTICATED_ONLY","","ADMIN","COMMISSION","READ","platform.commission.read","ACTIVE_ADMIN_AND_MODULE_PERMISSION","PENDING_MANUAL_CONFIRMATION"
"com/ecommerce/app/exception/ErrorControllerImpl.java","22","com.ecommerce.app.exception","ErrorControllerImpl","handleError","ALL","/error","PERMIT_ALL","","SHARED_OR_UNCLASSIFIED","GENERAL","HTTP_METHOD_REVIEW","internal.unclassified.general.method-review","AUTHENTICATED_OWNERSHIP_OR_MODULE_PERMISSION_REVIEW","PENDING_MANUAL_CONFIRMATION"
"com/ecommerce/app/exception/MyErrorController.java","19","com.ecommerce.app.exception","MyErrorController","access_denied","ALL","/access-denied","AUTHENTICATED_ONLY","","SHARED_OR_UNCLASSIFIED","GENERAL","HTTP_METHOD_REVIEW","internal.unclassified.general.method-review","AUTHENTICATED_OWNERSHIP_OR_MODULE_PERMISSION_REVIEW","PENDING_MANUAL_CONFIRMATION"
"com/ecommerce/app/globalcontroller/ShippingLocationSelectionController.java","52","com.ecommerce.app.globalcontroller","ShippingLocationSelectionController","saveLocation","POST","/district/save-district","PERMIT_ALL","","PUBLIC_EXPLICIT","SHIPPING","MANAGE","public.shipping.manage","EXPLICIT_ALLOWLIST_INPUT_LIMITS_AND_SESSION_SCOPE","PENDING_MANUAL_CONFIRMATION"
"com/ecommerce/app/globalcontroller/ShippingLocationSelectionController.java","58","com.ecommerce.app.globalcontroller","ShippingLocationSelectionController","selectLocation","POST","/district/select","AUTHENTICATED_ONLY","","PUBLIC_EXPLICIT","SHIPPING","MANAGE","public.shipping.manage","EXPLICIT_ALLOWLIST_INPUT_LIMITS_AND_SESSION_SCOPE","PENDING_MANUAL_CONFIRMATION"
"com/ecommerce/app/globalcontroller/ShippingLocationSelectionController.java","36","com.ecommerce.app.globalcontroller","ShippingLocationSelectionController","districtPage","GET","/district/select-district","PERMIT_ALL","","PUBLIC_EXPLICIT","SHIPPING","READ","public.shipping.read","EXPLICIT_ALLOWLIST_INPUT_LIMITS_AND_SESSION_SCOPE","PENDING_MANUAL_CONFIRMATION"
"com/ecommerce/app/globalcontroller/ShippingLocationSelectionController.java","44","com.ecommerce.app.globalcontroller","ShippingLocationSelectionController","thanas","GET","/district/thanas","PERMIT_ALL","","PUBLIC_EXPLICIT","SHIPPING","READ","public.shipping.read","EXPLICIT_ALLOWLIST_INPUT_LIMITS_AND_SESSION_SCOPE","PENDING_MANUAL_CONFIRMATION"
"com/ecommerce/app/module/ads/controller/AdsController.java","84","com.ecommerce.app.module.ads.controller","AdsController","createForm","GET","/admin/ads/create","AUTHENTICATED_ONLY","","ADMIN","IDENTITY_ACCESS","READ","platform.identity.access.read","ACTIVE_ADMIN_AND_MODULE_PERMISSION","PENDING_MANUAL_CONFIRMATION"
"com/ecommerce/app/module/ads/controller/AdsController.java","158","com.ecommerce.app.module.ads.controller","AdsController","delete","GET","/admin/ads/delete/{id}","AUTHENTICATED_ONLY","","ADMIN","IDENTITY_ACCESS","SENSITIVE_REVIEW","platform.identity.access.delete","ACTIVE_ADMIN_AND_MODULE_PERMISSION","PENDING_MANUAL_CONFIRMATION"
"com/ecommerce/app/module/ads/controller/AdsController.java","146","com.ecommerce.app.module.ads.controller","AdsController","editForm","GET","/admin/ads/edit/{id}","AUTHENTICATED_ONLY","","ADMIN","IDENTITY_ACCESS","READ","platform.identity.access.read","ACTIVE_ADMIN_AND_MODULE_PERMISSION","PENDING_MANUAL_CONFIRMATION"
"com/ecommerce/app/module/ads/controller/AdsController.java","67","com.ecommerce.app.module.ads.controller","AdsController","listAds","GET","/admin/ads/list","AUTHENTICATED_ONLY","","ADMIN","IDENTITY_ACCESS","READ","platform.identity.access.read","ACTIVE_ADMIN_AND_MODULE_PERMISSION","PENDING_MANUAL_CONFIRMATION"
"com/ecommerce/app/module/ads/controller/AdsController.java","90","com.ecommerce.app.module.ads.controller","AdsController","saveOrUpdate","POST","/admin/ads/save","AUTHENTICATED_ONLY","","ADMIN","IDENTITY_ACCESS","MANAGE","platform.identity.access.manage","ACTIVE_ADMIN_AND_MODULE_PERMISSION","PENDING_MANUAL_CONFIRMATION"
"com/ecommerce/app/module/blog/controller/AdminBlogController.java","96","com.ecommerce.app.module.blog.controller","AdminBlogController","index","GET","/admin/blog","AUTHENTICATED_ONLY","@PreAuthorize(""hasAuthority('admin')"")","ADMIN","BLOG","READ","platform.blog.read","ACTIVE_ADMIN_AND_MODULE_PERMISSION","PENDING_MANUAL_CONFIRMATION"
"com/ecommerce/app/module/blog/controller/AdminBlogController.java","189","com.ecommerce.app.module.blog.controller","AdminBlogController","approve","POST","/admin/blog/{id}/approve","AUTHENTICATED_ONLY","@PreAuthorize(""hasAuthority('admin')"")","ADMIN","BLOG","SENSITIVE_REVIEW","platform.blog.approve","ACTIVE_ADMIN_AND_MODULE_PERMISSION","PENDING_MANUAL_CONFIRMATION"
"com/ecommerce/app/module/blog/controller/AdminBlogController.java","168","com.ecommerce.app.module.blog.controller","AdminBlogController","delete","POST","/admin/blog/{id}/delete","AUTHENTICATED_ONLY","@PreAuthorize(""hasAuthority('admin')"")","ADMIN","BLOG","SENSITIVE_REVIEW","platform.blog.delete","ACTIVE_ADMIN_AND_MODULE_PERMISSION","PENDING_MANUAL_CONFIRMATION"
"com/ecommerce/app/module/blog/controller/AdminBlogController.java","161","com.ecommerce.app.module.blog.controller","AdminBlogController","duplicate","POST","/admin/blog/{id}/duplicate","AUTHENTICATED_ONLY","@PreAuthorize(""hasAuthority('admin')"")","ADMIN","BLOG","MANAGE","platform.blog.manage","ACTIVE_ADMIN_AND_MODULE_PERMISSION","PENDING_MANUAL_CONFIRMATION"
"com/ecommerce/app/module/blog/controller/AdminBlogController.java","116","com.ecommerce.app.module.blog.controller","AdminBlogController","edit","GET","/admin/blog/{id}/edit","AUTHENTICATED_ONLY","@PreAuthorize(""hasAuthority('admin')"")","ADMIN","BLOG","READ","platform.blog.read","ACTIVE_ADMIN_AND_MODULE_PERMISSION","PENDING_MANUAL_CONFIRMATION"
"com/ecommerce/app/module/blog/controller/AdminBlogController.java","144","com.ecommerce.app.module.blog.controller","AdminBlogController","preview","GET","/admin/blog/{id}/preview","AUTHENTICATED_ONLY","@PreAuthorize(""hasAuthority('admin')"")","ADMIN","BLOG","READ","platform.blog.read","ACTIVE_ADMIN_AND_MODULE_PERMISSION","PENDING_MANUAL_CONFIRMATION"
"com/ecommerce/app/module/blog/controller/AdminBlogController.java","196","com.ecommerce.app.module.blog.controller","AdminBlogController","reject","POST","/admin/blog/{id}/reject","AUTHENTICATED_ONLY","@PreAuthorize(""hasAuthority('admin')"")","ADMIN","BLOG","SENSITIVE_REVIEW","platform.blog.reject","ACTIVE_ADMIN_AND_MODULE_PERMISSION","PENDING_MANUAL_CONFIRMATION"
"com/ecommerce/app/module/blog/controller/AdminBlogController.java","175","com.ecommerce.app.module.blog.controller","AdminBlogController","revisions","GET","/admin/blog/{id}/revisions","AUTHENTICATED_ONLY","@PreAuthorize(""hasAuthority('admin')"")","ADMIN","BLOG","READ","platform.blog.read","ACTIVE_ADMIN_AND_MODULE_PERMISSION","PENDING_MANUAL_CONFIRMATION"
"com/ecommerce/app/module/blog/controller/AdminBlogController.java","154","com.ecommerce.app.module.blog.controller","AdminBlogController","status","POST","/admin/blog/{id}/status","AUTHENTICATED_ONLY","@PreAuthorize(""hasAuthority('admin')"")","ADMIN","BLOG","MANAGE","platform.blog.manage","ACTIVE_ADMIN_AND_MODULE_PERMISSION","PENDING_MANUAL_CONFIRMATION"
"com/ecommerce/app/module/blog/controller/AdminBlogController.java","183","com.ecommerce.app.module.blog.controller","AdminBlogController","approvalQueue","GET","/admin/blog/approval-queue","AUTHENTICATED_ONLY","@PreAuthorize(""hasAuthority('admin')"")","ADMIN","BLOG","READ","platform.blog.read","ACTIVE_ADMIN_AND_MODULE_PERMISSION","PENDING_MANUAL_CONFIRMATION"
"com/ecommerce/app/module/blog/controller/AdminBlogController.java","216","com.ecommerce.app.module.blog.controller","AdminBlogController","comments","GET","/admin/blog/comments","AUTHENTICATED_ONLY","@PreAuthorize(""hasAuthority('admin')"")","ADMIN","BLOG","READ","platform.blog.read","ACTIVE_ADMIN_AND_MODULE_PERMISSION","PENDING_MANUAL_CONFIRMATION"
"com/ecommerce/app/module/blog/controller/AdminBlogController.java","227","com.ecommerce.app.module.blog.controller","AdminBlogController","moderateComment","POST","/admin/blog/comments/{id}/moderate","AUTHENTICATED_ONLY","@PreAuthorize(""hasAuthority('admin')"")","ADMIN","BLOG","MANAGE","platform.blog.manage","ACTIVE_ADMIN_AND_MODULE_PERMISSION","PENDING_MANUAL_CONFIRMATION"
"com/ecommerce/app/module/blog/controller/AdminBlogController.java","245","com.ecommerce.app.module.blog.controller","AdminBlogController","exportPage","GET","/admin/blog/export","AUTHENTICATED_ONLY","@PreAuthorize(""hasAuthority('admin')"")","ADMIN","BLOG","SENSITIVE_REVIEW","platform.blog.export","ACTIVE_ADMIN_AND_MODULE_PERMISSION","PENDING_MANUAL_CONFIRMATION"
"com/ecommerce/app/module/blog/controller/AdminBlogController.java","240","com.ecommerce.app.module.blog.controller","AdminBlogController","importPage","GET","/admin/blog/import","AUTHENTICATED_ONLY","@PreAuthorize(""hasAuthority('admin')"")","ADMIN","BLOG","READ","platform.blog.read","ACTIVE_ADMIN_AND_MODULE_PERMISSION","PENDING_MANUAL_CONFIRMATION"
"com/ecommerce/app/module/blog/controller/AdminBlogController.java","109","com.ecommerce.app.module.blog.controller","AdminBlogController","create","GET","/admin/blog/new","AUTHENTICATED_ONLY","@PreAuthorize(""hasAuthority('admin')"")","ADMIN","BLOG","READ","platform.blog.read","ACTIVE_ADMIN_AND_MODULE_PERMISSION","PENDING_MANUAL_CONFIRMATION"
"com/ecommerce/app/module/blog/controller/AdminBlogController.java","203","com.ecommerce.app.module.blog.controller","AdminBlogController","publishingQueue","GET","/admin/blog/publishing-queue","AUTHENTICATED_ONLY","@PreAuthorize(""hasAuthority('admin')"")","ADMIN","BLOG","READ","platform.blog.read","ACTIVE_ADMIN_AND_MODULE_PERMISSION","PENDING_MANUAL_CONFIRMATION"
"com/ecommerce/app/module/blog/controller/AdminBlogController.java","209","com.ecommerce.app.module.blog.controller","AdminBlogController","runPublishingQueue","POST","/admin/blog/publishing-queue/run","AUTHENTICATED_ONLY","@PreAuthorize(""hasAuthority('admin')"")","ADMIN","BLOG","MANAGE","platform.blog.manage","ACTIVE_ADMIN_AND_MODULE_PERMISSION","PENDING_MANUAL_CONFIRMATION"
"com/ecommerce/app/module/blog/controller/AdminBlogController.java","122","com.ecommerce.app.module.blog.controller","AdminBlogController","save","POST","/admin/blog/save","AUTHENTICATED_ONLY","@PreAuthorize(""hasAuthority('admin')"")","ADMIN","BLOG","MANAGE","platform.blog.manage","ACTIVE_ADMIN_AND_MODULE_PERMISSION","PENDING_MANUAL_CONFIRMATION"
"com/ecommerce/app/module/blog/controller/AdminBlogController.java","234","com.ecommerce.app.module.blog.controller","AdminBlogController","subscribers","GET","/admin/blog/subscribers","AUTHENTICATED_ONLY","@PreAuthorize(""hasAuthority('admin')"")","ADMIN","BLOG","READ","platform.blog.read","ACTIVE_ADMIN_AND_MODULE_PERMISSION","PENDING_MANUAL_CONFIRMATION"
"com/ecommerce/app/module/blog/controller/AdminBlogTaxonomyController.java","42","com.ecommerce.app.module.blog.controller","AdminBlogTaxonomyController","categories","GET","/admin/blog/categories","AUTHENTICATED_ONLY","@PreAuthorize(""hasAuthority('admin')"")","ADMIN","BLOG","READ","platform.blog.read","ACTIVE_ADMIN_AND_MODULE_PERMISSION","PENDING_MANUAL_CONFIRMATION"
"com/ecommerce/app/module/blog/controller/AdminBlogTaxonomyController.java","54","com.ecommerce.app.module.blog.controller","AdminBlogTaxonomyController","categoryEdit","GET","/admin/blog/categories/{id}/edit","AUTHENTICATED_ONLY","@PreAuthorize(""hasAuthority('admin')"")","ADMIN","BLOG","READ","platform.blog.read","ACTIVE_ADMIN_AND_MODULE_PERMISSION","PENDING_MANUAL_CONFIRMATION"
"com/ecommerce/app/module/blog/controller/AdminBlogTaxonomyController.java","48","com.ecommerce.app.module.blog.controller","AdminBlogTaxonomyController","categoryCreate","GET","/admin/blog/categories/new","AUTHENTICATED_ONLY","@PreAuthorize(""hasAuthority('admin')"")","ADMIN","BLOG","READ","platform.blog.read","ACTIVE_ADMIN_AND_MODULE_PERMISSION","PENDING_MANUAL_CONFIRMATION"
"com/ecommerce/app/module/blog/controller/AdminBlogTaxonomyController.java","65","com.ecommerce.app.module.blog.controller","AdminBlogTaxonomyController","categorySave","POST","/admin/blog/categories/save","AUTHENTICATED_ONLY","@PreAuthorize(""hasAuthority('admin')"")","ADMIN","BLOG","MANAGE","platform.blog.manage","ACTIVE_ADMIN_AND_MODULE_PERMISSION","PENDING_MANUAL_CONFIRMATION"
"com/ecommerce/app/module/blog/controller/AdminBlogTaxonomyController.java","75","com.ecommerce.app.module.blog.controller","AdminBlogTaxonomyController","series","GET","/admin/blog/series","AUTHENTICATED_ONLY","@PreAuthorize(""hasAuthority('admin')"")","ADMIN","BLOG","READ","platform.blog.read","ACTIVE_ADMIN_AND_MODULE_PERMISSION","PENDING_MANUAL_CONFIRMATION"
"com/ecommerce/app/module/blog/controller/AdminBlogTaxonomyController.java","87","com.ecommerce.app.module.blog.controller","AdminBlogTaxonomyController","seriesEdit","GET","/admin/blog/series/{id}/edit","AUTHENTICATED_ONLY","@PreAuthorize(""hasAuthority('admin')"")","ADMIN","BLOG","READ","platform.blog.read","ACTIVE_ADMIN_AND_MODULE_PERMISSION","PENDING_MANUAL_CONFIRMATION"
"com/ecommerce/app/module/blog/controller/AdminBlogTaxonomyController.java","81","com.ecommerce.app.module.blog.controller","AdminBlogTaxonomyController","seriesCreate","GET","/admin/blog/series/new","AUTHENTICATED_ONLY","@PreAuthorize(""hasAuthority('admin')"")","ADMIN","BLOG","READ","platform.blog.read","ACTIVE_ADMIN_AND_MODULE_PERMISSION","PENDING_MANUAL_CONFIRMATION"
"com/ecommerce/app/module/blog/controller/AdminBlogTaxonomyController.java","98","com.ecommerce.app.module.blog.controller","AdminBlogTaxonomyController","seriesSave","POST","/admin/blog/series/save","AUTHENTICATED_ONLY","@PreAuthorize(""hasAuthority('admin')"")","ADMIN","BLOG","MANAGE","platform.blog.manage","ACTIVE_ADMIN_AND_MODULE_PERMISSION","PENDING_MANUAL_CONFIRMATION"
"com/ecommerce/app/module/blog/controller/CustomerBlogController.java","66","com.ecommerce.app.module.blog.controller","CustomerBlogController","index","GET","/customer/blog","AUTHENTICATED_ONLY","@PreAuthorize(""hasAuthority('customer')"")","CUSTOMER","BLOG","READ","customer.blog.read","ACTIVE_CUSTOMER_AND_CURRENT_USER_OWNERSHIP","PENDING_MANUAL_CONFIRMATION"
"com/ecommerce/app/module/blog/controller/CustomerBlogController.java","66","com.ecommerce.app.module.blog.controller","CustomerBlogController","index","GET","/customer/blog/","AUTHENTICATED_ONLY","@PreAuthorize(""hasAuthority('customer')"")","CUSTOMER","BLOG","READ","customer.blog.read","ACTIVE_CUSTOMER_AND_CURRENT_USER_OWNERSHIP","PENDING_MANUAL_CONFIRMATION"
"com/ecommerce/app/module/blog/controller/CustomerBlogController.java","117","com.ecommerce.app.module.blog.controller","CustomerBlogController","detail","GET","/customer/blog/{slug}","AUTHENTICATED_ONLY","@PreAuthorize(""hasAuthority('customer')"")","CUSTOMER","BLOG","READ","customer.blog.read","ACTIVE_CUSTOMER_AND_CURRENT_USER_OWNERSHIP","PENDING_MANUAL_CONFIRMATION"
"com/ecommerce/app/module/blog/controller/CustomerBlogController.java","131","com.ecommerce.app.module.blog.controller","CustomerBlogController","bookmark","POST","/customer/blog/{slug}/bookmark","AUTHENTICATED_ONLY","@PreAuthorize(""hasAuthority('customer')"")","CUSTOMER","BLOG","MANAGE","customer.blog.manage","ACTIVE_CUSTOMER_AND_CURRENT_USER_OWNERSHIP","PENDING_MANUAL_CONFIRMATION"
"com/ecommerce/app/module/blog/controller/CustomerBlogController.java","143","com.ecommerce.app.module.blog.controller","CustomerBlogController","removeBookmark","POST","/customer/blog/{slug}/bookmark/remove","AUTHENTICATED_ONLY","@PreAuthorize(""hasAuthority('customer')"")","CUSTOMER","BLOG","SENSITIVE_REVIEW","customer.blog.remove","ACTIVE_CUSTOMER_AND_CURRENT_USER_OWNERSHIP","PENDING_MANUAL_CONFIRMATION"
"com/ecommerce/app/module/blog/controller/CustomerBlogController.java","155","com.ecommerce.app.module.blog.controller","CustomerBlogController","comment","POST","/customer/blog/{slug}/comments","AUTHENTICATED_ONLY","@PreAuthorize(""hasAuthority('customer')"")","CUSTOMER","BLOG","MANAGE","customer.blog.manage","ACTIVE_CUSTOMER_AND_CURRENT_USER_OWNERSHIP","PENDING_MANUAL_CONFIRMATION"
"com/ecommerce/app/module/blog/controller/CustomerBlogController.java","66","com.ecommerce.app.module.blog.controller","CustomerBlogController","index","GET","/customer/blog/index","AUTHENTICATED_ONLY","@PreAuthorize(""hasAuthority('customer')"")","CUSTOMER","BLOG","READ","customer.blog.read","ACTIVE_CUSTOMER_AND_CURRENT_USER_OWNERSHIP","PENDING_MANUAL_CONFIRMATION"
"com/ecommerce/app/module/blog/controller/CustomerBlogController.java","104","com.ecommerce.app.module.blog.controller","CustomerBlogController","myPosts","GET","/customer/blog/my-posts","AUTHENTICATED_ONLY","@PreAuthorize(""hasAuthority('customer')"")","CUSTOMER","BLOG","READ","customer.blog.read","ACTIVE_CUSTOMER_AND_CURRENT_USER_OWNERSHIP","PENDING_MANUAL_CONFIRMATION"
"com/ecommerce/app/module/blog/controller/CustomerBlogController.java","110","com.ecommerce.app.module.blog.controller","CustomerBlogController","saved","GET","/customer/blog/saved","AUTHENTICATED_ONLY","@PreAuthorize(""hasAuthority('customer')"")","CUSTOMER","BLOG","READ","customer.blog.read","ACTIVE_CUSTOMER_AND_CURRENT_USER_OWNERSHIP","PENDING_MANUAL_CONFIRMATION"
"com/ecommerce/app/module/blog/controller/CustomerBlogController.java","77","com.ecommerce.app.module.blog.controller","CustomerBlogController","write","GET","/customer/blog/write","AUTHENTICATED_ONLY","@PreAuthorize(""hasAuthority('customer')"")","CUSTOMER","BLOG","READ","customer.blog.read","ACTIVE_CUSTOMER_AND_CURRENT_USER_OWNERSHIP","PENDING_MANUAL_CONFIRMATION"
"com/ecommerce/app/module/blog/controller/CustomerBlogController.java","85","com.ecommerce.app.module.blog.controller","CustomerBlogController","submit","POST","/customer/blog/write","AUTHENTICATED_ONLY","@PreAuthorize(""hasAuthority('customer')"")","CUSTOMER","BLOG","MANAGE","customer.blog.manage","ACTIVE_CUSTOMER_AND_CURRENT_USER_OWNERSHIP","PENDING_MANUAL_CONFIRMATION"
"com/ecommerce/app/module/blog/controller/PublicBlogController.java","54","com.ecommerce.app.module.blog.controller","PublicBlogController","landing","GET","/public/blog","PERMIT_ALL","","PUBLIC_EXPLICIT","BLOG","READ","public.blog.read","EXPLICIT_ALLOWLIST_INPUT_LIMITS_AND_SESSION_SCOPE","PENDING_MANUAL_CONFIRMATION"
"com/ecommerce/app/module/blog/controller/PublicBlogController.java","96","com.ecommerce.app.module.blog.controller","PublicBlogController","detail","GET","/public/blog/{slug}","PERMIT_ALL","","PUBLIC_EXPLICIT","BLOG","READ","public.blog.read","EXPLICIT_ALLOWLIST_INPUT_LIMITS_AND_SESSION_SCOPE","PENDING_MANUAL_CONFIRMATION"
"com/ecommerce/app/module/blog/controller/PublicBlogController.java","109","com.ecommerce.app.module.blog.controller","PublicBlogController","comment","POST","/public/blog/{slug}/comments","PERMIT_ALL","","PUBLIC_EXPLICIT","BLOG","MANAGE","public.blog.manage","EXPLICIT_ALLOWLIST_INPUT_LIMITS_AND_SESSION_SCOPE","PENDING_MANUAL_CONFIRMATION"
"com/ecommerce/app/module/blog/controller/PublicBlogController.java","69","com.ecommerce.app.module.blog.controller","PublicBlogController","category","GET","/public/blog/category/{slug}","PERMIT_ALL","","PUBLIC_EXPLICIT","BLOG","READ","public.blog.read","EXPLICIT_ALLOWLIST_INPUT_LIMITS_AND_SESSION_SCOPE","PENDING_MANUAL_CONFIRMATION"
"com/ecommerce/app/module/blog/controller/PublicBlogController.java","64","com.ecommerce.app.module.blog.controller","PublicBlogController","search","GET","/public/blog/search","PERMIT_ALL","","PUBLIC_EXPLICIT","BLOG","READ","public.blog.read","EXPLICIT_ALLOWLIST_INPUT_LIMITS_AND_SESSION_SCOPE","PENDING_MANUAL_CONFIRMATION"
"com/ecommerce/app/module/blog/controller/PublicBlogController.java","131","com.ecommerce.app.module.blog.controller","PublicBlogController","subscribe","POST","/public/blog/subscribe","PERMIT_ALL","","PUBLIC_EXPLICIT","BLOG","MANAGE","public.blog.manage","EXPLICIT_ALLOWLIST_INPUT_LIMITS_AND_SESSION_SCOPE","PENDING_MANUAL_CONFIRMATION"
"com/ecommerce/app/module/blog/controller/PublicBlogController.java","84","com.ecommerce.app.module.blog.controller","PublicBlogController","tag","GET","/public/blog/tag/{slug}","PERMIT_ALL","","PUBLIC_EXPLICIT","BLOG","READ","public.blog.read","EXPLICIT_ALLOWLIST_INPUT_LIMITS_AND_SESSION_SCOPE","PENDING_MANUAL_CONFIRMATION"
"com/ecommerce/app/module/cart/controller/CartAddressController.java","45","com.ecommerce.app.module.cart.controller","CartAddressController","addBillingAddress","ALL","/cart_address/add_billing_address","PERMIT_ALL","","PUBLIC_EXPLICIT","CART_CHECKOUT","HTTP_METHOD_REVIEW","public.cart.checkout.method-review","EXPLICIT_ALLOWLIST_INPUT_LIMITS_AND_SESSION_SCOPE","PENDING_MANUAL_CONFIRMATION"
"com/ecommerce/app/module/cart/controller/CartAddressController.java","85","com.ecommerce.app.module.cart.controller","CartAddressController","addShippingAddress","ALL","/cart_address/add_shipping_address","PERMIT_ALL","","PUBLIC_EXPLICIT","CART_CHECKOUT","HTTP_METHOD_REVIEW","public.cart.checkout.method-review","EXPLICIT_ALLOWLIST_INPUT_LIMITS_AND_SESSION_SCOPE","PENDING_MANUAL_CONFIRMATION"
"com/ecommerce/app/module/cart/controller/CartAddressController.java","97","com.ecommerce.app.module.cart.controller","CartAddressController","saveGuestDeliveryAddress","ALL","/cart_address/guest_delivery_address","PERMIT_ALL","","PUBLIC_EXPLICIT","CART_CHECKOUT","HTTP_METHOD_REVIEW","public.cart.checkout.method-review","EXPLICIT_ALLOWLIST_INPUT_LIMITS_AND_SESSION_SCOPE","PENDING_MANUAL_CONFIRMATION"
"com/ecommerce/app/module/cart/controller/CartController.java","113","com.ecommerce.app.module.cart.controller","CartController","index","ALL","/cart","PERMIT_ALL","","PUBLIC_EXPLICIT","CART_CHECKOUT","HTTP_METHOD_REVIEW","public.cart.checkout.method-review","EXPLICIT_ALLOWLIST_INPUT_LIMITS_AND_SESSION_SCOPE","PENDING_MANUAL_CONFIRMATION"
"com/ecommerce/app/module/cart/controller/CartController.java","113","com.ecommerce.app.module.cart.controller","CartController","index","ALL","/cart/","PERMIT_ALL","","PUBLIC_EXPLICIT","CART_CHECKOUT","HTTP_METHOD_REVIEW","public.cart.checkout.method-review","EXPLICIT_ALLOWLIST_INPUT_LIMITS_AND_SESSION_SCOPE","PENDING_MANUAL_CONFIRMATION"
"com/ecommerce/app/module/cart/controller/CartController.java","577","com.ecommerce.app.module.cart.controller","CartController","addItem","POST","/cart/add","PERMIT_ALL","","PUBLIC_EXPLICIT","CART_CHECKOUT","MANAGE","public.cart.checkout.manage","EXPLICIT_ALLOWLIST_INPUT_LIMITS_AND_SESSION_SCOPE","PENDING_MANUAL_CONFIRMATION"
"com/ecommerce/app/module/cart/controller/CartController.java","222","com.ecommerce.app.module.cart.controller","CartController","checkout","GET","/cart/checkout","PERMIT_ALL","","PUBLIC_EXPLICIT","CART_CHECKOUT","READ","public.cart.checkout.read","EXPLICIT_ALLOWLIST_INPUT_LIMITS_AND_SESSION_SCOPE","PENDING_MANUAL_CONFIRMATION"
"com/ecommerce/app/module/cart/controller/CartController.java","352","com.ecommerce.app.module.cart.controller","CartController","checkoutAvailability","GET","/cart/checkout/availability","PERMIT_ALL","","PUBLIC_EXPLICIT","CART_CHECKOUT","READ","public.cart.checkout.read","EXPLICIT_ALLOWLIST_INPUT_LIMITS_AND_SESSION_SCOPE","PENDING_MANUAL_CONFIRMATION"
"com/ecommerce/app/module/cart/controller/CartController.java","358","com.ecommerce.app.module.cart.controller","CartController","previewCheckoutIncentives","POST","/cart/checkout/incentives/preview","PERMIT_ALL","","PUBLIC_EXPLICIT","CART_CHECKOUT","MANAGE","public.cart.checkout.manage","EXPLICIT_ALLOWLIST_INPUT_LIMITS_AND_SESSION_SCOPE","PENDING_MANUAL_CONFIRMATION"
"com/ecommerce/app/module/cart/controller/CartController.java","690","com.ecommerce.app.module.cart.controller","CartController","getCartCount","GET","/cart/count","PERMIT_ALL","","PUBLIC_EXPLICIT","CART_CHECKOUT","READ","public.cart.checkout.read","EXPLICIT_ALLOWLIST_INPUT_LIMITS_AND_SESSION_SCOPE","PENDING_MANUAL_CONFIRMATION"
"com/ecommerce/app/module/cart/controller/CartController.java","113","com.ecommerce.app.module.cart.controller","CartController","index","ALL","/cart/index","PERMIT_ALL","","PUBLIC_EXPLICIT","CART_CHECKOUT","HTTP_METHOD_REVIEW","public.cart.checkout.method-review","EXPLICIT_ALLOWLIST_INPUT_LIMITS_AND_SESSION_SCOPE","PENDING_MANUAL_CONFIRMATION"
"com/ecommerce/app/module/cart/controller/CartController.java","883","com.ecommerce.app.module.cart.controller","CartController","payment","ALL","/cart/payment","PERMIT_ALL","","PUBLIC_EXPLICIT","CART_CHECKOUT","HTTP_METHOD_REVIEW","public.cart.checkout.method-review","EXPLICIT_ALLOWLIST_INPUT_LIMITS_AND_SESSION_SCOPE","PENDING_MANUAL_CONFIRMATION"
"com/ecommerce/app/module/cart/controller/CartController.java","878","com.ecommerce.app.module.cart.controller","CartController","shipping","ALL","/cart/shipping","PERMIT_ALL","","PUBLIC_EXPLICIT","CART_CHECKOUT","HTTP_METHOD_REVIEW","public.cart.checkout.method-review","EXPLICIT_ALLOWLIST_INPUT_LIMITS_AND_SESSION_SCOPE","PENDING_MANUAL_CONFIRMATION"
"com/ecommerce/app/module/cart/controller/CartController.java","763","com.ecommerce.app.module.cart.controller","CartController","updatePackagingVendorTotals","POST","/cart/updatePackaging/{vendorId}","PERMIT_ALL","","PUBLIC_EXPLICIT","CART_CHECKOUT","MANAGE","public.cart.checkout.manage","EXPLICIT_ALLOWLIST_INPUT_LIMITS_AND_SESSION_SCOPE","PENDING_MANUAL_CONFIRMATION"
"com/ecommerce/app/module/cart/controller/CartController.java","698","com.ecommerce.app.module.cart.controller","CartController","updateShippingVendorTotals","POST","/cart/updateshipping/{vendorId}","PERMIT_ALL","","PUBLIC_EXPLICIT","CART_CHECKOUT","MANAGE","public.cart.checkout.manage","EXPLICIT_ALLOWLIST_INPUT_LIMITS_AND_SESSION_SCOPE","PENDING_MANUAL_CONFIRMATION"
"com/ecommerce/app/module/cart/controller/CartsController.java","68","com.ecommerce.app.module.cart.controller","CartsController","getCart","GET","/carts/api","PERMIT_ALL","","PUBLIC_EXPLICIT","CART_CHECKOUT","READ","public.cart.checkout.read","EXPLICIT_ALLOWLIST_INPUT_LIMITS_AND_SESSION_SCOPE","PENDING_MANUAL_CONFIRMATION"
"com/ecommerce/app/module/cart/controller/CartsController.java","224","com.ecommerce.app.module.cart.controller","CartsController","removeItem","POST","/carts/removeitem","PERMIT_ALL","","PUBLIC_EXPLICIT","CART_CHECKOUT","SENSITIVE_REVIEW","public.cart.checkout.remove","EXPLICIT_ALLOWLIST_INPUT_LIMITS_AND_SESSION_SCOPE","PENDING_MANUAL_CONFIRMATION"
"com/ecommerce/app/module/cart/controller/CartsController.java","265","com.ecommerce.app.module.cart.controller","CartsController","updatePackaging","POST","/carts/updatePackaging","PERMIT_ALL","","PUBLIC_EXPLICIT","CART_CHECKOUT","MANAGE","public.cart.checkout.manage","EXPLICIT_ALLOWLIST_INPUT_LIMITS_AND_SESSION_SCOPE","PENDING_MANUAL_CONFIRMATION"
"com/ecommerce/app/module/cart/controller/CartsController.java","329","com.ecommerce.app.module.cart.controller","CartsController","updatePackagingRate","POST","/carts/updatePackagingRate","PERMIT_ALL","","PUBLIC_EXPLICIT","CART_CHECKOUT","MANAGE","public.cart.checkout.manage","EXPLICIT_ALLOWLIST_INPUT_LIMITS_AND_SESSION_SCOPE","PENDING_MANUAL_CONFIRMATION"
"com/ecommerce/app/module/cart/controller/CartsController.java","206","com.ecommerce.app.module.cart.controller","CartsController","updateQuantity","POST","/carts/updateQuantity","PERMIT_ALL","","PUBLIC_EXPLICIT","CART_CHECKOUT","MANAGE","public.cart.checkout.manage","EXPLICIT_ALLOWLIST_INPUT_LIMITS_AND_SESSION_SCOPE","PENDING_MANUAL_CONFIRMATION"
"com/ecommerce/app/module/cart/controller/CartsController.java","241","com.ecommerce.app.module.cart.controller","CartsController","updateShipping","POST","/carts/updateShipping","PERMIT_ALL","","PUBLIC_EXPLICIT","CART_CHECKOUT","MANAGE","public.cart.checkout.manage","EXPLICIT_ALLOWLIST_INPUT_LIMITS_AND_SESSION_SCOPE","PENDING_MANUAL_CONFIRMATION"
"com/ecommerce/app/module/cart/controller/CartsController.java","289","com.ecommerce.app.module.cart.controller","CartsController","updateShippingOption","POST","/carts/updateShippingOption","PERMIT_ALL","","PUBLIC_EXPLICIT","CART_CHECKOUT","MANAGE","public.cart.checkout.manage","EXPLICIT_ALLOWLIST_INPUT_LIMITS_AND_SESSION_SCOPE","PENDING_MANUAL_CONFIRMATION"
"com/ecommerce/app/module/checkout/guest/controller/GuestCheckoutMobileController.java","85","com.ecommerce.app.module.checkout.guest.controller","GuestCheckoutMobileController","changeMobile","POST","/checkout/guest/mobile/change-mobile","PERMIT_ALL","","PUBLIC_EXPLICIT","CART_CHECKOUT","MANAGE","public.cart.checkout.manage","EXPLICIT_ALLOWLIST_INPUT_LIMITS_AND_SESSION_SCOPE","PENDING_MANUAL_CONFIRMATION"
"com/ecommerce/app/module/checkout/guest/controller/GuestCheckoutMobileController.java","56","com.ecommerce.app.module.checkout.guest.controller","GuestCheckoutMobileController","resendOtp","POST","/checkout/guest/mobile/resend-otp","PERMIT_ALL","","PUBLIC_EXPLICIT","CART_CHECKOUT","MANAGE","public.cart.checkout.manage","EXPLICIT_ALLOWLIST_INPUT_LIMITS_AND_SESSION_SCOPE","PENDING_MANUAL_CONFIRMATION"
"com/ecommerce/app/module/checkout/guest/controller/GuestCheckoutMobileController.java","36","com.ecommerce.app.module.checkout.guest.controller","GuestCheckoutMobileController","sendOtp","POST","/checkout/guest/mobile/send-otp","PERMIT_ALL","","PUBLIC_EXPLICIT","CART_CHECKOUT","MANAGE","public.cart.checkout.manage","EXPLICIT_ALLOWLIST_INPUT_LIMITS_AND_SESSION_SCOPE","PENDING_MANUAL_CONFIRMATION"
"com/ecommerce/app/module/checkout/guest/controller/GuestCheckoutMobileController.java","65","com.ecommerce.app.module.checkout.guest.controller","GuestCheckoutMobileController","verifyOtp","POST","/checkout/guest/mobile/verify-otp","PERMIT_ALL","","PUBLIC_EXPLICIT","CART_CHECKOUT","SENSITIVE_REVIEW","public.cart.checkout.verify","EXPLICIT_ALLOWLIST_INPUT_LIMITS_AND_SESSION_SCOPE","PENDING_MANUAL_CONFIRMATION"
"com/ecommerce/app/module/communication/controller/CommunicationAdminController.java","69","com.ecommerce.app.module.communication.controller","CommunicationAdminController","index","GET","/admin/communication","AUTHENTICATED_ONLY","","ADMIN","COMMUNICATION","READ","platform.communication.read","ACTIVE_ADMIN_AND_MODULE_PERMISSION","PENDING_MANUAL_CONFIRMATION"
"com/ecommerce/app/module/communication/controller/CommunicationAdminController.java","205","com.ecommerce.app.module.communication.controller","CommunicationAdminController","jobs","GET","/admin/communication/jobs","AUTHENTICATED_ONLY","","ADMIN","COMMUNICATION","READ","platform.communication.read","ACTIVE_ADMIN_AND_MODULE_PERMISSION","PENDING_MANUAL_CONFIRMATION"
"com/ecommerce/app/module/communication/controller/CommunicationAdminController.java","211","com.ecommerce.app.module.communication.controller","CommunicationAdminController","logs","GET","/admin/communication/logs","AUTHENTICATED_ONLY","","ADMIN","COMMUNICATION","READ","platform.communication.read","ACTIVE_ADMIN_AND_MODULE_PERMISSION","PENDING_MANUAL_CONFIRMATION"
"com/ecommerce/app/module/communication/controller/CommunicationAdminController.java","116","com.ecommerce.app.module.communication.controller","CommunicationAdminController","providers","GET","/admin/communication/providers","AUTHENTICATED_ONLY","","ADMIN","COMMUNICATION","READ","platform.communication.read","ACTIVE_ADMIN_AND_MODULE_PERMISSION","PENDING_MANUAL_CONFIRMATION"
"com/ecommerce/app/module/communication/controller/CommunicationAdminController.java","149","com.ecommerce.app.module.communication.controller","CommunicationAdminController","deleteProvider","POST","/admin/communication/providers/{id}/delete","AUTHENTICATED_ONLY","","ADMIN","COMMUNICATION","SENSITIVE_REVIEW","platform.communication.delete","ACTIVE_ADMIN_AND_MODULE_PERMISSION","PENDING_MANUAL_CONFIRMATION"
"com/ecommerce/app/module/communication/controller/CommunicationAdminController.java","128","com.ecommerce.app.module.communication.controller","CommunicationAdminController","editProvider","GET","/admin/communication/providers/{id}/edit","AUTHENTICATED_ONLY","","ADMIN","COMMUNICATION","READ","platform.communication.read","ACTIVE_ADMIN_AND_MODULE_PERMISSION","PENDING_MANUAL_CONFIRMATION"
"com/ecommerce/app/module/communication/controller/CommunicationAdminController.java","122","com.ecommerce.app.module.communication.controller","CommunicationAdminController","createProvider","GET","/admin/communication/providers/new","AUTHENTICATED_ONLY","","ADMIN","COMMUNICATION","READ","platform.communication.read","ACTIVE_ADMIN_AND_MODULE_PERMISSION","PENDING_MANUAL_CONFIRMATION"
"com/ecommerce/app/module/communication/controller/CommunicationAdminController.java","139","com.ecommerce.app.module.communication.controller","CommunicationAdminController","saveProvider","POST","/admin/communication/providers/save","AUTHENTICATED_ONLY","","ADMIN","COMMUNICATION","MANAGE","platform.communication.manage","ACTIVE_ADMIN_AND_MODULE_PERMISSION","PENDING_MANUAL_CONFIRMATION"
"com/ecommerce/app/module/communication/controller/CommunicationAdminController.java","156","com.ecommerce.app.module.communication.controller","CommunicationAdminController","routingRules","GET","/admin/communication/routing-rules","AUTHENTICATED_ONLY","","ADMIN","COMMUNICATION","READ","platform.communication.read","ACTIVE_ADMIN_AND_MODULE_PERMISSION","PENDING_MANUAL_CONFIRMATION"
"com/ecommerce/app/module/communication/controller/CommunicationAdminController.java","198","com.ecommerce.app.module.communication.controller","CommunicationAdminController","deleteRoutingRule","POST","/admin/communication/routing-rules/{id}/delete","AUTHENTICATED_ONLY","","ADMIN","COMMUNICATION","SENSITIVE_REVIEW","platform.communication.delete","ACTIVE_ADMIN_AND_MODULE_PERMISSION","PENDING_MANUAL_CONFIRMATION"
"com/ecommerce/app/module/communication/controller/CommunicationAdminController.java","168","com.ecommerce.app.module.communication.controller","CommunicationAdminController","editRoutingRule","GET","/admin/communication/routing-rules/{id}/edit","AUTHENTICATED_ONLY","","ADMIN","COMMUNICATION","READ","platform.communication.read","ACTIVE_ADMIN_AND_MODULE_PERMISSION","PENDING_MANUAL_CONFIRMATION"
"com/ecommerce/app/module/communication/controller/CommunicationAdminController.java","162","com.ecommerce.app.module.communication.controller","CommunicationAdminController","createRoutingRule","GET","/admin/communication/routing-rules/new","AUTHENTICATED_ONLY","","ADMIN","COMMUNICATION","READ","platform.communication.read","ACTIVE_ADMIN_AND_MODULE_PERMISSION","PENDING_MANUAL_CONFIRMATION"
"com/ecommerce/app/module/communication/controller/CommunicationAdminController.java","179","com.ecommerce.app.module.communication.controller","CommunicationAdminController","saveRoutingRule","POST","/admin/communication/routing-rules/save","AUTHENTICATED_ONLY","","ADMIN","COMMUNICATION","MANAGE","platform.communication.manage","ACTIVE_ADMIN_AND_MODULE_PERMISSION","PENDING_MANUAL_CONFIRMATION"
"com/ecommerce/app/module/communication/controller/CommunicationAdminController.java","217","com.ecommerce.app.module.communication.controller","CommunicationAdminController","settings","GET","/admin/communication/settings","AUTHENTICATED_ONLY","","ADMIN","COMMUNICATION","READ","platform.communication.read","ACTIVE_ADMIN_AND_MODULE_PERMISSION","PENDING_MANUAL_CONFIRMATION"
"com/ecommerce/app/module/communication/controller/CommunicationAdminController.java","223","com.ecommerce.app.module.communication.controller","CommunicationAdminController","saveSettings","POST","/admin/communication/settings/save","AUTHENTICATED_ONLY","","ADMIN","COMMUNICATION","MANAGE","platform.communication.manage","ACTIVE_ADMIN_AND_MODULE_PERMISSION","PENDING_MANUAL_CONFIRMATION"
"com/ecommerce/app/module/communication/controller/CommunicationAdminController.java","74","com.ecommerce.app.module.communication.controller","CommunicationAdminController","templates","GET","/admin/communication/templates","AUTHENTICATED_ONLY","","ADMIN","COMMUNICATION","READ","platform.communication.read","ACTIVE_ADMIN_AND_MODULE_PERMISSION","PENDING_MANUAL_CONFIRMATION"
"com/ecommerce/app/module/communication/controller/CommunicationAdminController.java","109","com.ecommerce.app.module.communication.controller","CommunicationAdminController","deleteTemplate","POST","/admin/communication/templates/{id}/delete","AUTHENTICATED_ONLY","","ADMIN","COMMUNICATION","SENSITIVE_REVIEW","platform.communication.delete","ACTIVE_ADMIN_AND_MODULE_PERMISSION","PENDING_MANUAL_CONFIRMATION"
"com/ecommerce/app/module/communication/controller/CommunicationAdminController.java","88","com.ecommerce.app.module.communication.controller","CommunicationAdminController","editTemplate","GET","/admin/communication/templates/{id}/edit","AUTHENTICATED_ONLY","","ADMIN","COMMUNICATION","READ","platform.communication.read","ACTIVE_ADMIN_AND_MODULE_PERMISSION","PENDING_MANUAL_CONFIRMATION"
"com/ecommerce/app/module/communication/controller/CommunicationAdminController.java","80","com.ecommerce.app.module.communication.controller","CommunicationAdminController","createTemplate","GET","/admin/communication/templates/new","AUTHENTICATED_ONLY","","ADMIN","COMMUNICATION","READ","platform.communication.read","ACTIVE_ADMIN_AND_MODULE_PERMISSION","PENDING_MANUAL_CONFIRMATION"
"com/ecommerce/app/module/communication/controller/CommunicationAdminController.java","99","com.ecommerce.app.module.communication.controller","CommunicationAdminController","saveTemplate","POST","/admin/communication/templates/save","AUTHENTICATED_ONLY","","ADMIN","COMMUNICATION","MANAGE","platform.communication.manage","ACTIVE_ADMIN_AND_MODULE_PERMISSION","PENDING_MANUAL_CONFIRMATION"
"com/ecommerce/app/module/communication/controller/CommunicationMessageReportController.java","26","com.ecommerce.app.module.communication.controller","CommunicationMessageReportController","messageHistory","GET","/admin/communication/messages","AUTHENTICATED_ONLY","","ADMIN","COMMUNICATION","READ","platform.communication.read","ACTIVE_ADMIN_AND_MODULE_PERMISSION","PENDING_MANUAL_CONFIRMATION"
"com/ecommerce/app/module/communication/controller/CommunicationMessageReportController.java","44","com.ecommerce.app.module.communication.controller","CommunicationMessageReportController","messageRecipients","GET","/admin/communication/messages/{messageId}/recipients","AUTHENTICATED_ONLY","","ADMIN","COMMUNICATION","READ","platform.communication.read","ACTIVE_ADMIN_AND_MODULE_PERMISSION","PENDING_MANUAL_CONFIRMATION"
"com/ecommerce/app/module/communication/controller/CommunicationMessageReportController.java","34","com.ecommerce.app.module.communication.controller","CommunicationMessageReportController","messageReport","GET","/admin/communication/messages/{messageId}/report","AUTHENTICATED_ONLY","","ADMIN","COMMUNICATION","READ","platform.communication.read","ACTIVE_ADMIN_AND_MODULE_PERMISSION","PENDING_MANUAL_CONFIRMATION"
"com/ecommerce/app/module/communication/controller/CommunicationNotificationController.java","59","com.ecommerce.app.module.communication.controller","CommunicationNotificationController","adminNotifications","GET","/admin/notifications","AUTHENTICATED_ONLY","","ADMIN","COMMUNICATION","READ","platform.communication.read","ACTIVE_ADMIN_AND_MODULE_PERMISSION","PENDING_MANUAL_CONFIRMATION"
"com/ecommerce/app/module/communication/controller/CommunicationNotificationController.java","66","com.ecommerce.app.module.communication.controller","CommunicationNotificationController","adminNotificationDetails","GET","/admin/notifications/{recipientId}","AUTHENTICATED_ONLY","","ADMIN","COMMUNICATION","READ","platform.communication.read","ACTIVE_ADMIN_AND_MODULE_PERMISSION","PENDING_MANUAL_CONFIRMATION"
"com/ecommerce/app/module/communication/controller/CommunicationNotificationController.java","29","com.ecommerce.app.module.communication.controller","CommunicationNotificationController","customerNotifications","GET","/customer/notifications","AUTHENTICATED_ONLY","","CUSTOMER","COMMUNICATION","READ","customer.communication.read","ACTIVE_CUSTOMER_AND_CURRENT_USER_OWNERSHIP","PENDING_MANUAL_CONFIRMATION"
"com/ecommerce/app/module/communication/controller/CommunicationNotificationController.java","36","com.ecommerce.app.module.communication.controller","CommunicationNotificationController","customerNotificationDetails","GET","/customer/notifications/{recipientId}","AUTHENTICATED_ONLY","","CUSTOMER","COMMUNICATION","READ","customer.communication.read","ACTIVE_CUSTOMER_AND_CURRENT_USER_OWNERSHIP","PENDING_MANUAL_CONFIRMATION"
"com/ecommerce/app/module/communication/controller/CommunicationNotificationController.java","44","com.ecommerce.app.module.communication.controller","CommunicationNotificationController","vendorNotifications","GET","/vendor/notifications","AUTHENTICATED_ONLY","","VENDOR","COMMUNICATION","READ","vendor.communication.read","ACTIVE_VENDOR_MEMBERSHIP_PERMISSION_AND_RESOURCE_SCOPE","PENDING_MANUAL_CONFIRMATION"
"com/ecommerce/app/module/communication/controller/CommunicationNotificationController.java","51","com.ecommerce.app.module.communication.controller","CommunicationNotificationController","vendorNotificationDetails","GET","/vendor/notifications/{recipientId}","AUTHENTICATED_ONLY","","VENDOR","COMMUNICATION","READ","vendor.communication.read","ACTIVE_VENDOR_MEMBERSHIP_PERMISSION_AND_RESOURCE_SCOPE","PENDING_MANUAL_CONFIRMATION"
"com/ecommerce/app/module/communication/controller/CommunicationPreferenceController.java","21","com.ecommerce.app.module.communication.controller","CommunicationPreferenceController","unsubscribe","GET","/public/communication/unsubscribe","PERMIT_ALL","","PUBLIC_EXPLICIT","COMMUNICATION","READ","public.communication.read","EXPLICIT_ALLOWLIST_INPUT_LIMITS_AND_SESSION_SCOPE","PENDING_MANUAL_CONFIRMATION"
"com/ecommerce/app/module/communication/controller/ManualCommunicationAdminController.java","60","com.ecommerce.app.module.communication.controller","ManualCommunicationAdminController","compose","GET","/admin/communication/manual/compose","AUTHENTICATED_ONLY","","ADMIN","COMMUNICATION","READ","platform.communication.read","ACTIVE_ADMIN_AND_MODULE_PERMISSION","PENDING_MANUAL_CONFIRMATION"
"com/ecommerce/app/module/communication/controller/ManualCommunicationAdminController.java","88","com.ecommerce.app.module.communication.controller","ManualCommunicationAdminController","inbox","GET","/admin/communication/manual/inbox","AUTHENTICATED_ONLY","","ADMIN","COMMUNICATION","READ","platform.communication.read","ACTIVE_ADMIN_AND_MODULE_PERMISSION","PENDING_MANUAL_CONFIRMATION"
"com/ecommerce/app/module/communication/controller/ManualCommunicationAdminController.java","114","com.ecommerce.app.module.communication.controller","ManualCommunicationAdminController","logs","GET","/admin/communication/manual/logs","AUTHENTICATED_ONLY","","ADMIN","COMMUNICATION","READ","platform.communication.read","ACTIVE_ADMIN_AND_MODULE_PERMISSION","PENDING_MANUAL_CONFIRMATION"
"com/ecommerce/app/module/communication/controller/ManualCommunicationAdminController.java","67","com.ecommerce.app.module.communication.controller","ManualCommunicationAdminController","send","POST","/admin/communication/manual/send","AUTHENTICATED_ONLY","","ADMIN","COMMUNICATION","MANAGE","platform.communication.manage","ACTIVE_ADMIN_AND_MODULE_PERMISSION","PENDING_MANUAL_CONFIRMATION"
"com/ecommerce/app/module/communication/controller/ManualCommunicationAdminController.java","101","com.ecommerce.app.module.communication.controller","ManualCommunicationAdminController","sent","GET","/admin/communication/manual/sent","AUTHENTICATED_ONLY","","ADMIN","COMMUNICATION","READ","platform.communication.read","ACTIVE_ADMIN_AND_MODULE_PERMISSION","PENDING_MANUAL_CONFIRMATION"
"com/ecommerce/app/module/communication/controller/ManualCommunicationCustomerController.java","57","com.ecommerce.app.module.communication.controller","ManualCommunicationCustomerController","compose","GET","/customer/communication/manual/compose","AUTHENTICATED_ONLY","","CUSTOMER","COMMUNICATION","READ","customer.communication.read","ACTIVE_CUSTOMER_AND_CURRENT_USER_OWNERSHIP","PENDING_MANUAL_CONFIRMATION"
"com/ecommerce/app/module/communication/controller/ManualCommunicationCustomerController.java","88","com.ecommerce.app.module.communication.controller","ManualCommunicationCustomerController","inbox","GET","/customer/communication/manual/inbox","AUTHENTICATED_ONLY","","CUSTOMER","COMMUNICATION","READ","customer.communication.read","ACTIVE_CUSTOMER_AND_CURRENT_USER_OWNERSHIP","PENDING_MANUAL_CONFIRMATION"
"com/ecommerce/app/module/communication/controller/ManualCommunicationCustomerController.java","66","com.ecommerce.app.module.communication.controller","ManualCommunicationCustomerController","send","POST","/customer/communication/manual/send","AUTHENTICATED_ONLY","","CUSTOMER","COMMUNICATION","MANAGE","customer.communication.manage","ACTIVE_CUSTOMER_AND_CURRENT_USER_OWNERSHIP","PENDING_MANUAL_CONFIRMATION"
"com/ecommerce/app/module/communication/controller/ManualCommunicationCustomerController.java","101","com.ecommerce.app.module.communication.controller","ManualCommunicationCustomerController","sent","GET","/customer/communication/manual/sent","AUTHENTICATED_ONLY","","CUSTOMER","COMMUNICATION","READ","customer.communication.read","ACTIVE_CUSTOMER_AND_CURRENT_USER_OWNERSHIP","PENDING_MANUAL_CONFIRMATION"
"com/ecommerce/app/module/communication/controller/ManualCommunicationVendorController.java","65","com.ecommerce.app.module.communication.controller","ManualCommunicationVendorController","compose","GET","/vendor/communication/manual/compose","AUTHENTICATED_ONLY","","VENDOR","COMMUNICATION","READ","vendor.communication.read","ACTIVE_VENDOR_MEMBERSHIP_PERMISSION_AND_RESOURCE_SCOPE","PENDING_MANUAL_CONFIRMATION"
"com/ecommerce/app/module/communication/controller/ManualCommunicationVendorController.java","99","com.ecommerce.app.module.communication.controller","ManualCommunicationVendorController","inbox","GET","/vendor/communication/manual/inbox","AUTHENTICATED_ONLY","","VENDOR","COMMUNICATION","READ","vendor.communication.read","ACTIVE_VENDOR_MEMBERSHIP_PERMISSION_AND_RESOURCE_SCOPE","PENDING_MANUAL_CONFIRMATION"
"com/ecommerce/app/module/communication/controller/ManualCommunicationVendorController.java","72","com.ecommerce.app.module.communication.controller","ManualCommunicationVendorController","send","POST","/vendor/communication/manual/send","AUTHENTICATED_ONLY","","VENDOR","COMMUNICATION","MANAGE","vendor.communication.manage","ACTIVE_VENDOR_MEMBERSHIP_PERMISSION_AND_RESOURCE_SCOPE","PENDING_MANUAL_CONFIRMATION"
"com/ecommerce/app/module/communication/controller/ManualCommunicationVendorController.java","112","com.ecommerce.app.module.communication.controller","ManualCommunicationVendorController","sent","GET","/vendor/communication/manual/sent","AUTHENTICATED_ONLY","","VENDOR","COMMUNICATION","READ","vendor.communication.read","ACTIVE_VENDOR_MEMBERSHIP_PERMISSION_AND_RESOURCE_SCOPE","PENDING_MANUAL_CONFIRMATION"
"com/ecommerce/app/module/customer/controller/BillingAddressController.java","21","com.ecommerce.app.module.customer.controller","BillingAddressController","index","ALL","/customer-billingaddress","AUTHENTICATED_ONLY","","CUSTOMER","CART_CHECKOUT","HTTP_METHOD_REVIEW","customer.cart.checkout.method-review","ACTIVE_CUSTOMER_AND_CURRENT_USER_OWNERSHIP","PENDING_MANUAL_CONFIRMATION"
"com/ecommerce/app/module/customer/controller/BillingAddressController.java","21","com.ecommerce.app.module.customer.controller","BillingAddressController","index","ALL","/customer-billingaddress/","AUTHENTICATED_ONLY","","CUSTOMER","CART_CHECKOUT","HTTP_METHOD_REVIEW","customer.cart.checkout.method-review","ACTIVE_CUSTOMER_AND_CURRENT_USER_OWNERSHIP","PENDING_MANUAL_CONFIRMATION"
"com/ecommerce/app/module/customer/controller/BillingAddressController.java","21","com.ecommerce.app.module.customer.controller","BillingAddressController","index","ALL","/customer-billingaddress/dashboards","AUTHENTICATED_ONLY","","CUSTOMER","CART_CHECKOUT","HTTP_METHOD_REVIEW","customer.cart.checkout.method-review","ACTIVE_CUSTOMER_AND_CURRENT_USER_OWNERSHIP","PENDING_MANUAL_CONFIRMATION"
"com/ecommerce/app/module/customer/controller/BillingAddressController.java","21","com.ecommerce.app.module.customer.controller","BillingAddressController","index","ALL","/customer-billingaddress/index","AUTHENTICATED_ONLY","","CUSTOMER","CART_CHECKOUT","HTTP_METHOD_REVIEW","customer.cart.checkout.method-review","ACTIVE_CUSTOMER_AND_CURRENT_USER_OWNERSHIP","PENDING_MANUAL_CONFIRMATION"
"com/ecommerce/app/module/customer/controller/CustomerBonusController.java","41","com.ecommerce.app.module.customer.controller","CustomerBonusController","index","ALL","/customer-bonus","AUTHENTICATED_ONLY","@PreAuthorize(""hasAuthority('customer')"")","CUSTOMER","CUSTOMER_ACCOUNT","HTTP_METHOD_REVIEW","customer.account.method-review","ACTIVE_CUSTOMER_AND_CURRENT_USER_OWNERSHIP","PENDING_MANUAL_CONFIRMATION"
"com/ecommerce/app/module/customer/controller/CustomerBonusController.java","41","com.ecommerce.app.module.customer.controller","CustomerBonusController","index","ALL","/customer-bonus/","AUTHENTICATED_ONLY","@PreAuthorize(""hasAuthority('customer')"")","CUSTOMER","CUSTOMER_ACCOUNT","HTTP_METHOD_REVIEW","customer.account.method-review","ACTIVE_CUSTOMER_AND_CURRENT_USER_OWNERSHIP","PENDING_MANUAL_CONFIRMATION"
"com/ecommerce/app/module/customer/controller/CustomerBonusController.java","41","com.ecommerce.app.module.customer.controller","CustomerBonusController","index","ALL","/customer-bonus/dashboards","AUTHENTICATED_ONLY","@PreAuthorize(""hasAuthority('customer')"")","CUSTOMER","CUSTOMER_ACCOUNT","HTTP_METHOD_REVIEW","customer.account.method-review","ACTIVE_CUSTOMER_AND_CURRENT_USER_OWNERSHIP","PENDING_MANUAL_CONFIRMATION"
"com/ecommerce/app/module/customer/controller/CustomerBonusController.java","41","com.ecommerce.app.module.customer.controller","CustomerBonusController","index","ALL","/customer-bonus/index","AUTHENTICATED_ONLY","@PreAuthorize(""hasAuthority('customer')"")","CUSTOMER","CUSTOMER_ACCOUNT","HTTP_METHOD_REVIEW","customer.account.method-review","ACTIVE_CUSTOMER_AND_CURRENT_USER_OWNERSHIP","PENDING_MANUAL_CONFIRMATION"
"com/ecommerce/app/module/customer/controller/CustomerController.java","120","com.ecommerce.app.module.customer.controller","CustomerController","index","ALL","/customer","AUTHENTICATED_ONLY","@PreAuthorize(""hasAuthority('customer')"")","CUSTOMER","CUSTOMER_ACCOUNT","HTTP_METHOD_REVIEW","customer.account.method-review","ACTIVE_CUSTOMER_AND_CURRENT_USER_OWNERSHIP","PENDING_MANUAL_CONFIRMATION"
"com/ecommerce/app/module/customer/controller/CustomerController.java","120","com.ecommerce.app.module.customer.controller","CustomerController","index","ALL","/customer/","AUTHENTICATED_ONLY","@PreAuthorize(""hasAuthority('customer')"")","CUSTOMER","CUSTOMER_ACCOUNT","HTTP_METHOD_REVIEW","customer.account.method-review","ACTIVE_CUSTOMER_AND_CURRENT_USER_OWNERSHIP","PENDING_MANUAL_CONFIRMATION"
"com/ecommerce/app/module/customer/controller/CustomerController.java","258","com.ecommerce.app.module.customer.controller","CustomerController","create","ALL","/customer/create","AUTHENTICATED_ONLY","@PreAuthorize(""hasAuthority('customer')"")","CUSTOMER","CUSTOMER_ACCOUNT","HTTP_METHOD_REVIEW","customer.account.method-review","ACTIVE_CUSTOMER_AND_CURRENT_USER_OWNERSHIP","PENDING_MANUAL_CONFIRMATION"
"com/ecommerce/app/module/customer/controller/CustomerController.java","120","com.ecommerce.app.module.customer.controller","CustomerController","index","ALL","/customer/dashboards","AUTHENTICATED_ONLY","@PreAuthorize(""hasAuthority('customer')"")","CUSTOMER","CUSTOMER_ACCOUNT","HTTP_METHOD_REVIEW","customer.account.method-review","ACTIVE_CUSTOMER_AND_CURRENT_USER_OWNERSHIP","PENDING_MANUAL_CONFIRMATION"
"com/ecommerce/app/module/customer/controller/CustomerController.java","120","com.ecommerce.app.module.customer.controller","CustomerController","index","ALL","/customer/index","AUTHENTICATED_ONLY","@PreAuthorize(""hasAuthority('customer')"")","CUSTOMER","CUSTOMER_ACCOUNT","HTTP_METHOD_REVIEW","customer.account.method-review","ACTIVE_CUSTOMER_AND_CURRENT_USER_OWNERSHIP","PENDING_MANUAL_CONFIRMATION"
"com/ecommerce/app/module/customer/controller/CustomerController.java","272","com.ecommerce.app.module.customer.controller","CustomerController","save","ALL","/customer/save","AUTHENTICATED_ONLY","@PreAuthorize(""hasAuthority('customer')"")","CUSTOMER","CUSTOMER_ACCOUNT","HTTP_METHOD_REVIEW","customer.account.method-review","ACTIVE_CUSTOMER_AND_CURRENT_USER_OWNERSHIP","PENDING_MANUAL_CONFIRMATION"
"com/ecommerce/app/module/customer/controller/CustomerController.java","287","com.ecommerce.app.module.customer.controller","CustomerController","storeList","ALL","/customer/storelist","AUTHENTICATED_ONLY","@PreAuthorize(""hasAuthority('customer')"")","CUSTOMER","CUSTOMER_ACCOUNT","HTTP_METHOD_REVIEW","customer.account.method-review","ACTIVE_CUSTOMER_AND_CURRENT_USER_OWNERSHIP","PENDING_MANUAL_CONFIRMATION"
"com/ecommerce/app/module/customer/controller/CustomerEmiController.java","28","com.ecommerce.app.module.customer.controller","CustomerEmiController","index","GET","/customeremi","AUTHENTICATED_ONLY","","CUSTOMER","ORDER_PAYMENT","READ","customer.order.payment.read","ACTIVE_CUSTOMER_AND_CURRENT_USER_OWNERSHIP","PENDING_MANUAL_CONFIRMATION"
"com/ecommerce/app/module/customer/controller/CustomerEmiController.java","28","com.ecommerce.app.module.customer.controller","CustomerEmiController","index","GET","/customeremi/","AUTHENTICATED_ONLY","","CUSTOMER","ORDER_PAYMENT","READ","customer.order.payment.read","ACTIVE_CUSTOMER_AND_CURRENT_USER_OWNERSHIP","PENDING_MANUAL_CONFIRMATION"
"com/ecommerce/app/module/customer/controller/CustomerEmiController.java","35","com.ecommerce.app.module.customer.controller","CustomerEmiController","details","GET","/customeremi/details/{planId}","AUTHENTICATED_ONLY","","CUSTOMER","ORDER_PAYMENT","READ","customer.order.payment.read","ACTIVE_CUSTOMER_AND_CURRENT_USER_OWNERSHIP","PENDING_MANUAL_CONFIRMATION"
"com/ecommerce/app/module/customer/controller/CustomerEmiController.java","28","com.ecommerce.app.module.customer.controller","CustomerEmiController","index","GET","/customeremi/index","AUTHENTICATED_ONLY","","CUSTOMER","ORDER_PAYMENT","READ","customer.order.payment.read","ACTIVE_CUSTOMER_AND_CURRENT_USER_OWNERSHIP","PENDING_MANUAL_CONFIRMATION"
"com/ecommerce/app/module/customer/controller/CustomerEmiController.java","28","com.ecommerce.app.module.customer.controller","CustomerEmiController","index","GET","/customer-meritten-emi","AUTHENTICATED_ONLY","","CUSTOMER","ORDER_PAYMENT","READ","customer.order.payment.read","ACTIVE_CUSTOMER_AND_CURRENT_USER_OWNERSHIP","PENDING_MANUAL_CONFIRMATION"
"com/ecommerce/app/module/customer/controller/CustomerEmiController.java","28","com.ecommerce.app.module.customer.controller","CustomerEmiController","index","GET","/customer-meritten-emi/","AUTHENTICATED_ONLY","","CUSTOMER","ORDER_PAYMENT","READ","customer.order.payment.read","ACTIVE_CUSTOMER_AND_CURRENT_USER_OWNERSHIP","PENDING_MANUAL_CONFIRMATION"
"com/ecommerce/app/module/customer/controller/CustomerEmiController.java","35","com.ecommerce.app.module.customer.controller","CustomerEmiController","details","GET","/customer-meritten-emi/details/{planId}","AUTHENTICATED_ONLY","","CUSTOMER","ORDER_PAYMENT","READ","customer.order.payment.read","ACTIVE_CUSTOMER_AND_CURRENT_USER_OWNERSHIP","PENDING_MANUAL_CONFIRMATION"
"com/ecommerce/app/module/customer/controller/CustomerEmiController.java","28","com.ecommerce.app.module.customer.controller","CustomerEmiController","index","GET","/customer-meritten-emi/index","AUTHENTICATED_ONLY","","CUSTOMER","ORDER_PAYMENT","READ","customer.order.payment.read","ACTIVE_CUSTOMER_AND_CURRENT_USER_OWNERSHIP","PENDING_MANUAL_CONFIRMATION"
"com/ecommerce/app/module/customer/controller/CustomerOrderController.java","108","com.ecommerce.app.module.customer.controller","CustomerOrderController","index","ALL","/customerorder","AUTHENTICATED_ONLY","","CUSTOMER","ORDER_PAYMENT","HTTP_METHOD_REVIEW","customer.order.payment.method-review","ACTIVE_CUSTOMER_AND_CURRENT_USER_OWNERSHIP","PENDING_MANUAL_CONFIRMATION"
"com/ecommerce/app/module/customer/controller/CustomerOrderController.java","108","com.ecommerce.app.module.customer.controller","CustomerOrderController","index","ALL","/customerorder/","AUTHENTICATED_ONLY","","CUSTOMER","ORDER_PAYMENT","HTTP_METHOD_REVIEW","customer.order.payment.method-review","ACTIVE_CUSTOMER_AND_CURRENT_USER_OWNERSHIP","PENDING_MANUAL_CONFIRMATION"
"com/ecommerce/app/module/customer/controller/CustomerOrderController.java","199","com.ecommerce.app.module.customer.controller","CustomerOrderController","details","GET","/customerorder/details/{oid}","AUTHENTICATED_ONLY","","CUSTOMER","ORDER_PAYMENT","READ","customer.order.payment.read","ACTIVE_CUSTOMER_AND_CURRENT_USER_OWNERSHIP","PENDING_MANUAL_CONFIRMATION"
"com/ecommerce/app/module/customer/controller/CustomerOrderController.java","108","com.ecommerce.app.module.customer.controller","CustomerOrderController","index","ALL","/customerorder/index","AUTHENTICATED_ONLY","","CUSTOMER","ORDER_PAYMENT","HTTP_METHOD_REVIEW","customer.order.payment.method-review","ACTIVE_CUSTOMER_AND_CURRENT_USER_OWNERSHIP","PENDING_MANUAL_CONFIRMATION"
"com/ecommerce/app/module/customer/controller/CustomerOrderController.java","279","com.ecommerce.app.module.customer.controller","CustomerOrderController","orderPdf","GET","/customerorder/orders/{id}/pdf","AUTHENTICATED_ONLY","","CUSTOMER","ORDER_PAYMENT","SENSITIVE_REVIEW","customer.order.payment.pdf","ACTIVE_CUSTOMER_AND_CURRENT_USER_OWNERSHIP","PENDING_MANUAL_CONFIRMATION"
"com/ecommerce/app/module/customer/controller/CustomerOrderController.java","291","com.ecommerce.app.module.customer.controller","CustomerOrderController","payment","ALL","/customerorder/payment/{orderid}","AUTHENTICATED_ONLY","","CUSTOMER","ORDER_PAYMENT","HTTP_METHOD_REVIEW","customer.order.payment.method-review","ACTIVE_CUSTOMER_AND_CURRENT_USER_OWNERSHIP","PENDING_MANUAL_CONFIRMATION"
"com/ecommerce/app/module/customer/controller/CustomerOrderController.java","326","com.ecommerce.app.module.customer.controller","CustomerOrderController","submitPayment","POST","/customerorder/payment/{orderid}","AUTHENTICATED_ONLY","","CUSTOMER","ORDER_PAYMENT","MANAGE","customer.order.payment.manage","ACTIVE_CUSTOMER_AND_CURRENT_USER_OWNERSHIP","PENDING_MANUAL_CONFIRMATION"
"com/ecommerce/app/module/customer/controller/CustomerOrderController.java","431","com.ecommerce.app.module.customer.controller","CustomerOrderController","paymentcancelled","ALL","/customerorder/payment_cancelled/{orderid}","AUTHENTICATED_ONLY","","CUSTOMER","ORDER_PAYMENT","HTTP_METHOD_REVIEW","customer.order.payment.method-review","ACTIVE_CUSTOMER_AND_CURRENT_USER_OWNERSHIP","PENDING_MANUAL_CONFIRMATION"
"com/ecommerce/app/module/customer/controller/CustomerOrderController.java","415","com.ecommerce.app.module.customer.controller","CustomerOrderController","paymentfailed","ALL","/customerorder/payment_failed/{orderid}","AUTHENTICATED_ONLY","","CUSTOMER","ORDER_PAYMENT","HTTP_METHOD_REVIEW","customer.order.payment.method-review","ACTIVE_CUSTOMER_AND_CURRENT_USER_OWNERSHIP","PENDING_MANUAL_CONFIRMATION"
"com/ecommerce/app/module/customer/controller/CustomerOrderController.java","398","com.ecommerce.app.module.customer.controller","CustomerOrderController","paymentsuccess","ALL","/customerorder/payment_success/{orderid}","AUTHENTICATED_ONLY","","CUSTOMER","ORDER_PAYMENT","HTTP_METHOD_REVIEW","customer.order.payment.method-review","ACTIVE_CUSTOMER_AND_CURRENT_USER_OWNERSHIP","PENDING_MANUAL_CONFIRMATION"
"com/ecommerce/app/module/customer/controller/CustomerOrderController.java","182","com.ecommerce.app.module.customer.controller","CustomerOrderController","refunds","GET","/customerorder/refunds","AUTHENTICATED_ONLY","","CUSTOMER","ORDER_PAYMENT","SENSITIVE_REVIEW","customer.order.payment.refund","ACTIVE_CUSTOMER_AND_CURRENT_USER_OWNERSHIP","PENDING_MANUAL_CONFIRMATION"
"com/ecommerce/app/module/customer/controller/CustomerOrderController.java","262","com.ecommerce.app.module.customer.controller","CustomerOrderController","requestItemReturn","POST","/customerorder/request-item-return","AUTHENTICATED_ONLY","","CUSTOMER","ORDER_PAYMENT","MANAGE","customer.order.payment.manage","ACTIVE_CUSTOMER_AND_CURRENT_USER_OWNERSHIP","PENDING_MANUAL_CONFIRMATION"
"com/ecommerce/app/module/customer/controller/CustomerOrderController.java","162","com.ecommerce.app.module.customer.controller","CustomerOrderController","returns","GET","/customerorder/returns","AUTHENTICATED_ONLY","","CUSTOMER","ORDER_PAYMENT","READ","customer.order.payment.read","ACTIVE_CUSTOMER_AND_CURRENT_USER_OWNERSHIP","PENDING_MANUAL_CONFIRMATION"
"com/ecommerce/app/module/customer/controller/CustomerOrderController.java","243","com.ecommerce.app.module.customer.controller","CustomerOrderController","statusChange","POST","/customerorder/statuschange","AUTHENTICATED_ONLY","","CUSTOMER","ORDER_PAYMENT","MANAGE","customer.order.payment.manage","ACTIVE_CUSTOMER_AND_CURRENT_USER_OWNERSHIP","PENDING_MANUAL_CONFIRMATION"
"com/ecommerce/app/module/customer/controller/CustomerPaymentController.java","23","com.ecommerce.app.module.customer.controller","CustomerPaymentController","index","ALL","/customer_payment/payment_method","AUTHENTICATED_ONLY","","CUSTOMER","ORDER_PAYMENT","HTTP_METHOD_REVIEW","customer.order.payment.method-review","ACTIVE_CUSTOMER_AND_CURRENT_USER_OWNERSHIP","PENDING_MANUAL_CONFIRMATION"
"com/ecommerce/app/module/customer/controller/CustomerProductController.java","48","com.ecommerce.app.module.customer.controller","CustomerProductController","index","ALL","/customer-product","AUTHENTICATED_ONLY","@PreAuthorize(""hasAuthority('customer-product')"")","CUSTOMER","CATALOG","HTTP_METHOD_REVIEW","customer.catalog.method-review","ACTIVE_CUSTOMER_AND_CURRENT_USER_OWNERSHIP","PENDING_MANUAL_CONFIRMATION"
"com/ecommerce/app/module/customer/controller/CustomerProductController.java","48","com.ecommerce.app.module.customer.controller","CustomerProductController","index","ALL","/customer-product/","AUTHENTICATED_ONLY","@PreAuthorize(""hasAuthority('customer-product')"")","CUSTOMER","CATALOG","HTTP_METHOD_REVIEW","customer.catalog.method-review","ACTIVE_CUSTOMER_AND_CURRENT_USER_OWNERSHIP","PENDING_MANUAL_CONFIRMATION"
"com/ecommerce/app/module/customer/controller/CustomerProductController.java","58","com.ecommerce.app.module.customer.controller","CustomerProductController","create","ALL","/customer-product/details/{id}","AUTHENTICATED_ONLY","@PreAuthorize(""hasAuthority('customer-product')"")","CUSTOMER","CATALOG","HTTP_METHOD_REVIEW","customer.catalog.method-review","ACTIVE_CUSTOMER_AND_CURRENT_USER_OWNERSHIP","PENDING_MANUAL_CONFIRMATION"
"com/ecommerce/app/module/customer/controller/CustomerProductController.java","48","com.ecommerce.app.module.customer.controller","CustomerProductController","index","ALL","/customer-product/index","AUTHENTICATED_ONLY","@PreAuthorize(""hasAuthority('customer-product')"")","CUSTOMER","CATALOG","HTTP_METHOD_REVIEW","customer.catalog.method-review","ACTIVE_CUSTOMER_AND_CURRENT_USER_OWNERSHIP","PENDING_MANUAL_CONFIRMATION"
"com/ecommerce/app/module/customer/controller/CustomerProductController.java","70","com.ecommerce.app.module.customer.controller","CustomerProductController","question_by_exam","ALL","/customer-product/question-by-exam/{examid}","AUTHENTICATED_ONLY","@PreAuthorize(""hasAuthority('customer-product')"")","CUSTOMER","CATALOG","HTTP_METHOD_REVIEW","customer.catalog.method-review","ACTIVE_CUSTOMER_AND_CURRENT_USER_OWNERSHIP","PENDING_MANUAL_CONFIRMATION"
"com/ecommerce/app/module/customer/controller/CustomerProfileController.java","57","com.ecommerce.app.module.customer.controller","CustomerProfileController","index","GET","/customer-profile","AUTHENTICATED_ONLY","@PreAuthorize(""hasAuthority('customer')"")","CUSTOMER","CUSTOMER_ACCOUNT","READ","customer.account.read","ACTIVE_CUSTOMER_AND_CURRENT_USER_OWNERSHIP","PENDING_MANUAL_CONFIRMATION"
"com/ecommerce/app/module/customer/controller/CustomerProfileController.java","57","com.ecommerce.app.module.customer.controller","CustomerProfileController","index","GET","/customer-profile/","AUTHENTICATED_ONLY","@PreAuthorize(""hasAuthority('customer')"")","CUSTOMER","CUSTOMER_ACCOUNT","READ","customer.account.read","ACTIVE_CUSTOMER_AND_CURRENT_USER_OWNERSHIP","PENDING_MANUAL_CONFIRMATION"
"com/ecommerce/app/module/customer/controller/CustomerProfileController.java","152","com.ecommerce.app.module.customer.controller","CustomerProfileController","changePassword","POST","/customer-profile/change-password","AUTHENTICATED_ONLY","@PreAuthorize(""hasAuthority('customer')"")","CUSTOMER","CUSTOMER_ACCOUNT","SENSITIVE_REVIEW","customer.account.password","ACTIVE_CUSTOMER_AND_CURRENT_USER_OWNERSHIP","PENDING_MANUAL_CONFIRMATION"
"com/ecommerce/app/module/customer/controller/CustomerProfileController.java","57","com.ecommerce.app.module.customer.controller","CustomerProfileController","index","GET","/customer-profile/index","AUTHENTICATED_ONLY","@PreAuthorize(""hasAuthority('customer')"")","CUSTOMER","CUSTOMER_ACCOUNT","READ","customer.account.read","ACTIVE_CUSTOMER_AND_CURRENT_USER_OWNERSHIP","PENDING_MANUAL_CONFIRMATION"
"com/ecommerce/app/module/customer/controller/CustomerProfileController.java","73","com.ecommerce.app.module.customer.controller","CustomerProfileController","updateAccount","POST","/customer-profile/update","AUTHENTICATED_ONLY","@PreAuthorize(""hasAuthority('customer')"")","CUSTOMER","CUSTOMER_ACCOUNT","MANAGE","customer.account.manage","ACTIVE_CUSTOMER_AND_CURRENT_USER_OWNERSHIP","PENDING_MANUAL_CONFIRMATION"
"com/ecommerce/app/module/customer/controller/CustomerProfileController.java","110","com.ecommerce.app.module.customer.controller","CustomerProfileController","updateBillingAddress","POST","/customer-profile/update-billing","AUTHENTICATED_ONLY","@PreAuthorize(""hasAuthority('customer')"")","CUSTOMER","CUSTOMER_ACCOUNT","MANAGE","customer.account.manage","ACTIVE_CUSTOMER_AND_CURRENT_USER_OWNERSHIP","PENDING_MANUAL_CONFIRMATION"
"com/ecommerce/app/module/customer/controller/CustomerProfileImageController.java","48","com.ecommerce.app.module.customer.controller","CustomerProfileImageController","add","GET","/customerprofileimage","AUTHENTICATED_ONLY","@PreAuthorize(""hasAuthority('customer')"")","CUSTOMER","CUSTOMER_ACCOUNT","READ","customer.account.read","ACTIVE_CUSTOMER_AND_CURRENT_USER_OWNERSHIP","PENDING_MANUAL_CONFIRMATION"
"com/ecommerce/app/module/customer/controller/CustomerProfileImageController.java","48","com.ecommerce.app.module.customer.controller","CustomerProfileImageController","add","GET","/customerprofileimage/","AUTHENTICATED_ONLY","@PreAuthorize(""hasAuthority('customer')"")","CUSTOMER","CUSTOMER_ACCOUNT","READ","customer.account.read","ACTIVE_CUSTOMER_AND_CURRENT_USER_OWNERSHIP","PENDING_MANUAL_CONFIRMATION"
"com/ecommerce/app/module/customer/controller/CustomerProfileImageController.java","119","com.ecommerce.app.module.customer.controller","CustomerProfileImageController","delete","POST","/customerprofileimage/delete/{id}","AUTHENTICATED_ONLY","@PreAuthorize(""hasAuthority('customer')"")","CUSTOMER","CUSTOMER_ACCOUNT","SENSITIVE_REVIEW","customer.account.delete","ACTIVE_CUSTOMER_AND_CURRENT_USER_OWNERSHIP","PENDING_MANUAL_CONFIRMATION"
"com/ecommerce/app/module/customer/controller/CustomerProfileImageController.java","48","com.ecommerce.app.module.customer.controller","CustomerProfileImageController","add","GET","/customerprofileimage/index","AUTHENTICATED_ONLY","@PreAuthorize(""hasAuthority('customer')"")","CUSTOMER","CUSTOMER_ACCOUNT","READ","customer.account.read","ACTIVE_CUSTOMER_AND_CURRENT_USER_OWNERSHIP","PENDING_MANUAL_CONFIRMATION"
"com/ecommerce/app/module/customer/controller/CustomerProfileImageController.java","60","com.ecommerce.app.module.customer.controller","CustomerProfileImageController","save","POST","/customerprofileimage/save","AUTHENTICATED_ONLY","@PreAuthorize(""hasAuthority('customer')"")","CUSTOMER","CUSTOMER_ACCOUNT","MANAGE","customer.account.manage","ACTIVE_CUSTOMER_AND_CURRENT_USER_OWNERSHIP","PENDING_MANUAL_CONFIRMATION"
"com/ecommerce/app/module/customer/controller/CustomerRegistrationController.java","107","com.ecommerce.app.module.customer.controller","CustomerRegistrationController","registrationSave","ALL","/customer_registration/customer_registration_save","PERMIT_ALL","","PUBLIC_EXPLICIT","CUSTOMER_ACCOUNT","HTTP_METHOD_REVIEW","public.customer.account.method-review","EXPLICIT_ALLOWLIST_INPUT_LIMITS_AND_SESSION_SCOPE","PENDING_MANUAL_CONFIRMATION"
"com/ecommerce/app/module/customer/controller/CustomerRegistrationController.java","85","com.ecommerce.app.module.customer.controller","CustomerRegistrationController","index","ALL","/customer_registration/registration","PERMIT_ALL","","PUBLIC_EXPLICIT","CUSTOMER_ACCOUNT","HTTP_METHOD_REVIEW","public.customer.account.method-review","EXPLICIT_ALLOWLIST_INPUT_LIMITS_AND_SESSION_SCOPE","PENDING_MANUAL_CONFIRMATION"
"com/ecommerce/app/module/customer/controller/CustomerTeamController.java","41","com.ecommerce.app.module.customer.controller","CustomerTeamController","index","ALL","/customer-team","AUTHENTICATED_ONLY","@PreAuthorize(""hasAuthority('customer')"")","CUSTOMER","CUSTOMER_ACCOUNT","HTTP_METHOD_REVIEW","customer.account.method-review","ACTIVE_CUSTOMER_AND_CURRENT_USER_OWNERSHIP","PENDING_MANUAL_CONFIRMATION"
"com/ecommerce/app/module/customer/controller/CustomerTeamController.java","41","com.ecommerce.app.module.customer.controller","CustomerTeamController","index","ALL","/customer-team/","AUTHENTICATED_ONLY","@PreAuthorize(""hasAuthority('customer')"")","CUSTOMER","CUSTOMER_ACCOUNT","HTTP_METHOD_REVIEW","customer.account.method-review","ACTIVE_CUSTOMER_AND_CURRENT_USER_OWNERSHIP","PENDING_MANUAL_CONFIRMATION"
"com/ecommerce/app/module/customer/controller/CustomerTeamController.java","41","com.ecommerce.app.module.customer.controller","CustomerTeamController","index","ALL","/customer-team/index","AUTHENTICATED_ONLY","@PreAuthorize(""hasAuthority('customer')"")","CUSTOMER","CUSTOMER_ACCOUNT","HTTP_METHOD_REVIEW","customer.account.method-review","ACTIVE_CUSTOMER_AND_CURRENT_USER_OWNERSHIP","PENDING_MANUAL_CONFIRMATION"
"com/ecommerce/app/module/customer/controller/CustomerTransactionController.java","43","com.ecommerce.app.module.customer.controller","CustomerTransactionController","index","ALL","/customer-transaction","AUTHENTICATED_ONLY","","CUSTOMER","CUSTOMER_ACCOUNT","HTTP_METHOD_REVIEW","customer.account.method-review","ACTIVE_CUSTOMER_AND_CURRENT_USER_OWNERSHIP","PENDING_MANUAL_CONFIRMATION"
"com/ecommerce/app/module/customer/controller/CustomerTransactionController.java","43","com.ecommerce.app.module.customer.controller","CustomerTransactionController","index","ALL","/customer-transaction/","AUTHENTICATED_ONLY","","CUSTOMER","CUSTOMER_ACCOUNT","HTTP_METHOD_REVIEW","customer.account.method-review","ACTIVE_CUSTOMER_AND_CURRENT_USER_OWNERSHIP","PENDING_MANUAL_CONFIRMATION"
"com/ecommerce/app/module/customer/controller/CustomerTransactionController.java","43","com.ecommerce.app.module.customer.controller","CustomerTransactionController","index","ALL","/customer-transaction/index","AUTHENTICATED_ONLY","","CUSTOMER","CUSTOMER_ACCOUNT","HTTP_METHOD_REVIEW","customer.account.method-review","ACTIVE_CUSTOMER_AND_CURRENT_USER_OWNERSHIP","PENDING_MANUAL_CONFIRMATION"
"com/ecommerce/app/module/customer/ReferralRewards/controller/CashOutRequestCustomerController.java","32","com.ecommerce.app.module.customer.ReferralRewards.controller","CashOutRequestCustomerController","list","GET","/cashoutcustomerrequest/list","AUTHENTICATED_ONLY","","CUSTOMER","PROMOTION_REWARDS","READ","customer.promotion.rewards.read","ACTIVE_CUSTOMER_AND_CURRENT_USER_OWNERSHIP","PENDING_MANUAL_CONFIRMATION"
"com/ecommerce/app/module/customer/ReferralRewards/controller/CustomerCashbackController.java","25","com.ecommerce.app.module.customer.ReferralRewards.controller","CustomerCashbackController","list","GET","/customer-cashback/list","AUTHENTICATED_ONLY","","CUSTOMER","PROMOTION_REWARDS","READ","customer.promotion.rewards.read","ACTIVE_CUSTOMER_AND_CURRENT_USER_OWNERSHIP","PENDING_MANUAL_CONFIRMATION"
"com/ecommerce/app/module/customer/ReferralRewards/controller/CustomerGiftCardController.java","57","com.ecommerce.app.module.customer.ReferralRewards.controller","CustomerGiftCardController","buyForm","GET","/customer-giftcard/buy","AUTHENTICATED_ONLY","","CUSTOMER","PROMOTION_REWARDS","READ","customer.promotion.rewards.read","ACTIVE_CUSTOMER_AND_CURRENT_USER_OWNERSHIP","PENDING_MANUAL_CONFIRMATION"
"com/ecommerce/app/module/customer/ReferralRewards/controller/CustomerGiftCardController.java","69","com.ecommerce.app.module.customer.ReferralRewards.controller","CustomerGiftCardController","createPurchase","POST","/customer-giftcard/buy","AUTHENTICATED_ONLY","","CUSTOMER","PROMOTION_REWARDS","MANAGE","customer.promotion.rewards.manage","ACTIVE_CUSTOMER_AND_CURRENT_USER_OWNERSHIP","PENDING_MANUAL_CONFIRMATION"
"com/ecommerce/app/module/customer/ReferralRewards/controller/CustomerGiftCardController.java","45","com.ecommerce.app.module.customer.ReferralRewards.controller","CustomerGiftCardController","list","GET","/customer-giftcard/list","AUTHENTICATED_ONLY","","CUSTOMER","PROMOTION_REWARDS","READ","customer.promotion.rewards.read","ACTIVE_CUSTOMER_AND_CURRENT_USER_OWNERSHIP","PENDING_MANUAL_CONFIRMATION"
"com/ecommerce/app/module/customer/ReferralRewards/controller/CustomerGiftCardController.java","99","com.ecommerce.app.module.customer.ReferralRewards.controller","CustomerGiftCardController","paymentForm","GET","/customer-giftcard/payment/{uuid}","AUTHENTICATED_ONLY","","CUSTOMER","PROMOTION_REWARDS","READ","customer.promotion.rewards.read","ACTIVE_CUSTOMER_AND_CURRENT_USER_OWNERSHIP","PENDING_MANUAL_CONFIRMATION"
"com/ecommerce/app/module/customer/ReferralRewards/controller/CustomerGiftCardController.java","124","com.ecommerce.app.module.customer.ReferralRewards.controller","CustomerGiftCardController","completePayment","POST","/customer-giftcard/payment/{uuid}","AUTHENTICATED_ONLY","","CUSTOMER","PROMOTION_REWARDS","MANAGE","customer.promotion.rewards.manage","ACTIVE_CUSTOMER_AND_CURRENT_USER_OWNERSHIP","PENDING_MANUAL_CONFIRMATION"
"com/ecommerce/app/module/customer/ReferralRewards/controller/CustomerWalletTransactionController.java","38","com.ecommerce.app.module.customer.ReferralRewards.controller","CustomerWalletTransactionController","list","ALL","/customerwallettransaction/list","AUTHENTICATED_ONLY","","CUSTOMER","PROMOTION_REWARDS","HTTP_METHOD_REVIEW","customer.promotion.rewards.method-review","ACTIVE_CUSTOMER_AND_CURRENT_USER_OWNERSHIP","PENDING_MANUAL_CONFIRMATION"
"com/ecommerce/app/module/customer/ReferralRewards/controller/RedemptionCustomerController.java","35","com.ecommerce.app.module.customer.ReferralRewards.controller","RedemptionCustomerController","showRedeemPage","GET","/customerredeem/redeem-points","AUTHENTICATED_ONLY","","CUSTOMER","PROMOTION_REWARDS","READ","customer.promotion.rewards.read","ACTIVE_CUSTOMER_AND_CURRENT_USER_OWNERSHIP","PENDING_MANUAL_CONFIRMATION"
"com/ecommerce/app/module/customer/ReferralRewards/controller/RedemptionCustomerController.java","40","com.ecommerce.app.module.customer.ReferralRewards.controller","RedemptionCustomerController","redeemPoints","POST","/customerredeem/save","AUTHENTICATED_ONLY","","CUSTOMER","PROMOTION_REWARDS","MANAGE","customer.promotion.rewards.manage","ACTIVE_CUSTOMER_AND_CURRENT_USER_OWNERSHIP","PENDING_MANUAL_CONFIRMATION"
"com/ecommerce/app/module/customer/ReferralRewards/controller/ReferralCustomerController.java","34","com.ecommerce.app.module.customer.ReferralRewards.controller","ReferralCustomerController","list","ALL","/customerreferral/list","AUTHENTICATED_ONLY","","CUSTOMER","PROMOTION_REWARDS","HTTP_METHOD_REVIEW","customer.promotion.rewards.method-review","ACTIVE_CUSTOMER_AND_CURRENT_USER_OWNERSHIP","PENDING_MANUAL_CONFIRMATION"
"com/ecommerce/app/module/customer/ReferralRewards/controller/ReferralRewardsController.java","53","com.ecommerce.app.module.customer.ReferralRewards.controller","ReferralRewardsController","deshbords","ALL","/referralrewards/dashbords","AUTHENTICATED_ONLY","","CUSTOMER","PROMOTION_REWARDS","HTTP_METHOD_REVIEW","customer.promotion.rewards.method-review","ACTIVE_CUSTOMER_AND_CURRENT_USER_OWNERSHIP","PENDING_MANUAL_CONFIRMATION"
"com/ecommerce/app/module/customer/ReferralRewards/controller/RegisterCustomerController.java","148","com.ecommerce.app.module.customer.ReferralRewards.controller","RegisterCustomerController","referralStats","GET","/customerregister/admin/referrals","AUTHENTICATED_ONLY","","CUSTOMER","PROMOTION_REWARDS","READ","customer.promotion.rewards.read","ACTIVE_CUSTOMER_AND_CURRENT_USER_OWNERSHIP","PENDING_MANUAL_CONFIRMATION"
"com/ecommerce/app/module/customer/ReferralRewards/controller/RegisterCustomerController.java","155","com.ecommerce.app.module.customer.ReferralRewards.controller","RegisterCustomerController","completeOrder","POST","/customerregister/order/complete","AUTHENTICATED_ONLY","","CUSTOMER","PROMOTION_REWARDS","MANAGE","customer.promotion.rewards.manage","ACTIVE_CUSTOMER_AND_CURRENT_USER_OWNERSHIP","PENDING_MANUAL_CONFIRMATION"
"com/ecommerce/app/module/customer/ReferralRewards/controller/RegisterCustomerController.java","171","com.ecommerce.app.module.customer.ReferralRewards.controller","RegisterCustomerController","createOrder","POST","/customerregister/order/create","AUTHENTICATED_ONLY","","CUSTOMER","PROMOTION_REWARDS","MANAGE","customer.promotion.rewards.manage","ACTIVE_CUSTOMER_AND_CURRENT_USER_OWNERSHIP","PENDING_MANUAL_CONFIRMATION"
"com/ecommerce/app/module/customer/ReferralRewards/controller/RegisterCustomerController.java","65","com.ecommerce.app.module.customer.ReferralRewards.controller","RegisterCustomerController","showRegisterForm","GET","/customerregister/register","AUTHENTICATED_ONLY","","CUSTOMER","PROMOTION_REWARDS","READ","customer.promotion.rewards.read","ACTIVE_CUSTOMER_AND_CURRENT_USER_OWNERSHIP","PENDING_MANUAL_CONFIRMATION"
"com/ecommerce/app/module/customer/ReferralRewards/controller/RegisterCustomerController.java","72","com.ecommerce.app.module.customer.ReferralRewards.controller","RegisterCustomerController","registerUser","POST","/customerregister/register","AUTHENTICATED_ONLY","","CUSTOMER","PROMOTION_REWARDS","MANAGE","customer.promotion.rewards.manage","ACTIVE_CUSTOMER_AND_CURRENT_USER_OWNERSHIP","PENDING_MANUAL_CONFIRMATION"
"com/ecommerce/app/module/customer/ReferralRewards/controller/RegisterCustomerController.java","92","com.ecommerce.app.module.customer.ReferralRewards.controller","RegisterCustomerController","verifyEmail","GET","/customerregister/verify","AUTHENTICATED_ONLY","","CUSTOMER","PROMOTION_REWARDS","SENSITIVE_REVIEW","customer.promotion.rewards.verify","ACTIVE_CUSTOMER_AND_CURRENT_USER_OWNERSHIP","PENDING_MANUAL_CONFIRMATION"
"com/ecommerce/app/module/customer/ReferralRewards/controller/RegisterCustomerController.java","107","com.ecommerce.app.module.customer.ReferralRewards.controller","RegisterCustomerController","wallet","GET","/customerregister/wallet","AUTHENTICATED_ONLY","","CUSTOMER","PROMOTION_REWARDS","READ","customer.promotion.rewards.read","ACTIVE_CUSTOMER_AND_CURRENT_USER_OWNERSHIP","PENDING_MANUAL_CONFIRMATION"
"com/ecommerce/app/module/customer/ReferralRewards/controller/RegisterCustomerController.java","126","com.ecommerce.app.module.customer.ReferralRewards.controller","RegisterCustomerController","wallets","GET","/customerregister/wallets","AUTHENTICATED_ONLY","","CUSTOMER","PROMOTION_REWARDS","READ","customer.promotion.rewards.read","ACTIVE_CUSTOMER_AND_CURRENT_USER_OWNERSHIP","PENDING_MANUAL_CONFIRMATION"
"com/ecommerce/app/module/customer/ReferralRewards/controller/RewardCustomerControllerController.java","36","com.ecommerce.app.module.customer.ReferralRewards.controller","RewardCustomerControllerController","rewardDashboard","GET","/customerreward/rewards","AUTHENTICATED_ONLY","","CUSTOMER","PROMOTION_REWARDS","READ","customer.promotion.rewards.read","ACTIVE_CUSTOMER_AND_CURRENT_USER_OWNERSHIP","PENDING_MANUAL_CONFIRMATION"
"com/ecommerce/app/module/customer/ReferralRewards/controller/RewardHistoryCustomerController.java","35","com.ecommerce.app.module.customer.ReferralRewards.controller","RewardHistoryCustomerController","getRewardHistory","ALL","/customerrewards/rewards","AUTHENTICATED_ONLY","","CUSTOMER","PROMOTION_REWARDS","HTTP_METHOD_REVIEW","customer.promotion.rewards.method-review","ACTIVE_CUSTOMER_AND_CURRENT_USER_OWNERSHIP","PENDING_MANUAL_CONFIRMATION"
"com/ecommerce/app/module/customer/ReferralRewards/controller/WalletCustomerController.java","52","com.ecommerce.app.module.customer.ReferralRewards.controller","WalletCustomerController","viewWallet","GET","/customerwallet/wallet","AUTHENTICATED_ONLY","","CUSTOMER","PROMOTION_REWARDS","READ","customer.promotion.rewards.read","ACTIVE_CUSTOMER_AND_CURRENT_USER_OWNERSHIP","PENDING_MANUAL_CONFIRMATION"
"com/ecommerce/app/module/customer/ReferralRewards/controller/WalletCustomerController.java","63","com.ecommerce.app.module.customer.ReferralRewards.controller","WalletCustomerController","cashOutForm","GET","/customerwallet/wallet/cashout","AUTHENTICATED_ONLY","","CUSTOMER","PROMOTION_REWARDS","READ","customer.promotion.rewards.read","ACTIVE_CUSTOMER_AND_CURRENT_USER_OWNERSHIP","PENDING_MANUAL_CONFIRMATION"
"com/ecommerce/app/module/customer/ReferralRewards/controller/WalletCustomerController.java","85","com.ecommerce.app.module.customer.ReferralRewards.controller","WalletCustomerController","cashOutPoints","POST","/customerwallet/wallet/cashout","AUTHENTICATED_ONLY","","CUSTOMER","PROMOTION_REWARDS","MANAGE","customer.promotion.rewards.manage","ACTIVE_CUSTOMER_AND_CURRENT_USER_OWNERSHIP","PENDING_MANUAL_CONFIRMATION"
"com/ecommerce/app/module/customer/ReferralRewards/controller/WalletCustomerController.java","75","com.ecommerce.app.module.customer.ReferralRewards.controller","WalletCustomerController","generateGiftCard","POST","/customerwallet/wallet/generate-giftcard","AUTHENTICATED_ONLY","","CUSTOMER","PROMOTION_REWARDS","SENSITIVE_REVIEW","customer.promotion.rewards.generate","ACTIVE_CUSTOMER_AND_CURRENT_USER_OWNERSHIP","PENDING_MANUAL_CONFIRMATION"
"com/ecommerce/app/module/fraud/controller/FraudAdminController.java","59","com.ecommerce.app.module.fraud.controller","FraudAdminController","dashboard","GET","/admin/fraud","FRAUD_AUTHORITY_SET","@PreAuthorize(FraudPermissions.CAN_READ)","ADMIN","FRAUD","READ","platform.fraud.read","ACTIVE_ADMIN_AND_MODULE_PERMISSION","PENDING_MANUAL_CONFIRMATION"
"com/ecommerce/app/module/fraud/controller/FraudAdminController.java","59","com.ecommerce.app.module.fraud.controller","FraudAdminController","dashboard","GET","/admin/fraud/","FRAUD_AUTHORITY_SET","@PreAuthorize(FraudPermissions.CAN_READ)","ADMIN","FRAUD","READ","platform.fraud.read","ACTIVE_ADMIN_AND_MODULE_PERMISSION","PENDING_MANUAL_CONFIRMATION"
"com/ecommerce/app/module/fraud/controller/FraudAdminController.java","69","com.ecommerce.app.module.fraud.controller","FraudAdminController","assessments","GET","/admin/fraud/assessments","FRAUD_AUTHORITY_SET","@PreAuthorize(FraudPermissions.CAN_READ)","ADMIN","FRAUD","READ","platform.fraud.read","ACTIVE_ADMIN_AND_MODULE_PERMISSION","PENDING_MANUAL_CONFIRMATION"
"com/ecommerce/app/module/fraud/controller/FraudAdminController.java","79","com.ecommerce.app.module.fraud.controller","FraudAdminController","assessmentDetail","GET","/admin/fraud/assessments/{id}","FRAUD_AUTHORITY_SET","@PreAuthorize(FraudPermissions.CAN_READ)","ADMIN","FRAUD","READ","platform.fraud.read","ACTIVE_ADMIN_AND_MODULE_PERMISSION","PENDING_MANUAL_CONFIRMATION"
"com/ecommerce/app/module/fraud/controller/FraudAdminController.java","130","com.ecommerce.app.module.fraud.controller","FraudAdminController","blockFromReview","POST","/admin/fraud/assessments/{id}/blocklist","FRAUD_AUTHORITY_SET","@PreAuthorize(FraudPermissions.CAN_ADMIN)","ADMIN","FRAUD","MANAGE","platform.fraud.manage","ACTIVE_ADMIN_AND_MODULE_PERMISSION","PENDING_MANUAL_CONFIRMATION"
"com/ecommerce/app/module/fraud/controller/FraudAdminController.java","94","com.ecommerce.app.module.fraud.controller","FraudAdminController","manualReview","GET","/admin/fraud/assessments/{id}/review","FRAUD_AUTHORITY_SET","@PreAuthorize(FraudPermissions.CAN_READ)","ADMIN","FRAUD","READ","platform.fraud.read","ACTIVE_ADMIN_AND_MODULE_PERMISSION","PENDING_MANUAL_CONFIRMATION"
"com/ecommerce/app/module/fraud/controller/FraudAdminController.java","109","com.ecommerce.app.module.fraud.controller","FraudAdminController","submitReview","POST","/admin/fraud/assessments/{id}/review","FRAUD_AUTHORITY_SET","@PreAuthorize(FraudPermissions.CAN_REVIEW)","ADMIN","FRAUD","MANAGE","platform.fraud.manage","ACTIVE_ADMIN_AND_MODULE_PERMISSION","PENDING_MANUAL_CONFIRMATION"
"com/ecommerce/app/module/fraud/controller/FraudAdminController.java","253","com.ecommerce.app.module.fraud.controller","FraudAdminController","blocklist","GET","/admin/fraud/blocklist","FRAUD_AUTHORITY_SET","@PreAuthorize(FraudPermissions.CAN_READ)","ADMIN","FRAUD","READ","platform.fraud.read","ACTIVE_ADMIN_AND_MODULE_PERMISSION","PENDING_MANUAL_CONFIRMATION"
"com/ecommerce/app/module/fraud/controller/FraudAdminController.java","288","com.ecommerce.app.module.fraud.controller","FraudAdminController","updateBlocklistStatus","POST","/admin/fraud/blocklist/{id}/status","FRAUD_AUTHORITY_SET","@PreAuthorize(FraudPermissions.CAN_ADMIN)","ADMIN","FRAUD","MANAGE","platform.fraud.manage","ACTIVE_ADMIN_AND_MODULE_PERMISSION","PENDING_MANUAL_CONFIRMATION"
"com/ecommerce/app/module/fraud/controller/FraudAdminController.java","264","com.ecommerce.app.module.fraud.controller","FraudAdminController","newBlocklist","GET","/admin/fraud/blocklist/new","FRAUD_AUTHORITY_SET","@PreAuthorize(FraudPermissions.CAN_ADMIN)","ADMIN","FRAUD","READ","platform.fraud.read","ACTIVE_ADMIN_AND_MODULE_PERMISSION","PENDING_MANUAL_CONFIRMATION"
"com/ecommerce/app/module/fraud/controller/FraudAdminController.java","273","com.ecommerce.app.module.fraud.controller","FraudAdminController","saveBlocklist","POST","/admin/fraud/blocklist/save","FRAUD_AUTHORITY_SET","@PreAuthorize(FraudPermissions.CAN_ADMIN)","ADMIN","FRAUD","MANAGE","platform.fraud.manage","ACTIVE_ADMIN_AND_MODULE_PERMISSION","PENDING_MANUAL_CONFIRMATION"
"com/ecommerce/app/module/fraud/controller/FraudAdminController.java","144","com.ecommerce.app.module.fraud.controller","FraudAdminController","cases","GET","/admin/fraud/cases","FRAUD_AUTHORITY_SET","@PreAuthorize(FraudPermissions.CAN_READ)","ADMIN","FRAUD","READ","platform.fraud.read","ACTIVE_ADMIN_AND_MODULE_PERMISSION","PENDING_MANUAL_CONFIRMATION"
"com/ecommerce/app/module/fraud/controller/FraudAdminController.java","154","com.ecommerce.app.module.fraud.controller","FraudAdminController","caseDetail","GET","/admin/fraud/cases/{id}","FRAUD_AUTHORITY_SET","@PreAuthorize(FraudPermissions.CAN_READ)","ADMIN","FRAUD","READ","platform.fraud.read","ACTIVE_ADMIN_AND_MODULE_PERMISSION","PENDING_MANUAL_CONFIRMATION"
"com/ecommerce/app/module/fraud/controller/FraudAdminController.java","167","com.ecommerce.app.module.fraud.controller","FraudAdminController","assignCase","POST","/admin/fraud/cases/{id}/assign","FRAUD_AUTHORITY_SET","@PreAuthorize(FraudPermissions.CAN_REVIEW)","ADMIN","FRAUD","MANAGE","platform.fraud.manage","ACTIVE_ADMIN_AND_MODULE_PERMISSION","PENDING_MANUAL_CONFIRMATION"
"com/ecommerce/app/module/fraud/controller/FraudAdminController.java","181","com.ecommerce.app.module.fraud.controller","FraudAdminController","resolveCase","POST","/admin/fraud/cases/{id}/resolve","FRAUD_AUTHORITY_SET","@PreAuthorize(FraudPermissions.CAN_REVIEW)","ADMIN","FRAUD","MANAGE","platform.fraud.manage","ACTIVE_ADMIN_AND_MODULE_PERMISSION","PENDING_MANUAL_CONFIRMATION"
"com/ecommerce/app/module/fraud/controller/FraudAdminController.java","303","com.ecommerce.app.module.fraud.controller","FraudAdminController","configuration","GET","/admin/fraud/configuration","FRAUD_AUTHORITY_SET","@PreAuthorize(FraudPermissions.CAN_ADMIN)","ADMIN","FRAUD","READ","platform.fraud.read","ACTIVE_ADMIN_AND_MODULE_PERMISSION","PENDING_MANUAL_CONFIRMATION"
"com/ecommerce/app/module/fraud/controller/FraudAdminController.java","318","com.ecommerce.app.module.fraud.controller","FraudAdminController","saveConfiguration","POST","/admin/fraud/configuration/save","FRAUD_AUTHORITY_SET","@PreAuthorize(FraudPermissions.CAN_ADMIN)","ADMIN","FRAUD","MANAGE","platform.fraud.manage","ACTIVE_ADMIN_AND_MODULE_PERMISSION","PENDING_MANUAL_CONFIRMATION"
"com/ecommerce/app/module/fraud/controller/FraudAdminController.java","59","com.ecommerce.app.module.fraud.controller","FraudAdminController","dashboard","GET","/admin/fraud/dashboard","FRAUD_AUTHORITY_SET","@PreAuthorize(FraudPermissions.CAN_READ)","ADMIN","FRAUD","READ","platform.fraud.read","ACTIVE_ADMIN_AND_MODULE_PERMISSION","PENDING_MANUAL_CONFIRMATION"
"com/ecommerce/app/module/fraud/controller/FraudAdminController.java","332","com.ecommerce.app.module.fraud.controller","FraudAdminController","reports","GET","/admin/fraud/reports","FRAUD_AUTHORITY_SET","@PreAuthorize(FraudPermissions.CAN_FINANCE_OR_READ)","ADMIN","FRAUD","READ","platform.fraud.read","ACTIVE_ADMIN_AND_MODULE_PERMISSION","PENDING_MANUAL_CONFIRMATION"
"com/ecommerce/app/module/fraud/controller/FraudAdminController.java","194","com.ecommerce.app.module.fraud.controller","FraudAdminController","rules","GET","/admin/fraud/rules","FRAUD_AUTHORITY_SET","@PreAuthorize(FraudPermissions.CAN_READ)","ADMIN","FRAUD","READ","platform.fraud.read","ACTIVE_ADMIN_AND_MODULE_PERMISSION","PENDING_MANUAL_CONFIRMATION"
"com/ecommerce/app/module/fraud/controller/FraudAdminController.java","215","com.ecommerce.app.module.fraud.controller","FraudAdminController","editRule","GET","/admin/fraud/rules/{id}/edit","FRAUD_AUTHORITY_SET","@PreAuthorize(FraudPermissions.CAN_ADMIN)","ADMIN","FRAUD","READ","platform.fraud.read","ACTIVE_ADMIN_AND_MODULE_PERMISSION","PENDING_MANUAL_CONFIRMATION"
"com/ecommerce/app/module/fraud/controller/FraudAdminController.java","240","com.ecommerce.app.module.fraud.controller","FraudAdminController","updateRuleStatus","POST","/admin/fraud/rules/{id}/status","FRAUD_AUTHORITY_SET","@PreAuthorize(FraudPermissions.CAN_ADMIN)","ADMIN","FRAUD","MANAGE","platform.fraud.manage","ACTIVE_ADMIN_AND_MODULE_PERMISSION","PENDING_MANUAL_CONFIRMATION"
"com/ecommerce/app/module/fraud/controller/FraudAdminController.java","205","com.ecommerce.app.module.fraud.controller","FraudAdminController","newRule","GET","/admin/fraud/rules/new","FRAUD_AUTHORITY_SET","@PreAuthorize(FraudPermissions.CAN_ADMIN)","ADMIN","FRAUD","READ","platform.fraud.read","ACTIVE_ADMIN_AND_MODULE_PERMISSION","PENDING_MANUAL_CONFIRMATION"
"com/ecommerce/app/module/fraud/controller/FraudAdminController.java","225","com.ecommerce.app.module.fraud.controller","FraudAdminController","saveRule","POST","/admin/fraud/rules/save","FRAUD_AUTHORITY_SET","@PreAuthorize(FraudPermissions.CAN_ADMIN)","ADMIN","FRAUD","MANAGE","platform.fraud.manage","ACTIVE_ADMIN_AND_MODULE_PERMISSION","PENDING_MANUAL_CONFIRMATION"
"com/ecommerce/app/module/marketing/controller/AdminSocialShareReportController.java","25","com.ecommerce.app.module.marketing.controller","AdminSocialShareReportController","report","GET","/admin/marketing/share-analytics","AUTHENTICATED_ONLY","","ADMIN","IDENTITY_ACCESS","READ","platform.identity.access.read","ACTIVE_ADMIN_AND_MODULE_PERMISSION","PENDING_MANUAL_CONFIRMATION"
"com/ecommerce/app/module/marketing/controller/PublicSocialShareTrackingController.java","35","com.ecommerce.app.module.marketing.controller","PublicSocialShareTrackingController","track","POST","/public/share-track","PERMIT_ALL","","PUBLIC_EXPLICIT","IDENTITY_ACCESS","MANAGE","public.identity.access.manage","EXPLICIT_ALLOWLIST_INPUT_LIMITS_AND_SESSION_SCOPE","PENDING_MANUAL_CONFIRMATION"
"com/ecommerce/app/module/order/controller/MerittenEmiProviderController.java","39","com.ecommerce.app.module.order.controller","MerittenEmiProviderController","callback","POST","/payment/meritten-emi/provider/callback/{planId}","AUTHENTICATED_ONLY","","WEBHOOK_CALLBACK","ORDER_PAYMENT","MANAGE","webhook.order.payment.receive","SIGNATURE_REPLAY_PROTECTION_AND_IDEMPOTENCY","PENDING_MANUAL_CONFIRMATION"
"com/ecommerce/app/module/order/controller/SalesOrderController.java","208","com.ecommerce.app.module.order.controller","SalesOrderController","index","ALL","/order","AUTHENTICATED_ONLY","","SHARED_OR_UNCLASSIFIED","ORDER_PAYMENT","HTTP_METHOD_REVIEW","internal.unclassified.order.payment.method-review","AUTHENTICATED_OWNERSHIP_OR_MODULE_PERMISSION_REVIEW","PENDING_MANUAL_CONFIRMATION"
"com/ecommerce/app/module/order/controller/SalesOrderController.java","208","com.ecommerce.app.module.order.controller","SalesOrderController","index","ALL","/order/","AUTHENTICATED_ONLY","","SHARED_OR_UNCLASSIFIED","ORDER_PAYMENT","HTTP_METHOD_REVIEW","internal.unclassified.order.payment.method-review","AUTHENTICATED_OWNERSHIP_OR_MODULE_PERMISSION_REVIEW","PENDING_MANUAL_CONFIRMATION"
"com/ecommerce/app/module/order/controller/SalesOrderController.java","214","com.ecommerce.app.module.order.controller","SalesOrderController","create","ALL","/order/create","PERMIT_ALL","","PUBLIC_EXPLICIT","ORDER_PAYMENT","HTTP_METHOD_REVIEW","public.order.payment.method-review","EXPLICIT_ALLOWLIST_INPUT_LIMITS_AND_SESSION_SCOPE","PENDING_MANUAL_CONFIRMATION"
"com/ecommerce/app/module/order/controller/SalesOrderController.java","208","com.ecommerce.app.module.order.controller","SalesOrderController","index","ALL","/order/index","AUTHENTICATED_ONLY","","SHARED_OR_UNCLASSIFIED","ORDER_PAYMENT","HTTP_METHOD_REVIEW","internal.unclassified.order.payment.method-review","AUTHENTICATED_OWNERSHIP_OR_MODULE_PERMISSION_REVIEW","PENDING_MANUAL_CONFIRMATION"
"com/ecommerce/app/module/order/controller/SalesOrderController.java","1017","com.ecommerce.app.module.order.controller","SalesOrderController","placed","GET","/order/placed","PERMIT_ALL","","PUBLIC_EXPLICIT","ORDER_PAYMENT","READ","public.order.payment.read","EXPLICIT_ALLOWLIST_INPUT_LIMITS_AND_SESSION_SCOPE","PENDING_MANUAL_CONFIRMATION"
"com/ecommerce/app/module/order/controller/SalesOrderController.java","349","com.ecommerce.app.module.order.controller","SalesOrderController","save","ALL","/order/save","AUTHENTICATED_ONLY","","SHARED_OR_UNCLASSIFIED","ORDER_PAYMENT","HTTP_METHOD_REVIEW","internal.unclassified.order.payment.method-review","AUTHENTICATED_OWNERSHIP_OR_MODULE_PERMISSION_REVIEW","PENDING_MANUAL_CONFIRMATION"
"com/ecommerce/app/module/order/controller/SalesOrderController.java","432","com.ecommerce.app.module.order.controller","SalesOrderController","savebyvendor","ALL","/order/savebyvendor","PERMIT_ALL","","PUBLIC_EXPLICIT","ORDER_PAYMENT","HTTP_METHOD_REVIEW","public.order.payment.method-review","EXPLICIT_ALLOWLIST_INPUT_LIMITS_AND_SESSION_SCOPE","PENDING_MANUAL_CONFIRMATION"
"com/ecommerce/app/module/order/controller/SalesOrderController.java","723","com.ecommerce.app.module.order.controller","SalesOrderController","savebyvendorupdate","ALL","/order/savebyvendorupdate","PERMIT_ALL","","PUBLIC_EXPLICIT","ORDER_PAYMENT","HTTP_METHOD_REVIEW","public.order.payment.method-review","EXPLICIT_ALLOWLIST_INPUT_LIMITS_AND_SESSION_SCOPE","PENDING_MANUAL_CONFIRMATION"
"com/ecommerce/app/module/ReferralRewards/controller/CashbackPolicyController.java","56","com.ecommerce.app.module.ReferralRewards.controller","CashbackPolicyController","create","GET","/cashback-policy/create","AUTHENTICATED_ONLY","","ADMIN_LEGACY_ROUTE_REVIEW","PROMOTION_REWARDS","READ","platform.promotion.rewards.read","ADMIN_MODULE_PERMISSION_AND_ROUTE_PREFIX_REVIEW","PENDING_MANUAL_CONFIRMATION"
"com/ecommerce/app/module/ReferralRewards/controller/CashbackPolicyController.java","106","com.ecommerce.app.module.ReferralRewards.controller","CashbackPolicyController","delete","POST","/cashback-policy/delete/{id}","AUTHENTICATED_ONLY","","ADMIN_LEGACY_ROUTE_REVIEW","PROMOTION_REWARDS","SENSITIVE_REVIEW","platform.promotion.rewards.delete","ADMIN_MODULE_PERMISSION_AND_ROUTE_PREFIX_REVIEW","PENDING_MANUAL_CONFIRMATION"
"com/ecommerce/app/module/ReferralRewards/controller/CashbackPolicyController.java","94","com.ecommerce.app.module.ReferralRewards.controller","CashbackPolicyController","edit","GET","/cashback-policy/edit/{id}","AUTHENTICATED_ONLY","","ADMIN_LEGACY_ROUTE_REVIEW","PROMOTION_REWARDS","READ","platform.promotion.rewards.read","ADMIN_MODULE_PERMISSION_AND_ROUTE_PREFIX_REVIEW","PENDING_MANUAL_CONFIRMATION"
"com/ecommerce/app/module/ReferralRewards/controller/CashbackPolicyController.java","43","com.ecommerce.app.module.ReferralRewards.controller","CashbackPolicyController","list","GET","/cashback-policy/list","AUTHENTICATED_ONLY","","ADMIN_LEGACY_ROUTE_REVIEW","PROMOTION_REWARDS","READ","platform.promotion.rewards.read","ADMIN_MODULE_PERMISSION_AND_ROUTE_PREFIX_REVIEW","PENDING_MANUAL_CONFIRMATION"
"com/ecommerce/app/module/ReferralRewards/controller/CashbackPolicyController.java","71","com.ecommerce.app.module.ReferralRewards.controller","CashbackPolicyController","save","POST","/cashback-policy/save","AUTHENTICATED_ONLY","","ADMIN_LEGACY_ROUTE_REVIEW","PROMOTION_REWARDS","MANAGE","platform.promotion.rewards.manage","ADMIN_MODULE_PERMISSION_AND_ROUTE_PREFIX_REVIEW","PENDING_MANUAL_CONFIRMATION"
"com/ecommerce/app/module/ReferralRewards/controller/CashbackTransactionController.java","27","com.ecommerce.app.module.ReferralRewards.controller","CashbackTransactionController","list","GET","/cashback/list","AUTHENTICATED_ONLY","","ADMIN_LEGACY_ROUTE_REVIEW","PROMOTION_REWARDS","READ","platform.promotion.rewards.read","ADMIN_MODULE_PERMISSION_AND_ROUTE_PREFIX_REVIEW","PENDING_MANUAL_CONFIRMATION"
"com/ecommerce/app/module/ReferralRewards/controller/CashOutRequestController.java","47","com.ecommerce.app.module.ReferralRewards.controller","CashOutRequestController","list","GET","/admin/cashouts","AUTHENTICATED_ONLY","","ADMIN","PROMOTION_REWARDS","READ","platform.promotion.rewards.read","ACTIVE_ADMIN_AND_MODULE_PERMISSION","PENDING_MANUAL_CONFIRMATION"
"com/ecommerce/app/module/ReferralRewards/controller/CashOutRequestController.java","47","com.ecommerce.app.module.ReferralRewards.controller","CashOutRequestController","list","GET","/admin/cashouts/","AUTHENTICATED_ONLY","","ADMIN","PROMOTION_REWARDS","READ","platform.promotion.rewards.read","ACTIVE_ADMIN_AND_MODULE_PERMISSION","PENDING_MANUAL_CONFIRMATION"
"com/ecommerce/app/module/ReferralRewards/controller/CashOutRequestController.java","54","com.ecommerce.app.module.ReferralRewards.controller","CashOutRequestController","approve","POST","/admin/cashouts/{id}/approve","AUTHENTICATED_ONLY","","ADMIN","PROMOTION_REWARDS","SENSITIVE_REVIEW","platform.promotion.rewards.approve","ACTIVE_ADMIN_AND_MODULE_PERMISSION","PENDING_MANUAL_CONFIRMATION"
"com/ecommerce/app/module/ReferralRewards/controller/CashOutRequestController.java","116","com.ecommerce.app.module.ReferralRewards.controller","CashOutRequestController","markPaid","POST","/admin/cashouts/{id}/mark-paid","AUTHENTICATED_ONLY","","ADMIN","PROMOTION_REWARDS","MANAGE","platform.promotion.rewards.manage","ACTIVE_ADMIN_AND_MODULE_PERMISSION","PENDING_MANUAL_CONFIRMATION"
"com/ecommerce/app/module/ReferralRewards/controller/CashOutRequestController.java","76","com.ecommerce.app.module.ReferralRewards.controller","CashOutRequestController","reject","POST","/admin/cashouts/{id}/reject","AUTHENTICATED_ONLY","","ADMIN","PROMOTION_REWARDS","SENSITIVE_REVIEW","platform.promotion.rewards.reject","ACTIVE_ADMIN_AND_MODULE_PERMISSION","PENDING_MANUAL_CONFIRMATION"
"com/ecommerce/app/module/ReferralRewards/controller/CashOutRequestController.java","47","com.ecommerce.app.module.ReferralRewards.controller","CashOutRequestController","list","GET","/admin/cashouts/list","AUTHENTICATED_ONLY","","ADMIN","PROMOTION_REWARDS","READ","platform.promotion.rewards.read","ACTIVE_ADMIN_AND_MODULE_PERMISSION","PENDING_MANUAL_CONFIRMATION"
"com/ecommerce/app/module/ReferralRewards/controller/CashOutRequestController.java","47","com.ecommerce.app.module.ReferralRewards.controller","CashOutRequestController","list","GET","/cashoutrequest","AUTHENTICATED_ONLY","","ADMIN_LEGACY_ROUTE_REVIEW","PROMOTION_REWARDS","READ","platform.promotion.rewards.read","ADMIN_MODULE_PERMISSION_AND_ROUTE_PREFIX_REVIEW","PENDING_MANUAL_CONFIRMATION"
"com/ecommerce/app/module/ReferralRewards/controller/CashOutRequestController.java","47","com.ecommerce.app.module.ReferralRewards.controller","CashOutRequestController","list","GET","/cashoutrequest/","AUTHENTICATED_ONLY","","ADMIN_LEGACY_ROUTE_REVIEW","PROMOTION_REWARDS","READ","platform.promotion.rewards.read","ADMIN_MODULE_PERMISSION_AND_ROUTE_PREFIX_REVIEW","PENDING_MANUAL_CONFIRMATION"
"com/ecommerce/app/module/ReferralRewards/controller/CashOutRequestController.java","54","com.ecommerce.app.module.ReferralRewards.controller","CashOutRequestController","approve","POST","/cashoutrequest/{id}/approve","AUTHENTICATED_ONLY","","ADMIN_LEGACY_ROUTE_REVIEW","PROMOTION_REWARDS","SENSITIVE_REVIEW","platform.promotion.rewards.approve","ADMIN_MODULE_PERMISSION_AND_ROUTE_PREFIX_REVIEW","PENDING_MANUAL_CONFIRMATION"
"com/ecommerce/app/module/ReferralRewards/controller/CashOutRequestController.java","116","com.ecommerce.app.module.ReferralRewards.controller","CashOutRequestController","markPaid","POST","/cashoutrequest/{id}/mark-paid","AUTHENTICATED_ONLY","","ADMIN_LEGACY_ROUTE_REVIEW","PROMOTION_REWARDS","MANAGE","platform.promotion.rewards.manage","ADMIN_MODULE_PERMISSION_AND_ROUTE_PREFIX_REVIEW","PENDING_MANUAL_CONFIRMATION"
"com/ecommerce/app/module/ReferralRewards/controller/CashOutRequestController.java","76","com.ecommerce.app.module.ReferralRewards.controller","CashOutRequestController","reject","POST","/cashoutrequest/{id}/reject","AUTHENTICATED_ONLY","","ADMIN_LEGACY_ROUTE_REVIEW","PROMOTION_REWARDS","SENSITIVE_REVIEW","platform.promotion.rewards.reject","ADMIN_MODULE_PERMISSION_AND_ROUTE_PREFIX_REVIEW","PENDING_MANUAL_CONFIRMATION"
"com/ecommerce/app/module/ReferralRewards/controller/CashOutRequestController.java","47","com.ecommerce.app.module.ReferralRewards.controller","CashOutRequestController","list","GET","/cashoutrequest/list","AUTHENTICATED_ONLY","","ADMIN_LEGACY_ROUTE_REVIEW","PROMOTION_REWARDS","READ","platform.promotion.rewards.read","ADMIN_MODULE_PERMISSION_AND_ROUTE_PREFIX_REVIEW","PENDING_MANUAL_CONFIRMATION"
"com/ecommerce/app/module/ReferralRewards/controller/CouponController.java","68","com.ecommerce.app.module.ReferralRewards.controller","CouponController","create","GET","/coupon/create","AUTHENTICATED_ONLY","","ADMIN_LEGACY_ROUTE_REVIEW","PROMOTION_REWARDS","READ","platform.promotion.rewards.read","ADMIN_MODULE_PERMISSION_AND_ROUTE_PREFIX_REVIEW","PENDING_MANUAL_CONFIRMATION"
"com/ecommerce/app/module/ReferralRewards/controller/CouponController.java","128","com.ecommerce.app.module.ReferralRewards.controller","CouponController","delete","POST","/coupon/delete/{id}","AUTHENTICATED_ONLY","","ADMIN_LEGACY_ROUTE_REVIEW","PROMOTION_REWARDS","SENSITIVE_REVIEW","platform.promotion.rewards.delete","ADMIN_MODULE_PERMISSION_AND_ROUTE_PREFIX_REVIEW","PENDING_MANUAL_CONFIRMATION"
"com/ecommerce/app/module/ReferralRewards/controller/CouponController.java","116","com.ecommerce.app.module.ReferralRewards.controller","CouponController","edit","GET","/coupon/edit/{id}","AUTHENTICATED_ONLY","","ADMIN_LEGACY_ROUTE_REVIEW","PROMOTION_REWARDS","READ","platform.promotion.rewards.read","ADMIN_MODULE_PERMISSION_AND_ROUTE_PREFIX_REVIEW","PENDING_MANUAL_CONFIRMATION"
"com/ecommerce/app/module/ReferralRewards/controller/CouponController.java","57","com.ecommerce.app.module.ReferralRewards.controller","CouponController","list","GET","/coupon/list","AUTHENTICATED_ONLY","","ADMIN_LEGACY_ROUTE_REVIEW","PROMOTION_REWARDS","READ","platform.promotion.rewards.read","ADMIN_MODULE_PERMISSION_AND_ROUTE_PREFIX_REVIEW","PENDING_MANUAL_CONFIRMATION"
"com/ecommerce/app/module/ReferralRewards/controller/CouponController.java","90","com.ecommerce.app.module.ReferralRewards.controller","CouponController","save","POST","/coupon/save","AUTHENTICATED_ONLY","","ADMIN_LEGACY_ROUTE_REVIEW","PROMOTION_REWARDS","MANAGE","platform.promotion.rewards.manage","ADMIN_MODULE_PERMISSION_AND_ROUTE_PREFIX_REVIEW","PENDING_MANUAL_CONFIRMATION"
"com/ecommerce/app/module/ReferralRewards/controller/CouponRedemptionController.java","21","com.ecommerce.app.module.ReferralRewards.controller","CouponRedemptionController","list","GET","/coupon-redemption/list","AUTHENTICATED_ONLY","","ADMIN_LEGACY_ROUTE_REVIEW","PROMOTION_REWARDS","READ","platform.promotion.rewards.read","ADMIN_MODULE_PERMISSION_AND_ROUTE_PREFIX_REVIEW","PENDING_MANUAL_CONFIRMATION"
"com/ecommerce/app/module/ReferralRewards/controller/GiftCardController.java","42","com.ecommerce.app.module.ReferralRewards.controller","GiftCardController","create","GET","/giftcard/create","AUTHENTICATED_ONLY","","ADMIN_LEGACY_ROUTE_REVIEW","PROMOTION_REWARDS","READ","platform.promotion.rewards.read","ADMIN_MODULE_PERMISSION_AND_ROUTE_PREFIX_REVIEW","PENDING_MANUAL_CONFIRMATION"
"com/ecommerce/app/module/ReferralRewards/controller/GiftCardController.java","84","com.ecommerce.app.module.ReferralRewards.controller","GiftCardController","delete","POST","/giftcard/delete/{id}","AUTHENTICATED_ONLY","","ADMIN_LEGACY_ROUTE_REVIEW","PROMOTION_REWARDS","SENSITIVE_REVIEW","platform.promotion.rewards.delete","ADMIN_MODULE_PERMISSION_AND_ROUTE_PREFIX_REVIEW","PENDING_MANUAL_CONFIRMATION"
"com/ecommerce/app/module/ReferralRewards/controller/GiftCardController.java","72","com.ecommerce.app.module.ReferralRewards.controller","GiftCardController","edit","GET","/giftcard/edit/{id}","AUTHENTICATED_ONLY","","ADMIN_LEGACY_ROUTE_REVIEW","PROMOTION_REWARDS","READ","platform.promotion.rewards.read","ADMIN_MODULE_PERMISSION_AND_ROUTE_PREFIX_REVIEW","PENDING_MANUAL_CONFIRMATION"
"com/ecommerce/app/module/ReferralRewards/controller/GiftCardController.java","31","com.ecommerce.app.module.ReferralRewards.controller","GiftCardController","list","GET","/giftcard/list","AUTHENTICATED_ONLY","","ADMIN_LEGACY_ROUTE_REVIEW","PROMOTION_REWARDS","READ","platform.promotion.rewards.read","ADMIN_MODULE_PERMISSION_AND_ROUTE_PREFIX_REVIEW","PENDING_MANUAL_CONFIRMATION"
"com/ecommerce/app/module/ReferralRewards/controller/GiftCardController.java","55","com.ecommerce.app.module.ReferralRewards.controller","GiftCardController","save","POST","/giftcard/save","AUTHENTICATED_ONLY","","ADMIN_LEGACY_ROUTE_REVIEW","PROMOTION_REWARDS","MANAGE","platform.promotion.rewards.manage","ADMIN_MODULE_PERMISSION_AND_ROUTE_PREFIX_REVIEW","PENDING_MANUAL_CONFIRMATION"
"com/ecommerce/app/module/ReferralRewards/controller/GiftCardTransactionController.java","21","com.ecommerce.app.module.ReferralRewards.controller","GiftCardTransactionController","list","GET","/giftcard-transaction/list","AUTHENTICATED_ONLY","","ADMIN_LEGACY_ROUTE_REVIEW","PROMOTION_REWARDS","READ","platform.promotion.rewards.read","ADMIN_MODULE_PERMISSION_AND_ROUTE_PREFIX_REVIEW","PENDING_MANUAL_CONFIRMATION"
"com/ecommerce/app/module/ReferralRewards/controller/MultiLavelRateSettingsController.java","42","com.ecommerce.app.module.ReferralRewards.controller","MultiLavelRateSettingsController","createForm","GET","/lavelratesettings/create","AUTHENTICATED_ONLY","","ADMIN_LEGACY_ROUTE_REVIEW","PROMOTION_REWARDS","READ","platform.promotion.rewards.read","ADMIN_MODULE_PERMISSION_AND_ROUTE_PREFIX_REVIEW","PENDING_MANUAL_CONFIRMATION"
"com/ecommerce/app/module/ReferralRewards/controller/MultiLavelRateSettingsController.java","80","com.ecommerce.app.module.ReferralRewards.controller","MultiLavelRateSettingsController","delete","POST","/lavelratesettings/delete/{id}","AUTHENTICATED_ONLY","","ADMIN_LEGACY_ROUTE_REVIEW","PROMOTION_REWARDS","SENSITIVE_REVIEW","platform.promotion.rewards.delete","ADMIN_MODULE_PERMISSION_AND_ROUTE_PREFIX_REVIEW","PENDING_MANUAL_CONFIRMATION"
"com/ecommerce/app/module/ReferralRewards/controller/MultiLavelRateSettingsController.java","66","com.ecommerce.app.module.ReferralRewards.controller","MultiLavelRateSettingsController","editForm","GET","/lavelratesettings/edit/{id}","AUTHENTICATED_ONLY","","ADMIN_LEGACY_ROUTE_REVIEW","PROMOTION_REWARDS","READ","platform.promotion.rewards.read","ADMIN_MODULE_PERMISSION_AND_ROUTE_PREFIX_REVIEW","PENDING_MANUAL_CONFIRMATION"
"com/ecommerce/app/module/ReferralRewards/controller/MultiLavelRateSettingsController.java","36","com.ecommerce.app.module.ReferralRewards.controller","MultiLavelRateSettingsController","list","ALL","/lavelratesettings/list","AUTHENTICATED_ONLY","","ADMIN_LEGACY_ROUTE_REVIEW","PROMOTION_REWARDS","HTTP_METHOD_REVIEW","platform.promotion.rewards.method-review","ADMIN_MODULE_PERMISSION_AND_ROUTE_PREFIX_REVIEW","PENDING_MANUAL_CONFIRMATION"
"com/ecommerce/app/module/ReferralRewards/controller/MultiLavelRateSettingsController.java","49","com.ecommerce.app.module.ReferralRewards.controller","MultiLavelRateSettingsController","save","POST","/lavelratesettings/save","AUTHENTICATED_ONLY","","ADMIN_LEGACY_ROUTE_REVIEW","PROMOTION_REWARDS","MANAGE","platform.promotion.rewards.manage","ADMIN_MODULE_PERMISSION_AND_ROUTE_PREFIX_REVIEW","PENDING_MANUAL_CONFIRMATION"
"com/ecommerce/app/module/ReferralRewards/controller/PromotionAdminController.java","68","com.ecommerce.app.module.ReferralRewards.controller","PromotionAdminController","fraudFlags","GET","/admin/promotions/fraud-flags","AUTHENTICATED_ONLY","","ADMIN","FRAUD","READ","platform.fraud.read","ACTIVE_ADMIN_AND_MODULE_PERMISSION","PENDING_MANUAL_CONFIRMATION"
"com/ecommerce/app/module/ReferralRewards/controller/PromotionAdminController.java","74","com.ecommerce.app.module.ReferralRewards.controller","PromotionAdminController","reviewFraudFlag","POST","/admin/promotions/fraud-flags/{id}/review","AUTHENTICATED_ONLY","","ADMIN","FRAUD","MANAGE","platform.fraud.manage","ACTIVE_ADMIN_AND_MODULE_PERMISSION","PENDING_MANUAL_CONFIRMATION"
"com/ecommerce/app/module/ReferralRewards/controller/PromotionAdminController.java","62","com.ecommerce.app.module.ReferralRewards.controller","PromotionAdminController","notifications","GET","/admin/promotions/notifications","AUTHENTICATED_ONLY","","ADMIN","COMMUNICATION","READ","platform.communication.read","ACTIVE_ADMIN_AND_MODULE_PERMISSION","PENDING_MANUAL_CONFIRMATION"
"com/ecommerce/app/module/ReferralRewards/controller/PromotionAdminController.java","43","com.ecommerce.app.module.ReferralRewards.controller","PromotionAdminController","orderIncentives","GET","/admin/promotions/order-incentives","AUTHENTICATED_ONLY","","ADMIN","PROMOTION_REWARDS","READ","platform.promotion.rewards.read","ACTIVE_ADMIN_AND_MODULE_PERMISSION","PENDING_MANUAL_CONFIRMATION"
"com/ecommerce/app/module/ReferralRewards/controller/PromotionAdminController.java","49","com.ecommerce.app.module.ReferralRewards.controller","PromotionAdminController","reverseOrderIncentives","POST","/admin/promotions/order-incentives/{id}/reverse","AUTHENTICATED_ONLY","","ADMIN","PROMOTION_REWARDS","MANAGE","platform.promotion.rewards.manage","ACTIVE_ADMIN_AND_MODULE_PERMISSION","PENDING_MANUAL_CONFIRMATION"
"com/ecommerce/app/module/ReferralRewards/controller/PromotionAdminController.java","93","com.ecommerce.app.module.ReferralRewards.controller","PromotionAdminController","reports","GET","/admin/promotions/reports","AUTHENTICATED_ONLY","","ADMIN","PROMOTION_REWARDS","READ","platform.promotion.rewards.read","ACTIVE_ADMIN_AND_MODULE_PERMISSION","PENDING_MANUAL_CONFIRMATION"
"com/ecommerce/app/module/ReferralRewards/controller/ReferralController.java","43","com.ecommerce.app.module.ReferralRewards.controller","ReferralController","delete","POST","/referral/delete/{id}","AUTHENTICATED_ONLY","","ADMIN_LEGACY_ROUTE_REVIEW","PROMOTION_REWARDS","SENSITIVE_REVIEW","platform.promotion.rewards.delete","ADMIN_MODULE_PERMISSION_AND_ROUTE_PREFIX_REVIEW","PENDING_MANUAL_CONFIRMATION"
"com/ecommerce/app/module/ReferralRewards/controller/ReferralController.java","32","com.ecommerce.app.module.ReferralRewards.controller","ReferralController","list","GET","/referral/list","AUTHENTICATED_ONLY","","ADMIN_LEGACY_ROUTE_REVIEW","PROMOTION_REWARDS","READ","platform.promotion.rewards.read","ADMIN_MODULE_PERMISSION_AND_ROUTE_PREFIX_REVIEW","PENDING_MANUAL_CONFIRMATION"
"com/ecommerce/app/module/ReferralRewards/controller/ReferralRewardController.java","53","com.ecommerce.app.module.ReferralRewards.controller","ReferralRewardController","rewardList","ALL","/referral-reward/referral-reward-list","AUTHENTICATED_ONLY","","ADMIN_LEGACY_ROUTE_REVIEW","PROMOTION_REWARDS","HTTP_METHOD_REVIEW","platform.promotion.rewards.method-review","ADMIN_MODULE_PERMISSION_AND_ROUTE_PREFIX_REVIEW","PENDING_MANUAL_CONFIRMATION"
"com/ecommerce/app/module/ReferralRewards/controller/ReferralRewardController.java","59","com.ecommerce.app.module.ReferralRewards.controller","ReferralRewardController","rewardDashboard","GET","/referral-reward/reward-dashboard","AUTHENTICATED_ONLY","","ADMIN_LEGACY_ROUTE_REVIEW","PROMOTION_REWARDS","READ","platform.promotion.rewards.read","ADMIN_MODULE_PERMISSION_AND_ROUTE_PREFIX_REVIEW","PENDING_MANUAL_CONFIRMATION"
"com/ecommerce/app/module/ReferralRewards/controller/ReferralRewardController.java","87","com.ecommerce.app.module.ReferralRewards.controller","ReferralRewardController","getRewardHistory","ALL","/referral-reward/rewards-history","AUTHENTICATED_ONLY","","ADMIN_LEGACY_ROUTE_REVIEW","PROMOTION_REWARDS","HTTP_METHOD_REVIEW","platform.promotion.rewards.method-review","ADMIN_MODULE_PERMISSION_AND_ROUTE_PREFIX_REVIEW","PENDING_MANUAL_CONFIRMATION"
"com/ecommerce/app/module/ReferralRewards/controller/RegisterController.java","147","com.ecommerce.app.module.ReferralRewards.controller","RegisterController","referralStats","GET","/admin/referrals","AUTHENTICATED_ONLY","","ADMIN","PROMOTION_REWARDS","READ","platform.promotion.rewards.read","ACTIVE_ADMIN_AND_MODULE_PERMISSION","PENDING_MANUAL_CONFIRMATION"
"com/ecommerce/app/module/ReferralRewards/controller/RegisterController.java","154","com.ecommerce.app.module.ReferralRewards.controller","RegisterController","completeOrder","POST","/order/complete","AUTHENTICATED_ONLY","","ADMIN_LEGACY_ROUTE_REVIEW","PROMOTION_REWARDS","MANAGE","platform.promotion.rewards.manage","ADMIN_MODULE_PERMISSION_AND_ROUTE_PREFIX_REVIEW","PENDING_MANUAL_CONFIRMATION"
"com/ecommerce/app/module/ReferralRewards/controller/RegisterController.java","170","com.ecommerce.app.module.ReferralRewards.controller","RegisterController","createOrder","POST","/order/create","PERMIT_ALL","","PUBLIC_EXPLICIT","PROMOTION_REWARDS","MANAGE","public.promotion.rewards.manage","EXPLICIT_ALLOWLIST_INPUT_LIMITS_AND_SESSION_SCOPE","PENDING_MANUAL_CONFIRMATION"
"com/ecommerce/app/module/ReferralRewards/controller/RegisterController.java","64","com.ecommerce.app.module.ReferralRewards.controller","RegisterController","showRegisterForm","GET","/register","AUTHENTICATED_ONLY","","ADMIN_LEGACY_ROUTE_REVIEW","PROMOTION_REWARDS","READ","platform.promotion.rewards.read","ADMIN_MODULE_PERMISSION_AND_ROUTE_PREFIX_REVIEW","PENDING_MANUAL_CONFIRMATION"
"com/ecommerce/app/module/ReferralRewards/controller/RegisterController.java","71","com.ecommerce.app.module.ReferralRewards.controller","RegisterController","registerUser","POST","/register","AUTHENTICATED_ONLY","","ADMIN_LEGACY_ROUTE_REVIEW","PROMOTION_REWARDS","MANAGE","platform.promotion.rewards.manage","ADMIN_MODULE_PERMISSION_AND_ROUTE_PREFIX_REVIEW","PENDING_MANUAL_CONFIRMATION"
"com/ecommerce/app/module/ReferralRewards/controller/RegisterController.java","91","com.ecommerce.app.module.ReferralRewards.controller","RegisterController","verifyEmail","GET","/verify","AUTHENTICATED_ONLY","","ADMIN_LEGACY_ROUTE_REVIEW","PROMOTION_REWARDS","SENSITIVE_REVIEW","platform.promotion.rewards.verify","ADMIN_MODULE_PERMISSION_AND_ROUTE_PREFIX_REVIEW","PENDING_MANUAL_CONFIRMATION"
"com/ecommerce/app/module/ReferralRewards/controller/RegisterController.java","106","com.ecommerce.app.module.ReferralRewards.controller","RegisterController","wallet","GET","/wallet","AUTHENTICATED_ONLY","","ADMIN_LEGACY_ROUTE_REVIEW","PROMOTION_REWARDS","READ","platform.promotion.rewards.read","ADMIN_MODULE_PERMISSION_AND_ROUTE_PREFIX_REVIEW","PENDING_MANUAL_CONFIRMATION"
"com/ecommerce/app/module/ReferralRewards/controller/RegisterController.java","125","com.ecommerce.app.module.ReferralRewards.controller","RegisterController","wallets","GET","/wallets","AUTHENTICATED_ONLY","","ADMIN_LEGACY_ROUTE_REVIEW","PROMOTION_REWARDS","READ","platform.promotion.rewards.read","ADMIN_MODULE_PERMISSION_AND_ROUTE_PREFIX_REVIEW","PENDING_MANUAL_CONFIRMATION"
"com/ecommerce/app/module/ReferralRewards/controller/RewardHistoryController.java","36","com.ecommerce.app.module.ReferralRewards.controller","RewardHistoryController","getRewardHistory","GET","/rewards","AUTHENTICATED_ONLY","","ADMIN_LEGACY_ROUTE_REVIEW","PROMOTION_REWARDS","READ","platform.promotion.rewards.read","ADMIN_MODULE_PERMISSION_AND_ROUTE_PREFIX_REVIEW","PENDING_MANUAL_CONFIRMATION"
"com/ecommerce/app/module/ReferralRewards/controller/RewardHistoryController.java","36","com.ecommerce.app.module.ReferralRewards.controller","RewardHistoryController","getRewardHistory","ALL","/rewards/rewards","AUTHENTICATED_ONLY","","ADMIN_LEGACY_ROUTE_REVIEW","PROMOTION_REWARDS","HTTP_METHOD_REVIEW","platform.promotion.rewards.method-review","ADMIN_MODULE_PERMISSION_AND_ROUTE_PREFIX_REVIEW","PENDING_MANUAL_CONFIRMATION"
"com/ecommerce/app/module/ReferralRewards/controller/RewardRedemptionController.java","76","com.ecommerce.app.module.ReferralRewards.controller","RewardRedemptionController","redeemPoints","POST","/reward-redemption","AUTHENTICATED_ONLY","","ADMIN_LEGACY_ROUTE_REVIEW","PROMOTION_REWARDS","MANAGE","platform.promotion.rewards.manage","ADMIN_MODULE_PERMISSION_AND_ROUTE_PREFIX_REVIEW","PENDING_MANUAL_CONFIRMATION"
"com/ecommerce/app/module/ReferralRewards/controller/RewardRedemptionController.java","70","com.ecommerce.app.module.ReferralRewards.controller","RewardRedemptionController","showRedeemList","ALL","/reward-redemption/list","AUTHENTICATED_ONLY","","ADMIN_LEGACY_ROUTE_REVIEW","PROMOTION_REWARDS","HTTP_METHOD_REVIEW","platform.promotion.rewards.method-review","ADMIN_MODULE_PERMISSION_AND_ROUTE_PREFIX_REVIEW","PENDING_MANUAL_CONFIRMATION"
"com/ecommerce/app/module/ReferralRewards/controller/RewardRedemptionController.java","42","com.ecommerce.app.module.ReferralRewards.controller","RewardRedemptionController","rewardDashboard","GET","/reward-redemption/rewards","AUTHENTICATED_ONLY","","ADMIN_LEGACY_ROUTE_REVIEW","PROMOTION_REWARDS","READ","platform.promotion.rewards.read","ADMIN_MODULE_PERMISSION_AND_ROUTE_PREFIX_REVIEW","PENDING_MANUAL_CONFIRMATION"
"com/ecommerce/app/module/ReferralRewards/controller/WalletController.java","58","com.ecommerce.app.module.ReferralRewards.controller","WalletController","delete","POST","/wallet/delete/{id}","AUTHENTICATED_ONLY","","ADMIN_LEGACY_ROUTE_REVIEW","PROMOTION_REWARDS","SENSITIVE_REVIEW","platform.promotion.rewards.delete","ADMIN_MODULE_PERMISSION_AND_ROUTE_PREFIX_REVIEW","PENDING_MANUAL_CONFIRMATION"
"com/ecommerce/app/module/ReferralRewards/controller/WalletController.java","83","com.ecommerce.app.module.ReferralRewards.controller","WalletController","viewWallet","GET","/wallet/wallet","AUTHENTICATED_ONLY","","ADMIN_LEGACY_ROUTE_REVIEW","PROMOTION_REWARDS","READ","platform.promotion.rewards.read","ADMIN_MODULE_PERMISSION_AND_ROUTE_PREFIX_REVIEW","PENDING_MANUAL_CONFIRMATION"
"com/ecommerce/app/module/ReferralRewards/controller/WalletController.java","46","com.ecommerce.app.module.ReferralRewards.controller","WalletController","walletList","GET","/wallet/walletlist","AUTHENTICATED_ONLY","","ADMIN_LEGACY_ROUTE_REVIEW","PROMOTION_REWARDS","READ","platform.promotion.rewards.read","ADMIN_MODULE_PERMISSION_AND_ROUTE_PREFIX_REVIEW","PENDING_MANUAL_CONFIRMATION"
"com/ecommerce/app/module/ReferralRewards/controller/WalletTopUpController.java","36","com.ecommerce.app.module.ReferralRewards.controller","WalletTopUpController","showTopUpForm","GET","/wallet/top-up","AUTHENTICATED_ONLY","","ADMIN_LEGACY_ROUTE_REVIEW","PROMOTION_REWARDS","READ","platform.promotion.rewards.read","ADMIN_MODULE_PERMISSION_AND_ROUTE_PREFIX_REVIEW","PENDING_MANUAL_CONFIRMATION"
"com/ecommerce/app/module/ReferralRewards/controller/WalletTopUpController.java","43","com.ecommerce.app.module.ReferralRewards.controller","WalletTopUpController","processTopUp","POST","/wallet/top-up","AUTHENTICATED_ONLY","","ADMIN_LEGACY_ROUTE_REVIEW","PROMOTION_REWARDS","MANAGE","platform.promotion.rewards.manage","ADMIN_MODULE_PERMISSION_AND_ROUTE_PREFIX_REVIEW","PENDING_MANUAL_CONFIRMATION"
"com/ecommerce/app/module/ReferralRewards/controller/WalletTransactionController.java","27","com.ecommerce.app.module.ReferralRewards.controller","WalletTransactionController","list","GET","/wallettransaction/list","AUTHENTICATED_ONLY","","ADMIN_LEGACY_ROUTE_REVIEW","PROMOTION_REWARDS","READ","platform.promotion.rewards.read","ADMIN_MODULE_PERMISSION_AND_ROUTE_PREFIX_REVIEW","PENDING_MANUAL_CONFIRMATION"
"com/ecommerce/app/module/review/controller/CustomerProductReviewController.java","23","com.ecommerce.app.module.review.controller","CustomerProductReviewController","saveReview","POST","/customer-product-review/save","AUTHENTICATED_ONLY","","CUSTOMER","REVIEW_RATING","MANAGE","customer.review.rating.manage","ACTIVE_CUSTOMER_AND_CURRENT_USER_OWNERSHIP","PENDING_MANUAL_CONFIRMATION"
"com/ecommerce/app/module/sales/dashboard/controller/AdminSalesDashboardController.java","27","com.ecommerce.app.module.sales.dashboard.controller","AdminSalesDashboardController","dashboard","GET","/admin/sales/dashboard","AUTHENTICATED_ONLY","@PreAuthorize(""hasAuthority('admin')"")","ADMIN","ORDER_PAYMENT","READ","platform.order.payment.read","ACTIVE_ADMIN_AND_MODULE_PERMISSION","PENDING_MANUAL_CONFIRMATION"
"com/ecommerce/app/module/sales/dashboard/controller/AdminSalesDashboardController.java","47","com.ecommerce.app.module.sales.dashboard.controller","AdminSalesDashboardController","dashboardData","GET","/admin/sales/dashboard/data","AUTHENTICATED_ONLY","@PreAuthorize(""hasAuthority('admin')"")","ADMIN","ORDER_PAYMENT","READ","platform.order.payment.read","ACTIVE_ADMIN_AND_MODULE_PERMISSION","PENDING_MANUAL_CONFIRMATION"
"com/ecommerce/app/module/sales/dashboard/controller/VendorSalesDashboardController.java","39","com.ecommerce.app.module.sales.dashboard.controller","VendorSalesDashboardController","dashboard","GET","/vendor/sales/dashboard","AUTHENTICATED_ONLY","","VENDOR","ORDER_PAYMENT","READ","vendor.order.payment.read","ACTIVE_VENDOR_MEMBERSHIP_PERMISSION_AND_RESOURCE_SCOPE","PENDING_MANUAL_CONFIRMATION"
"com/ecommerce/app/module/sales/dashboard/controller/VendorSalesDashboardController.java","62","com.ecommerce.app.module.sales.dashboard.controller","VendorSalesDashboardController","dashboardData","GET","/vendor/sales/dashboard/data","AUTHENTICATED_ONLY","","VENDOR","ORDER_PAYMENT","READ","vendor.order.payment.read","ACTIVE_VENDOR_MEMBERSHIP_PERMISSION_AND_RESOURCE_SCOPE","PENDING_MANUAL_CONFIRMATION"
"com/ecommerce/app/module/settings/controller/GlobalSettingsController.java","90","com.ecommerce.app.module.settings.controller","GlobalSettingsController","sectionPageFallback","GET","/admin/settings/basic","AUTHENTICATED_ONLY","","ADMIN","IDENTITY_ACCESS","READ","platform.identity.access.read","ACTIVE_ADMIN_AND_MODULE_PERMISSION","PENDING_MANUAL_CONFIRMATION"
"com/ecommerce/app/module/settings/controller/GlobalSettingsController.java","103","com.ecommerce.app.module.settings.controller","GlobalSettingsController","updateBasic","POST","/admin/settings/basic","AUTHENTICATED_ONLY","","ADMIN","IDENTITY_ACCESS","MANAGE","platform.identity.access.manage","ACTIVE_ADMIN_AND_MODULE_PERMISSION","PENDING_MANUAL_CONFIRMATION"
"com/ecommerce/app/module/settings/controller/GlobalSettingsController.java","90","com.ecommerce.app.module.settings.controller","GlobalSettingsController","sectionPageFallback","GET","/admin/settings/delivery","AUTHENTICATED_ONLY","","ADMIN","SHIPPING","READ","platform.shipping.read","ACTIVE_ADMIN_AND_MODULE_PERMISSION","PENDING_MANUAL_CONFIRMATION"
"com/ecommerce/app/module/settings/controller/GlobalSettingsController.java","164","com.ecommerce.app.module.settings.controller","GlobalSettingsController","updateDelivery","POST","/admin/settings/delivery","AUTHENTICATED_ONLY","","ADMIN","SHIPPING","MANAGE","platform.shipping.manage","ACTIVE_ADMIN_AND_MODULE_PERMISSION","PENDING_MANUAL_CONFIRMATION"
"com/ecommerce/app/module/settings/controller/GlobalSettingsController.java","225","com.ecommerce.app.module.settings.controller","GlobalSettingsController","deleteImage","POST","/admin/settings/images/delete","AUTHENTICATED_ONLY","","ADMIN","IDENTITY_ACCESS","SENSITIVE_REVIEW","platform.identity.access.delete","ACTIVE_ADMIN_AND_MODULE_PERMISSION","PENDING_MANUAL_CONFIRMATION"
"com/ecommerce/app/module/settings/controller/GlobalSettingsController.java","73","com.ecommerce.app.module.settings.controller","GlobalSettingsController","settingsPage","GET","/admin/settings/index","AUTHENTICATED_ONLY","","ADMIN","IDENTITY_ACCESS","READ","platform.identity.access.read","ACTIVE_ADMIN_AND_MODULE_PERMISSION","PENDING_MANUAL_CONFIRMATION"
"com/ecommerce/app/module/settings/controller/GlobalSettingsController.java","90","com.ecommerce.app.module.settings.controller","GlobalSettingsController","sectionPageFallback","GET","/admin/settings/maintenance","AUTHENTICATED_ONLY","","ADMIN","IDENTITY_ACCESS","READ","platform.identity.access.read","ACTIVE_ADMIN_AND_MODULE_PERMISSION","PENDING_MANUAL_CONFIRMATION"
"com/ecommerce/app/module/settings/controller/GlobalSettingsController.java","212","com.ecommerce.app.module.settings.controller","GlobalSettingsController","updateMaintenance","POST","/admin/settings/maintenance","AUTHENTICATED_ONLY","","ADMIN","IDENTITY_ACCESS","MANAGE","platform.identity.access.manage","ACTIVE_ADMIN_AND_MODULE_PERMISSION","PENDING_MANUAL_CONFIRMATION"
"com/ecommerce/app/module/settings/controller/GlobalSettingsController.java","90","com.ecommerce.app.module.settings.controller","GlobalSettingsController","sectionPageFallback","GET","/admin/settings/order","AUTHENTICATED_ONLY","","ADMIN","ORDER_PAYMENT","READ","platform.order.payment.read","ACTIVE_ADMIN_AND_MODULE_PERMISSION","PENDING_MANUAL_CONFIRMATION"
"com/ecommerce/app/module/settings/controller/GlobalSettingsController.java","177","com.ecommerce.app.module.settings.controller","GlobalSettingsController","updateOrder","POST","/admin/settings/order","AUTHENTICATED_ONLY","","ADMIN","ORDER_PAYMENT","MANAGE","platform.order.payment.manage","ACTIVE_ADMIN_AND_MODULE_PERMISSION","PENDING_MANUAL_CONFIRMATION"
"com/ecommerce/app/module/settings/controller/GlobalSettingsController.java","90","com.ecommerce.app.module.settings.controller","GlobalSettingsController","sectionPageFallback","GET","/admin/settings/payment","AUTHENTICATED_ONLY","","ADMIN","ORDER_PAYMENT","READ","platform.order.payment.read","ACTIVE_ADMIN_AND_MODULE_PERMISSION","PENDING_MANUAL_CONFIRMATION"
"com/ecommerce/app/module/settings/controller/GlobalSettingsController.java","155","com.ecommerce.app.module.settings.controller","GlobalSettingsController","updatePayment","POST","/admin/settings/payment","AUTHENTICATED_ONLY","","ADMIN","ORDER_PAYMENT","MANAGE","platform.order.payment.manage","ACTIVE_ADMIN_AND_MODULE_PERMISSION","PENDING_MANUAL_CONFIRMATION"
"com/ecommerce/app/module/settings/controller/GlobalSettingsController.java","90","com.ecommerce.app.module.settings.controller","GlobalSettingsController","sectionPageFallback","GET","/admin/settings/policy","AUTHENTICATED_ONLY","","ADMIN","IDENTITY_ACCESS","READ","platform.identity.access.read","ACTIVE_ADMIN_AND_MODULE_PERMISSION","PENDING_MANUAL_CONFIRMATION"
"com/ecommerce/app/module/settings/controller/GlobalSettingsController.java","203","com.ecommerce.app.module.settings.controller","GlobalSettingsController","updatePolicy","POST","/admin/settings/policy","AUTHENTICATED_ONLY","","ADMIN","IDENTITY_ACCESS","MANAGE","platform.identity.access.manage","ACTIVE_ADMIN_AND_MODULE_PERMISSION","PENDING_MANUAL_CONFIRMATION"
"com/ecommerce/app/module/settings/controller/GlobalSettingsController.java","90","com.ecommerce.app.module.settings.controller","GlobalSettingsController","sectionPageFallback","GET","/admin/settings/seo","AUTHENTICATED_ONLY","","ADMIN","IDENTITY_ACCESS","READ","platform.identity.access.read","ACTIVE_ADMIN_AND_MODULE_PERMISSION","PENDING_MANUAL_CONFIRMATION"
"com/ecommerce/app/module/settings/controller/GlobalSettingsController.java","118","com.ecommerce.app.module.settings.controller","GlobalSettingsController","updateSeo","POST","/admin/settings/seo","AUTHENTICATED_ONLY","","ADMIN","IDENTITY_ACCESS","MANAGE","platform.identity.access.manage","ACTIVE_ADMIN_AND_MODULE_PERMISSION","PENDING_MANUAL_CONFIRMATION"
"com/ecommerce/app/module/settings/controller/GlobalSettingsController.java","132","com.ecommerce.app.module.settings.controller","GlobalSettingsController","updateSeoOgImage","POST","/admin/settings/seo/og-image","AUTHENTICATED_ONLY","","ADMIN","IDENTITY_ACCESS","MANAGE","platform.identity.access.manage","ACTIVE_ADMIN_AND_MODULE_PERMISSION","PENDING_MANUAL_CONFIRMATION"
"com/ecommerce/app/module/settings/controller/GlobalSettingsController.java","90","com.ecommerce.app.module.settings.controller","GlobalSettingsController","sectionPageFallback","GET","/admin/settings/social","AUTHENTICATED_ONLY","","ADMIN","IDENTITY_ACCESS","READ","platform.identity.access.read","ACTIVE_ADMIN_AND_MODULE_PERMISSION","PENDING_MANUAL_CONFIRMATION"
"com/ecommerce/app/module/settings/controller/GlobalSettingsController.java","190","com.ecommerce.app.module.settings.controller","GlobalSettingsController","updateSocial","POST","/admin/settings/social","AUTHENTICATED_ONLY","","ADMIN","IDENTITY_ACCESS","MANAGE","platform.identity.access.manage","ACTIVE_ADMIN_AND_MODULE_PERMISSION","PENDING_MANUAL_CONFIRMATION"
"com/ecommerce/app/module/settings/controller/GlobalSettingsController.java","90","com.ecommerce.app.module.settings.controller","GlobalSettingsController","sectionPageFallback","GET","/admin/settings/store","AUTHENTICATED_ONLY","","ADMIN","IDENTITY_ACCESS","READ","platform.identity.access.read","ACTIVE_ADMIN_AND_MODULE_PERMISSION","PENDING_MANUAL_CONFIRMATION"
"com/ecommerce/app/module/settings/controller/GlobalSettingsController.java","142","com.ecommerce.app.module.settings.controller","GlobalSettingsController","updateStore","POST","/admin/settings/store","AUTHENTICATED_ONLY","","ADMIN","IDENTITY_ACCESS","MANAGE","platform.identity.access.manage","ACTIVE_ADMIN_AND_MODULE_PERMISSION","PENDING_MANUAL_CONFIRMATION"
"com/ecommerce/app/module/settings/controller/GlobalSettingsController.java","84","com.ecommerce.app.module.settings.controller","GlobalSettingsController","updatePageFallback","GET","/admin/settings/update","AUTHENTICATED_ONLY","","ADMIN","IDENTITY_ACCESS","READ","platform.identity.access.read","ACTIVE_ADMIN_AND_MODULE_PERMISSION","PENDING_MANUAL_CONFIRMATION"
"com/ecommerce/app/module/settings/controller/GlobalSettingsController.java","97","com.ecommerce.app.module.settings.controller","GlobalSettingsController","updateSettingsFallback","POST","/admin/settings/update","AUTHENTICATED_ONLY","","ADMIN","IDENTITY_ACCESS","MANAGE","platform.identity.access.manage","ACTIVE_ADMIN_AND_MODULE_PERMISSION","PENDING_MANUAL_CONFIRMATION"
"com/ecommerce/app/module/shipping/controller/AdminShippingController.java","173","com.ecommerce.app.module.shipping.controller","AdminShippingController","generateLabel","POST","/admin/shipments/{id}/generate-label","AUTHENTICATED_ONLY","","ADMIN","SHIPPING","SENSITIVE_REVIEW","platform.shipping.generate","ACTIVE_ADMIN_AND_MODULE_PERMISSION","PENDING_MANUAL_CONFIRMATION"
"com/ecommerce/app/module/shipping/controller/AdminShippingController.java","82","com.ecommerce.app.module.shipping.controller","AdminShippingController","newForm","GET","/admin/shipments/create","AUTHENTICATED_ONLY","","ADMIN","SHIPPING","READ","platform.shipping.read","ACTIVE_ADMIN_AND_MODULE_PERMISSION","PENDING_MANUAL_CONFIRMATION"
"com/ecommerce/app/module/shipping/controller/AdminShippingController.java","160","com.ecommerce.app.module.shipping.controller","AdminShippingController","delete","POST","/admin/shipments/delete/{id}","AUTHENTICATED_ONLY","","ADMIN","SHIPPING","SENSITIVE_REVIEW","platform.shipping.delete","ACTIVE_ADMIN_AND_MODULE_PERMISSION","PENDING_MANUAL_CONFIRMATION"
"com/ecommerce/app/module/shipping/controller/AdminShippingController.java","105","com.ecommerce.app.module.shipping.controller","AdminShippingController","editForm","GET","/admin/shipments/edit/{id}","AUTHENTICATED_ONLY","","ADMIN","SHIPPING","READ","platform.shipping.read","ACTIVE_ADMIN_AND_MODULE_PERMISSION","PENDING_MANUAL_CONFIRMATION"
"com/ecommerce/app/module/shipping/controller/AdminShippingController.java","66","com.ecommerce.app.module.shipping.controller","AdminShippingController","list","GET","/admin/shipments/list","AUTHENTICATED_ONLY","","ADMIN","SHIPPING","READ","platform.shipping.read","ACTIVE_ADMIN_AND_MODULE_PERMISSION","PENDING_MANUAL_CONFIRMATION"
"com/ecommerce/app/module/shipping/controller/AdminShippingController.java","124","com.ecommerce.app.module.shipping.controller","AdminShippingController","save","POST","/admin/shipments/save","AUTHENTICATED_ONLY","","ADMIN","SHIPPING","MANAGE","platform.shipping.manage","ACTIVE_ADMIN_AND_MODULE_PERMISSION","PENDING_MANUAL_CONFIRMATION"
"com/ecommerce/app/module/shipping/controller/CarrierController.java","120","com.ecommerce.app.module.shipping.controller","CarrierController","delete","POST","/admin/carriers/delete/{uuid}","AUTHENTICATED_ONLY","","ADMIN","SHIPPING","SENSITIVE_REVIEW","platform.shipping.delete","ACTIVE_ADMIN_AND_MODULE_PERMISSION","PENDING_MANUAL_CONFIRMATION"
"com/ecommerce/app/module/shipping/controller/CarrierController.java","104","com.ecommerce.app.module.shipping.controller","CarrierController","editForm","GET","/admin/carriers/edit/{id}","AUTHENTICATED_ONLY","","ADMIN","SHIPPING","READ","platform.shipping.read","ACTIVE_ADMIN_AND_MODULE_PERMISSION","PENDING_MANUAL_CONFIRMATION"
"com/ecommerce/app/module/shipping/controller/CarrierController.java","42","com.ecommerce.app.module.shipping.controller","CarrierController","list","GET","/admin/carriers/list","AUTHENTICATED_ONLY","","ADMIN","SHIPPING","READ","platform.shipping.read","ACTIVE_ADMIN_AND_MODULE_PERMISSION","PENDING_MANUAL_CONFIRMATION"
"com/ecommerce/app/module/shipping/controller/CarrierController.java","62","com.ecommerce.app.module.shipping.controller","CarrierController","createForm","GET","/admin/carriers/new","AUTHENTICATED_ONLY","","ADMIN","SHIPPING","READ","platform.shipping.read","ACTIVE_ADMIN_AND_MODULE_PERMISSION","PENDING_MANUAL_CONFIRMATION"
"com/ecommerce/app/module/shipping/controller/CarrierController.java","72","com.ecommerce.app.module.shipping.controller","CarrierController","save","POST","/admin/carriers/save","AUTHENTICATED_ONLY","","ADMIN","SHIPPING","MANAGE","platform.shipping.manage","ACTIVE_ADMIN_AND_MODULE_PERMISSION","PENDING_MANUAL_CONFIRMATION"
"com/ecommerce/app/module/shipping/controller/CarrierRateController.java","51","com.ecommerce.app.module.shipping.controller","CarrierRateController","createForm","GET","/admin/carrier-rates/create","AUTHENTICATED_ONLY","","ADMIN","REVIEW_RATING","READ","platform.review.rating.read","ACTIVE_ADMIN_AND_MODULE_PERMISSION","PENDING_MANUAL_CONFIRMATION"
"com/ecommerce/app/module/shipping/controller/CarrierRateController.java","112","com.ecommerce.app.module.shipping.controller","CarrierRateController","delete","POST","/admin/carrier-rates/delete/{id}","AUTHENTICATED_ONLY","","ADMIN","REVIEW_RATING","SENSITIVE_REVIEW","platform.review.rating.delete","ACTIVE_ADMIN_AND_MODULE_PERMISSION","PENDING_MANUAL_CONFIRMATION"
"com/ecommerce/app/module/shipping/controller/CarrierRateController.java","92","com.ecommerce.app.module.shipping.controller","CarrierRateController","edit","GET","/admin/carrier-rates/edit/{id}","AUTHENTICATED_ONLY","","ADMIN","REVIEW_RATING","READ","platform.review.rating.read","ACTIVE_ADMIN_AND_MODULE_PERMISSION","PENDING_MANUAL_CONFIRMATION"
"com/ecommerce/app/module/shipping/controller/CarrierRateController.java","45","com.ecommerce.app.module.shipping.controller","CarrierRateController","list","GET","/admin/carrier-rates/list","AUTHENTICATED_ONLY","","ADMIN","REVIEW_RATING","READ","platform.review.rating.read","ACTIVE_ADMIN_AND_MODULE_PERMISSION","PENDING_MANUAL_CONFIRMATION"
"com/ecommerce/app/module/shipping/controller/CarrierRateController.java","58","com.ecommerce.app.module.shipping.controller","CarrierRateController","save","POST","/admin/carrier-rates/save","AUTHENTICATED_ONLY","","ADMIN","REVIEW_RATING","MANAGE","platform.review.rating.manage","ACTIVE_ADMIN_AND_MODULE_PERMISSION","PENDING_MANUAL_CONFIRMATION"
"com/ecommerce/app/module/shipping/controller/CarrierRateSlabController.java","44","com.ecommerce.app.module.shipping.controller","CarrierRateSlabController","create","GET","/admin/carrier-rate-slabs/create","AUTHENTICATED_ONLY","","ADMIN","SHIPPING","READ","platform.shipping.read","ACTIVE_ADMIN_AND_MODULE_PERMISSION","PENDING_MANUAL_CONFIRMATION"
"com/ecommerce/app/module/shipping/controller/CarrierRateSlabController.java","90","com.ecommerce.app.module.shipping.controller","CarrierRateSlabController","delete","POST","/admin/carrier-rate-slabs/delete/{id}","AUTHENTICATED_ONLY","","ADMIN","SHIPPING","SENSITIVE_REVIEW","platform.shipping.delete","ACTIVE_ADMIN_AND_MODULE_PERMISSION","PENDING_MANUAL_CONFIRMATION"
"com/ecommerce/app/module/shipping/controller/CarrierRateSlabController.java","56","com.ecommerce.app.module.shipping.controller","CarrierRateSlabController","edit","GET","/admin/carrier-rate-slabs/edit/{id}","AUTHENTICATED_ONLY","","ADMIN","SHIPPING","READ","platform.shipping.read","ACTIVE_ADMIN_AND_MODULE_PERMISSION","PENDING_MANUAL_CONFIRMATION"
"com/ecommerce/app/module/shipping/controller/CarrierRateSlabController.java","35","com.ecommerce.app.module.shipping.controller","CarrierRateSlabController","list","GET","/admin/carrier-rate-slabs/list","AUTHENTICATED_ONLY","","ADMIN","SHIPPING","READ","platform.shipping.read","ACTIVE_ADMIN_AND_MODULE_PERMISSION","PENDING_MANUAL_CONFIRMATION"
"com/ecommerce/app/module/shipping/controller/CarrierRateSlabController.java","68","com.ecommerce.app.module.shipping.controller","CarrierRateSlabController","save","POST","/admin/carrier-rate-slabs/save","AUTHENTICATED_ONLY","","ADMIN","SHIPPING","MANAGE","platform.shipping.manage","ACTIVE_ADMIN_AND_MODULE_PERMISSION","PENDING_MANUAL_CONFIRMATION"
"com/ecommerce/app/module/shipping/controller/DeliveryPersonController.java","37","com.ecommerce.app.module.shipping.controller","DeliveryPersonController","list","GET","/delivery-person","AUTHENTICATED_ONLY","","ADMIN_LEGACY_ROUTE_REVIEW","SHIPPING","READ","platform.shipping.read","ADMIN_MODULE_PERMISSION_AND_ROUTE_PREFIX_REVIEW","PENDING_MANUAL_CONFIRMATION"
"com/ecommerce/app/module/shipping/controller/DeliveryPersonController.java","48","com.ecommerce.app.module.shipping.controller","DeliveryPersonController","createForm","GET","/delivery-person/create","AUTHENTICATED_ONLY","","ADMIN_LEGACY_ROUTE_REVIEW","SHIPPING","READ","platform.shipping.read","ADMIN_MODULE_PERMISSION_AND_ROUTE_PREFIX_REVIEW","PENDING_MANUAL_CONFIRMATION"
"com/ecommerce/app/module/shipping/controller/DeliveryPersonController.java","68","com.ecommerce.app.module.shipping.controller","DeliveryPersonController","delete","POST","/delivery-person/delete/{id}","AUTHENTICATED_ONLY","","ADMIN_LEGACY_ROUTE_REVIEW","SHIPPING","SENSITIVE_REVIEW","platform.shipping.delete","ADMIN_MODULE_PERMISSION_AND_ROUTE_PREFIX_REVIEW","PENDING_MANUAL_CONFIRMATION"
"com/ecommerce/app/module/shipping/controller/DeliveryPersonController.java","61","com.ecommerce.app.module.shipping.controller","DeliveryPersonController","edit","GET","/delivery-person/edit/{id}","AUTHENTICATED_ONLY","","ADMIN_LEGACY_ROUTE_REVIEW","SHIPPING","READ","platform.shipping.read","ADMIN_MODULE_PERMISSION_AND_ROUTE_PREFIX_REVIEW","PENDING_MANUAL_CONFIRMATION"
"com/ecommerce/app/module/shipping/controller/DeliveryPersonController.java","55","com.ecommerce.app.module.shipping.controller","DeliveryPersonController","save","POST","/delivery-person/save","AUTHENTICATED_ONLY","","ADMIN_LEGACY_ROUTE_REVIEW","SHIPPING","MANAGE","platform.shipping.manage","ADMIN_MODULE_PERMISSION_AND_ROUTE_PREFIX_REVIEW","PENDING_MANUAL_CONFIRMATION"
"com/ecommerce/app/module/shipping/controller/PackagingRateController.java","102","com.ecommerce.app.module.shipping.controller","PackagingRateController","delete","POST","/packagingrates/delete/{id}","AUTHENTICATED_ONLY","","ADMIN_LEGACY_ROUTE_REVIEW","REVIEW_RATING","SENSITIVE_REVIEW","platform.review.rating.delete","ADMIN_MODULE_PERMISSION_AND_ROUTE_PREFIX_REVIEW","PENDING_MANUAL_CONFIRMATION"
"com/ecommerce/app/module/shipping/controller/PackagingRateController.java","90","com.ecommerce.app.module.shipping.controller","PackagingRateController","edit","GET","/packagingrates/edit/{id}","AUTHENTICATED_ONLY","","ADMIN_LEGACY_ROUTE_REVIEW","REVIEW_RATING","READ","platform.review.rating.read","ADMIN_MODULE_PERMISSION_AND_ROUTE_PREFIX_REVIEW","PENDING_MANUAL_CONFIRMATION"
"com/ecommerce/app/module/shipping/controller/PackagingRateController.java","52","com.ecommerce.app.module.shipping.controller","PackagingRateController","list","GET","/packagingrates/list","AUTHENTICATED_ONLY","","ADMIN_LEGACY_ROUTE_REVIEW","REVIEW_RATING","READ","platform.review.rating.read","ADMIN_MODULE_PERMISSION_AND_ROUTE_PREFIX_REVIEW","PENDING_MANUAL_CONFIRMATION"
"com/ecommerce/app/module/shipping/controller/PackagingRateController.java","45","com.ecommerce.app.module.shipping.controller","PackagingRateController","showAddForm","GET","/packagingrates/new","AUTHENTICATED_ONLY","","ADMIN_LEGACY_ROUTE_REVIEW","REVIEW_RATING","READ","platform.review.rating.read","ADMIN_MODULE_PERMISSION_AND_ROUTE_PREFIX_REVIEW","PENDING_MANUAL_CONFIRMATION"
"com/ecommerce/app/module/shipping/controller/PackagingRateController.java","63","com.ecommerce.app.module.shipping.controller","PackagingRateController","save","POST","/packagingrates/save","AUTHENTICATED_ONLY","","ADMIN_LEGACY_ROUTE_REVIEW","REVIEW_RATING","MANAGE","platform.review.rating.manage","ADMIN_MODULE_PERMISSION_AND_ROUTE_PREFIX_REVIEW","PENDING_MANUAL_CONFIRMATION"
"com/ecommerce/app/module/shipping/controller/PickupAddressController.java","41","com.ecommerce.app.module.shipping.controller","PickupAddressController","create","GET","/admin/pickup-addresses/create","AUTHENTICATED_ONLY","","ADMIN","SHIPPING","READ","platform.shipping.read","ACTIVE_ADMIN_AND_MODULE_PERMISSION","PENDING_MANUAL_CONFIRMATION"
"com/ecommerce/app/module/shipping/controller/PickupAddressController.java","72","com.ecommerce.app.module.shipping.controller","PickupAddressController","delete","POST","/admin/pickup-addresses/delete/{id}","AUTHENTICATED_ONLY","","ADMIN","SHIPPING","SENSITIVE_REVIEW","platform.shipping.delete","ACTIVE_ADMIN_AND_MODULE_PERMISSION","PENDING_MANUAL_CONFIRMATION"
"com/ecommerce/app/module/shipping/controller/PickupAddressController.java","48","com.ecommerce.app.module.shipping.controller","PickupAddressController","edit","GET","/admin/pickup-addresses/edit/{id}","AUTHENTICATED_ONLY","","ADMIN","SHIPPING","READ","platform.shipping.read","ACTIVE_ADMIN_AND_MODULE_PERMISSION","PENDING_MANUAL_CONFIRMATION"
"com/ecommerce/app/module/shipping/controller/PickupAddressController.java","35","com.ecommerce.app.module.shipping.controller","PickupAddressController","list","GET","/admin/pickup-addresses/list","AUTHENTICATED_ONLY","","ADMIN","SHIPPING","READ","platform.shipping.read","ACTIVE_ADMIN_AND_MODULE_PERMISSION","PENDING_MANUAL_CONFIRMATION"
"com/ecommerce/app/module/shipping/controller/PickupAddressController.java","60","com.ecommerce.app.module.shipping.controller","PickupAddressController","save","POST","/admin/pickup-addresses/save","AUTHENTICATED_ONLY","","ADMIN","SHIPPING","MANAGE","platform.shipping.manage","ACTIVE_ADMIN_AND_MODULE_PERMISSION","PENDING_MANUAL_CONFIRMATION"
"com/ecommerce/app/module/shipping/controller/ShippingDocumentController.java","113","com.ecommerce.app.module.shipping.controller","ShippingDocumentController","invoices","GET","/admin/shipping-documents/invoices","AUTHENTICATED_ONLY","","ADMIN","SHIPPING","READ","platform.shipping.read","ACTIVE_ADMIN_AND_MODULE_PERMISSION","PENDING_MANUAL_CONFIRMATION"
"com/ecommerce/app/module/shipping/controller/ShippingDocumentController.java","119","com.ecommerce.app.module.shipping.controller","ShippingDocumentController","createInvoice","GET","/admin/shipping-documents/invoices/create","AUTHENTICATED_ONLY","","ADMIN","SHIPPING","READ","platform.shipping.read","ACTIVE_ADMIN_AND_MODULE_PERMISSION","PENDING_MANUAL_CONFIRMATION"
"com/ecommerce/app/module/shipping/controller/ShippingDocumentController.java","138","com.ecommerce.app.module.shipping.controller","ShippingDocumentController","deleteInvoice","POST","/admin/shipping-documents/invoices/delete/{id}","AUTHENTICATED_ONLY","","ADMIN","SHIPPING","SENSITIVE_REVIEW","platform.shipping.delete","ACTIVE_ADMIN_AND_MODULE_PERMISSION","PENDING_MANUAL_CONFIRMATION"
"com/ecommerce/app/module/shipping/controller/ShippingDocumentController.java","126","com.ecommerce.app.module.shipping.controller","ShippingDocumentController","saveInvoice","POST","/admin/shipping-documents/invoices/save","AUTHENTICATED_ONLY","","ADMIN","SHIPPING","MANAGE","platform.shipping.manage","ACTIVE_ADMIN_AND_MODULE_PERMISSION","PENDING_MANUAL_CONFIRMATION"
"com/ecommerce/app/module/shipping/controller/ShippingDocumentController.java","40","com.ecommerce.app.module.shipping.controller","ShippingDocumentController","labels","GET","/admin/shipping-documents/labels","AUTHENTICATED_ONLY","","ADMIN","SHIPPING","READ","platform.shipping.read","ACTIVE_ADMIN_AND_MODULE_PERMISSION","PENDING_MANUAL_CONFIRMATION"
"com/ecommerce/app/module/shipping/controller/ShippingDocumentController.java","46","com.ecommerce.app.module.shipping.controller","ShippingDocumentController","createLabel","GET","/admin/shipping-documents/labels/create","AUTHENTICATED_ONLY","","ADMIN","SHIPPING","READ","platform.shipping.read","ACTIVE_ADMIN_AND_MODULE_PERMISSION","PENDING_MANUAL_CONFIRMATION"
"com/ecommerce/app/module/shipping/controller/ShippingDocumentController.java","65","com.ecommerce.app.module.shipping.controller","ShippingDocumentController","deleteLabel","POST","/admin/shipping-documents/labels/delete/{id}","AUTHENTICATED_ONLY","","ADMIN","SHIPPING","SENSITIVE_REVIEW","platform.shipping.delete","ACTIVE_ADMIN_AND_MODULE_PERMISSION","PENDING_MANUAL_CONFIRMATION"
"com/ecommerce/app/module/shipping/controller/ShippingDocumentController.java","53","com.ecommerce.app.module.shipping.controller","ShippingDocumentController","saveLabel","POST","/admin/shipping-documents/labels/save","AUTHENTICATED_ONLY","","ADMIN","SHIPPING","MANAGE","platform.shipping.manage","ACTIVE_ADMIN_AND_MODULE_PERMISSION","PENDING_MANUAL_CONFIRMATION"
"com/ecommerce/app/module/shipping/controller/ShippingDocumentController.java","72","com.ecommerce.app.module.shipping.controller","ShippingDocumentController","manifests","GET","/admin/shipping-documents/manifests","AUTHENTICATED_ONLY","","ADMIN","SHIPPING","READ","platform.shipping.read","ACTIVE_ADMIN_AND_MODULE_PERMISSION","PENDING_MANUAL_CONFIRMATION"
"com/ecommerce/app/module/shipping/controller/ShippingDocumentController.java","78","com.ecommerce.app.module.shipping.controller","ShippingDocumentController","createManifest","GET","/admin/shipping-documents/manifests/create","AUTHENTICATED_ONLY","","ADMIN","SHIPPING","READ","platform.shipping.read","ACTIVE_ADMIN_AND_MODULE_PERMISSION","PENDING_MANUAL_CONFIRMATION"
"com/ecommerce/app/module/shipping/controller/ShippingDocumentController.java","106","com.ecommerce.app.module.shipping.controller","ShippingDocumentController","deleteManifest","POST","/admin/shipping-documents/manifests/delete/{id}","AUTHENTICATED_ONLY","","ADMIN","SHIPPING","SENSITIVE_REVIEW","platform.shipping.delete","ACTIVE_ADMIN_AND_MODULE_PERMISSION","PENDING_MANUAL_CONFIRMATION"
"com/ecommerce/app/module/shipping/controller/ShippingDocumentController.java","85","com.ecommerce.app.module.shipping.controller","ShippingDocumentController","saveManifest","POST","/admin/shipping-documents/manifests/save","AUTHENTICATED_ONLY","","ADMIN","SHIPPING","MANAGE","platform.shipping.manage","ACTIVE_ADMIN_AND_MODULE_PERMISSION","PENDING_MANUAL_CONFIRMATION"
"com/ecommerce/app/module/shipping/controller/ShippingLocationController.java","36","com.ecommerce.app.module.shipping.controller","ShippingLocationController","create","GET","/admin/shipping-locations/create","AUTHENTICATED_ONLY","","ADMIN","SHIPPING","READ","platform.shipping.read","ACTIVE_ADMIN_AND_MODULE_PERMISSION","PENDING_MANUAL_CONFIRMATION"
"com/ecommerce/app/module/shipping/controller/ShippingLocationController.java","73","com.ecommerce.app.module.shipping.controller","ShippingLocationController","delete","POST","/admin/shipping-locations/delete/{id}","AUTHENTICATED_ONLY","","ADMIN","SHIPPING","SENSITIVE_REVIEW","platform.shipping.delete","ACTIVE_ADMIN_AND_MODULE_PERMISSION","PENDING_MANUAL_CONFIRMATION"
"com/ecommerce/app/module/shipping/controller/ShippingLocationController.java","43","com.ecommerce.app.module.shipping.controller","ShippingLocationController","edit","GET","/admin/shipping-locations/edit/{id}","AUTHENTICATED_ONLY","","ADMIN","SHIPPING","READ","platform.shipping.read","ACTIVE_ADMIN_AND_MODULE_PERMISSION","PENDING_MANUAL_CONFIRMATION"
"com/ecommerce/app/module/shipping/controller/ShippingLocationController.java","30","com.ecommerce.app.module.shipping.controller","ShippingLocationController","list","GET","/admin/shipping-locations/list","AUTHENTICATED_ONLY","","ADMIN","SHIPPING","READ","platform.shipping.read","ACTIVE_ADMIN_AND_MODULE_PERMISSION","PENDING_MANUAL_CONFIRMATION"
"com/ecommerce/app/module/shipping/controller/ShippingLocationController.java","55","com.ecommerce.app.module.shipping.controller","ShippingLocationController","save","POST","/admin/shipping-locations/save","AUTHENTICATED_ONLY","","ADMIN","SHIPPING","MANAGE","platform.shipping.manage","ACTIVE_ADMIN_AND_MODULE_PERMISSION","PENDING_MANUAL_CONFIRMATION"
"com/ecommerce/app/module/shipping/controller/ShippingProfileController.java","60","com.ecommerce.app.module.shipping.controller","ShippingProfileController","createForm","GET","/admin/shipping-profiles/create","AUTHENTICATED_ONLY","","ADMIN","SHIPPING","READ","platform.shipping.read","ACTIVE_ADMIN_AND_MODULE_PERMISSION","PENDING_MANUAL_CONFIRMATION"
"com/ecommerce/app/module/shipping/controller/ShippingProfileController.java","107","com.ecommerce.app.module.shipping.controller","ShippingProfileController","delete","POST","/admin/shipping-profiles/delete/{id}","AUTHENTICATED_ONLY","","ADMIN","SHIPPING","SENSITIVE_REVIEW","platform.shipping.delete","ACTIVE_ADMIN_AND_MODULE_PERMISSION","PENDING_MANUAL_CONFIRMATION"
"com/ecommerce/app/module/shipping/controller/ShippingProfileController.java","92","com.ecommerce.app.module.shipping.controller","ShippingProfileController","editForm","GET","/admin/shipping-profiles/edit/{id}","AUTHENTICATED_ONLY","","ADMIN","SHIPPING","READ","platform.shipping.read","ACTIVE_ADMIN_AND_MODULE_PERMISSION","PENDING_MANUAL_CONFIRMATION"
"com/ecommerce/app/module/shipping/controller/ShippingProfileController.java","54","com.ecommerce.app.module.shipping.controller","ShippingProfileController","list","GET","/admin/shipping-profiles/list","AUTHENTICATED_ONLY","","ADMIN","SHIPPING","READ","platform.shipping.read","ACTIVE_ADMIN_AND_MODULE_PERMISSION","PENDING_MANUAL_CONFIRMATION"
"com/ecommerce/app/module/shipping/controller/ShippingProfileController.java","67","com.ecommerce.app.module.shipping.controller","ShippingProfileController","save","POST","/admin/shipping-profiles/save","AUTHENTICATED_ONLY","","ADMIN","SHIPPING","MANAGE","platform.shipping.manage","ACTIVE_ADMIN_AND_MODULE_PERMISSION","PENDING_MANUAL_CONFIRMATION"
"com/ecommerce/app/module/shipping/controller/ShippingRuleController.java","42","com.ecommerce.app.module.shipping.controller","ShippingRuleController","create","GET","/admin/shipping-rules/create","AUTHENTICATED_ONLY","","ADMIN","SHIPPING","READ","platform.shipping.read","ACTIVE_ADMIN_AND_MODULE_PERMISSION","PENDING_MANUAL_CONFIRMATION"
"com/ecommerce/app/module/shipping/controller/ShippingRuleController.java","73","com.ecommerce.app.module.shipping.controller","ShippingRuleController","delete","POST","/admin/shipping-rules/delete/{id}","AUTHENTICATED_ONLY","","ADMIN","SHIPPING","SENSITIVE_REVIEW","platform.shipping.delete","ACTIVE_ADMIN_AND_MODULE_PERMISSION","PENDING_MANUAL_CONFIRMATION"
"com/ecommerce/app/module/shipping/controller/ShippingRuleController.java","49","com.ecommerce.app.module.shipping.controller","ShippingRuleController","edit","GET","/admin/shipping-rules/edit/{id}","AUTHENTICATED_ONLY","","ADMIN","SHIPPING","READ","platform.shipping.read","ACTIVE_ADMIN_AND_MODULE_PERMISSION","PENDING_MANUAL_CONFIRMATION"
"com/ecommerce/app/module/shipping/controller/ShippingRuleController.java","36","com.ecommerce.app.module.shipping.controller","ShippingRuleController","list","GET","/admin/shipping-rules/list","AUTHENTICATED_ONLY","","ADMIN","SHIPPING","READ","platform.shipping.read","ACTIVE_ADMIN_AND_MODULE_PERMISSION","PENDING_MANUAL_CONFIRMATION"
"com/ecommerce/app/module/shipping/controller/ShippingRuleController.java","61","com.ecommerce.app.module.shipping.controller","ShippingRuleController","save","POST","/admin/shipping-rules/save","AUTHENTICATED_ONLY","","ADMIN","SHIPPING","MANAGE","platform.shipping.manage","ACTIVE_ADMIN_AND_MODULE_PERMISSION","PENDING_MANUAL_CONFIRMATION"
"com/ecommerce/app/module/shipping/controller/ShippingZoneController.java","39","com.ecommerce.app.module.shipping.controller","ShippingZoneController","create","GET","/admin/shipping-zones/create","AUTHENTICATED_ONLY","","ADMIN","SHIPPING","READ","platform.shipping.read","ACTIVE_ADMIN_AND_MODULE_PERMISSION","PENDING_MANUAL_CONFIRMATION"
"com/ecommerce/app/module/shipping/controller/ShippingZoneController.java","85","com.ecommerce.app.module.shipping.controller","ShippingZoneController","delete","POST","/admin/shipping-zones/delete/{id}","AUTHENTICATED_ONLY","","ADMIN","SHIPPING","SENSITIVE_REVIEW","platform.shipping.delete","ACTIVE_ADMIN_AND_MODULE_PERMISSION","PENDING_MANUAL_CONFIRMATION"
"com/ecommerce/app/module/shipping/controller/ShippingZoneController.java","47","com.ecommerce.app.module.shipping.controller","ShippingZoneController","edit","GET","/admin/shipping-zones/edit/{id}","AUTHENTICATED_ONLY","","ADMIN","SHIPPING","READ","platform.shipping.read","ACTIVE_ADMIN_AND_MODULE_PERMISSION","PENDING_MANUAL_CONFIRMATION"
"com/ecommerce/app/module/shipping/controller/ShippingZoneController.java","33","com.ecommerce.app.module.shipping.controller","ShippingZoneController","list","GET","/admin/shipping-zones/list","AUTHENTICATED_ONLY","","ADMIN","SHIPPING","READ","platform.shipping.read","ACTIVE_ADMIN_AND_MODULE_PERMISSION","PENDING_MANUAL_CONFIRMATION"
"com/ecommerce/app/module/shipping/controller/ShippingZoneController.java","59","com.ecommerce.app.module.shipping.controller","ShippingZoneController","save","POST","/admin/shipping-zones/save","AUTHENTICATED_ONLY","","ADMIN","SHIPPING","MANAGE","platform.shipping.manage","ACTIVE_ADMIN_AND_MODULE_PERMISSION","PENDING_MANUAL_CONFIRMATION"
"com/ecommerce/app/module/system/controller/SystemEndpointController.java","35","com.ecommerce.app.module.system.controller","SystemEndpointController","systemIndex","GET","/admin/system","AUTHENTICATED_ONLY","","ADMIN","IDENTITY_ACCESS","READ","platform.identity.access.read","ACTIVE_ADMIN_AND_MODULE_PERMISSION","PENDING_MANUAL_CONFIRMATION"
"com/ecommerce/app/module/system/controller/SystemEndpointController.java","35","com.ecommerce.app.module.system.controller","SystemEndpointController","systemIndex","GET","/admin/system/","AUTHENTICATED_ONLY","","ADMIN","IDENTITY_ACCESS","READ","platform.identity.access.read","ACTIVE_ADMIN_AND_MODULE_PERMISSION","PENDING_MANUAL_CONFIRMATION"
"com/ecommerce/app/module/system/controller/SystemEndpointController.java","40","com.ecommerce.app.module.system.controller","SystemEndpointController","endpoints","GET","/admin/system/endpoints","AUTHENTICATED_ONLY","","ADMIN","IDENTITY_ACCESS","READ","platform.identity.access.read","ACTIVE_ADMIN_AND_MODULE_PERMISSION","PENDING_MANUAL_CONFIRMATION"
"com/ecommerce/app/module/system/controller/SystemEndpointController.java","46","com.ecommerce.app.module.system.controller","SystemEndpointController","seedBangladeshLocations","POST","/admin/system/seed/bangladesh-locations","AUTHENTICATED_ONLY","","ADMIN","IDENTITY_ACCESS","SENSITIVE_REVIEW","platform.identity.access.seed","ACTIVE_ADMIN_AND_MODULE_PERMISSION","PENDING_MANUAL_CONFIRMATION"
"com/ecommerce/app/module/user/controller/ChangePasswordController.java","40","com.ecommerce.app.module.user.controller","ChangePasswordController","changepassword","ALL","/changepassword","AUTHENTICATED_ONLY","@PreAuthorize(""hasAuthority('changepassword')"")","SHARED_OR_UNCLASSIFIED","IDENTITY_ACCESS","SENSITIVE_REVIEW","internal.unclassified.identity.access.password","AUTHENTICATED_OWNERSHIP_OR_MODULE_PERMISSION_REVIEW","PENDING_MANUAL_CONFIRMATION"
"com/ecommerce/app/module/user/controller/ChangePasswordController.java","40","com.ecommerce.app.module.user.controller","ChangePasswordController","changepassword","ALL","/changepassword/","AUTHENTICATED_ONLY","@PreAuthorize(""hasAuthority('changepassword')"")","SHARED_OR_UNCLASSIFIED","IDENTITY_ACCESS","SENSITIVE_REVIEW","internal.unclassified.identity.access.password","AUTHENTICATED_OWNERSHIP_OR_MODULE_PERMISSION_REVIEW","PENDING_MANUAL_CONFIRMATION"
"com/ecommerce/app/module/user/controller/ChangePasswordController.java","40","com.ecommerce.app.module.user.controller","ChangePasswordController","changepassword","ALL","/changepassword/changepassword","AUTHENTICATED_ONLY","@PreAuthorize(""hasAuthority('changepassword')"")","SHARED_OR_UNCLASSIFIED","IDENTITY_ACCESS","SENSITIVE_REVIEW","internal.unclassified.identity.access.password","AUTHENTICATED_OWNERSHIP_OR_MODULE_PERMISSION_REVIEW","PENDING_MANUAL_CONFIRMATION"
"com/ecommerce/app/module/user/controller/ChangePasswordController.java","40","com.ecommerce.app.module.user.controller","ChangePasswordController","changepassword","ALL","/changepassword/index","AUTHENTICATED_ONLY","@PreAuthorize(""hasAuthority('changepassword')"")","SHARED_OR_UNCLASSIFIED","IDENTITY_ACCESS","SENSITIVE_REVIEW","internal.unclassified.identity.access.password","AUTHENTICATED_OWNERSHIP_OR_MODULE_PERMISSION_REVIEW","PENDING_MANUAL_CONFIRMATION"
"com/ecommerce/app/module/user/controller/ChangePasswordController.java","53","com.ecommerce.app.module.user.controller","ChangePasswordController","update","ALL","/changepassword/update","AUTHENTICATED_ONLY","@PreAuthorize(""hasAuthority('changepassword')"")","SHARED_OR_UNCLASSIFIED","IDENTITY_ACCESS","HTTP_METHOD_REVIEW","internal.unclassified.identity.access.method-review","AUTHENTICATED_OWNERSHIP_OR_MODULE_PERMISSION_REVIEW","PENDING_MANUAL_CONFIRMATION"
"com/ecommerce/app/module/user/controller/ForgotPasswordController.java","31","com.ecommerce.app.module.user.controller","ForgotPasswordController","userforgotpassword","ALL","/forgotpassword","PERMIT_ALL","","PUBLIC_EXPLICIT","IDENTITY_ACCESS","SENSITIVE_REVIEW","public.identity.access.password","EXPLICIT_ALLOWLIST_INPUT_LIMITS_AND_SESSION_SCOPE","PENDING_MANUAL_CONFIRMATION"
"com/ecommerce/app/module/user/controller/ForgotPasswordController.java","31","com.ecommerce.app.module.user.controller","ForgotPasswordController","userforgotpassword","ALL","/forgotpassword/","PERMIT_ALL","","PUBLIC_EXPLICIT","IDENTITY_ACCESS","SENSITIVE_REVIEW","public.identity.access.password","EXPLICIT_ALLOWLIST_INPUT_LIMITS_AND_SESSION_SCOPE","PENDING_MANUAL_CONFIRMATION"
"com/ecommerce/app/module/user/controller/ForgotPasswordController.java","31","com.ecommerce.app.module.user.controller","ForgotPasswordController","userforgotpassword","ALL","/forgotpassword/index","PERMIT_ALL","","PUBLIC_EXPLICIT","IDENTITY_ACCESS","SENSITIVE_REVIEW","public.identity.access.password","EXPLICIT_ALLOWLIST_INPUT_LIMITS_AND_SESSION_SCOPE","PENDING_MANUAL_CONFIRMATION"
"com/ecommerce/app/module/user/controller/ForgotPasswordController.java","37","com.ecommerce.app.module.user.controller","ForgotPasswordController","showemail","ALL","/forgotpassword/showemail","PERMIT_ALL","","PUBLIC_EXPLICIT","IDENTITY_ACCESS","HTTP_METHOD_REVIEW","public.identity.access.method-review","EXPLICIT_ALLOWLIST_INPUT_LIMITS_AND_SESSION_SCOPE","PENDING_MANUAL_CONFIRMATION"
"com/ecommerce/app/module/user/controller/ForgotPasswordController.java","31","com.ecommerce.app.module.user.controller","ForgotPasswordController","userforgotpassword","ALL","/forgotpassword/userforgotpassword","PERMIT_ALL","","PUBLIC_EXPLICIT","IDENTITY_ACCESS","SENSITIVE_REVIEW","public.identity.access.password","EXPLICIT_ALLOWLIST_INPUT_LIMITS_AND_SESSION_SCOPE","PENDING_MANUAL_CONFIRMATION"
"com/ecommerce/app/module/user/controller/ModuleController.java","29","com.ecommerce.app.module.user.controller","ModuleController","index","GET","/module","AUTHENTICATED_ONLY","@PreAuthorize(PlatformIamPermissions.CAN_READ)","ADMIN","IAM","READ","platform.iam.read","ACTIVE_ADMIN_AND_MODULE_PERMISSION","SOURCE_IMPLEMENTED_PENDING_MIGRATION_AND_RUNTIME_PROOF"
"com/ecommerce/app/module/user/controller/ModuleController.java","29","com.ecommerce.app.module.user.controller","ModuleController","index","GET","/module/","AUTHENTICATED_ONLY","@PreAuthorize(PlatformIamPermissions.CAN_READ)","ADMIN","IAM","READ","platform.iam.read","ACTIVE_ADMIN_AND_MODULE_PERMISSION","SOURCE_IMPLEMENTED_PENDING_MIGRATION_AND_RUNTIME_PROOF"
"com/ecommerce/app/module/user/controller/ModuleController.java","71","com.ecommerce.app.module.user.controller","ModuleController","delete","POST","/module/delete/{id}","AUTHENTICATED_ONLY","@PreAuthorize(PlatformIamPermissions.CAN_MANAGE_PROTECTED)","ADMIN","IAM","SENSITIVE_REVIEW","platform.iam.protected.manage","ACTIVE_ADMIN_AND_MODULE_PERMISSION","SOURCE_IMPLEMENTED_PENDING_MIGRATION_AND_RUNTIME_PROOF"
"com/ecommerce/app/module/user/controller/ModuleController.java","35","com.ecommerce.app.module.user.controller","ModuleController","edit","GET","/module/edit/{id}","AUTHENTICATED_ONLY","@PreAuthorize(PlatformIamPermissions.CAN_READ)","ADMIN","IAM","READ","platform.iam.read","ACTIVE_ADMIN_AND_MODULE_PERMISSION","SOURCE_IMPLEMENTED_PENDING_MIGRATION_AND_RUNTIME_PROOF"
"com/ecommerce/app/module/user/controller/ModuleController.java","29","com.ecommerce.app.module.user.controller","ModuleController","index","GET","/module/index","AUTHENTICATED_ONLY","@PreAuthorize(PlatformIamPermissions.CAN_READ)","ADMIN","IAM","READ","platform.iam.read","ACTIVE_ADMIN_AND_MODULE_PERMISSION","SOURCE_IMPLEMENTED_PENDING_MIGRATION_AND_RUNTIME_PROOF"
"com/ecommerce/app/module/user/controller/ModuleController.java","48","com.ecommerce.app.module.user.controller","ModuleController","save","POST","/module/save","AUTHENTICATED_ONLY","@PreAuthorize(PlatformIamPermissions.CAN_MANAGE_PROTECTED)","ADMIN","IAM","MANAGE","platform.iam.protected.manage","ACTIVE_ADMIN_AND_MODULE_PERMISSION","SOURCE_IMPLEMENTED_PENDING_MIGRATION_AND_RUNTIME_PROOF"
"com/ecommerce/app/module/user/controller/PrivilegeController.java","29","com.ecommerce.app.module.user.controller","PrivilegeController","index","GET","/privilege","AUTHENTICATED_ONLY","@PreAuthorize(PlatformIamPermissions.CAN_READ)","ADMIN","IAM","READ","platform.iam.read","ACTIVE_ADMIN_AND_MODULE_PERMISSION","SOURCE_IMPLEMENTED_PENDING_MIGRATION_AND_RUNTIME_PROOF"
"com/ecommerce/app/module/user/controller/PrivilegeController.java","29","com.ecommerce.app.module.user.controller","PrivilegeController","index","GET","/privilege/","AUTHENTICATED_ONLY","@PreAuthorize(PlatformIamPermissions.CAN_READ)","ADMIN","IAM","READ","platform.iam.read","ACTIVE_ADMIN_AND_MODULE_PERMISSION","SOURCE_IMPLEMENTED_PENDING_MIGRATION_AND_RUNTIME_PROOF"
"com/ecommerce/app/module/user/controller/PrivilegeController.java","71","com.ecommerce.app.module.user.controller","PrivilegeController","delete","POST","/privilege/delete/{id}","AUTHENTICATED_ONLY","@PreAuthorize(PlatformIamPermissions.CAN_MANAGE_PROTECTED)","ADMIN","IAM","SENSITIVE_REVIEW","platform.iam.protected.manage","ACTIVE_ADMIN_AND_MODULE_PERMISSION","SOURCE_IMPLEMENTED_PENDING_MIGRATION_AND_RUNTIME_PROOF"
"com/ecommerce/app/module/user/controller/PrivilegeController.java","35","com.ecommerce.app.module.user.controller","PrivilegeController","edit","GET","/privilege/edit/{id}","AUTHENTICATED_ONLY","@PreAuthorize(PlatformIamPermissions.CAN_READ)","ADMIN","IAM","READ","platform.iam.read","ACTIVE_ADMIN_AND_MODULE_PERMISSION","SOURCE_IMPLEMENTED_PENDING_MIGRATION_AND_RUNTIME_PROOF"
"com/ecommerce/app/module/user/controller/PrivilegeController.java","29","com.ecommerce.app.module.user.controller","PrivilegeController","index","GET","/privilege/index","AUTHENTICATED_ONLY","@PreAuthorize(PlatformIamPermissions.CAN_READ)","ADMIN","IAM","READ","platform.iam.read","ACTIVE_ADMIN_AND_MODULE_PERMISSION","SOURCE_IMPLEMENTED_PENDING_MIGRATION_AND_RUNTIME_PROOF"
"com/ecommerce/app/module/user/controller/PrivilegeController.java","48","com.ecommerce.app.module.user.controller","PrivilegeController","save","POST","/privilege/save","AUTHENTICATED_ONLY","@PreAuthorize(PlatformIamPermissions.CAN_MANAGE_PROTECTED)","ADMIN","IAM","MANAGE","platform.iam.protected.manage","ACTIVE_ADMIN_AND_MODULE_PERMISSION","SOURCE_IMPLEMENTED_PENDING_MIGRATION_AND_RUNTIME_PROOF"
"com/ecommerce/app/module/user/controller/RoleController.java","29","com.ecommerce.app.module.user.controller","RoleController","index","GET","/role","AUTHENTICATED_ONLY","@PreAuthorize(PlatformIamPermissions.CAN_READ)","ADMIN","IAM","READ","platform.iam.read","ACTIVE_ADMIN_AND_MODULE_PERMISSION","SOURCE_IMPLEMENTED_PENDING_MIGRATION_AND_RUNTIME_PROOF"
"com/ecommerce/app/module/user/controller/RoleController.java","29","com.ecommerce.app.module.user.controller","RoleController","index","GET","/role/","AUTHENTICATED_ONLY","@PreAuthorize(PlatformIamPermissions.CAN_READ)","ADMIN","IAM","READ","platform.iam.read","ACTIVE_ADMIN_AND_MODULE_PERMISSION","SOURCE_IMPLEMENTED_PENDING_MIGRATION_AND_RUNTIME_PROOF"
"com/ecommerce/app/module/user/controller/RoleController.java","71","com.ecommerce.app.module.user.controller","RoleController","delete","POST","/role/delete/{id}","AUTHENTICATED_ONLY","@PreAuthorize(PlatformIamPermissions.CAN_MANAGE)","ADMIN","IAM","SENSITIVE_REVIEW","platform.iam.manage","ACTIVE_ADMIN_AND_MODULE_PERMISSION","SOURCE_IMPLEMENTED_PENDING_MIGRATION_AND_RUNTIME_PROOF"
"com/ecommerce/app/module/user/controller/RoleController.java","35","com.ecommerce.app.module.user.controller","RoleController","edit","GET","/role/edit/{id}","AUTHENTICATED_ONLY","@PreAuthorize(PlatformIamPermissions.CAN_READ)","ADMIN","IAM","READ","platform.iam.read","ACTIVE_ADMIN_AND_MODULE_PERMISSION","SOURCE_IMPLEMENTED_PENDING_MIGRATION_AND_RUNTIME_PROOF"
"com/ecommerce/app/module/user/controller/RoleController.java","29","com.ecommerce.app.module.user.controller","RoleController","index","GET","/role/index","AUTHENTICATED_ONLY","@PreAuthorize(PlatformIamPermissions.CAN_READ)","ADMIN","IAM","READ","platform.iam.read","ACTIVE_ADMIN_AND_MODULE_PERMISSION","SOURCE_IMPLEMENTED_PENDING_MIGRATION_AND_RUNTIME_PROOF"
"com/ecommerce/app/module/user/controller/RoleController.java","48","com.ecommerce.app.module.user.controller","RoleController","save","POST","/role/save","AUTHENTICATED_ONLY","@PreAuthorize(PlatformIamPermissions.CAN_MANAGE)","ADMIN","IAM","MANAGE","platform.iam.manage","ACTIVE_ADMIN_AND_MODULE_PERMISSION","SOURCE_IMPLEMENTED_PENDING_MIGRATION_AND_RUNTIME_PROOF"
"com/ecommerce/app/module/user/controller/UserDetailsController.java","23","com.ecommerce.app.module.user.controller","UserDetailsController","page","ALL","/userdetails","AUTHENTICATED_ONLY","","SHARED_OR_UNCLASSIFIED","IDENTITY_ACCESS","HTTP_METHOD_REVIEW","internal.unclassified.identity.access.method-review","AUTHENTICATED_OWNERSHIP_OR_MODULE_PERMISSION_REVIEW","PENDING_MANUAL_CONFIRMATION"
"com/ecommerce/app/module/user/controller/UserDetailsController.java","23","com.ecommerce.app.module.user.controller","UserDetailsController","page","ALL","/userdetails/","AUTHENTICATED_ONLY","","SHARED_OR_UNCLASSIFIED","IDENTITY_ACCESS","HTTP_METHOD_REVIEW","internal.unclassified.identity.access.method-review","AUTHENTICATED_OWNERSHIP_OR_MODULE_PERMISSION_REVIEW","PENDING_MANUAL_CONFIRMATION"
"com/ecommerce/app/module/user/controller/UserDetailsController.java","23","com.ecommerce.app.module.user.controller","UserDetailsController","page","ALL","/userdetails/index","AUTHENTICATED_ONLY","","SHARED_OR_UNCLASSIFIED","IDENTITY_ACCESS","HTTP_METHOD_REVIEW","internal.unclassified.identity.access.method-review","AUTHENTICATED_OWNERSHIP_OR_MODULE_PERMISSION_REVIEW","PENDING_MANUAL_CONFIRMATION"
"com/ecommerce/app/module/user/controller/UsersController.java","94","com.ecommerce.app.module.user.controller","UsersController","index","ALL","/users","AUTHENTICATED_ONLY","","SHARED_OR_UNCLASSIFIED","IDENTITY_ACCESS","HTTP_METHOD_REVIEW","internal.unclassified.identity.access.method-review","AUTHENTICATED_OWNERSHIP_OR_MODULE_PERMISSION_REVIEW","PENDING_MANUAL_CONFIRMATION"
"com/ecommerce/app/module/user/controller/UsersController.java","94","com.ecommerce.app.module.user.controller","UsersController","index","ALL","/users/","AUTHENTICATED_ONLY","","SHARED_OR_UNCLASSIFIED","IDENTITY_ACCESS","HTTP_METHOD_REVIEW","internal.unclassified.identity.access.method-review","AUTHENTICATED_OWNERSHIP_OR_MODULE_PERMISSION_REVIEW","PENDING_MANUAL_CONFIRMATION"
"com/ecommerce/app/module/user/controller/UsersController.java","190","com.ecommerce.app.module.user.controller","UsersController","currentUserChangePassword","GET","/users/change-password","AUTHENTICATED_ONLY","","SHARED_OR_UNCLASSIFIED","IDENTITY_ACCESS","SENSITIVE_REVIEW","internal.unclassified.identity.access.password","AUTHENTICATED_OWNERSHIP_OR_MODULE_PERMISSION_REVIEW","PENDING_MANUAL_CONFIRMATION"
"com/ecommerce/app/module/user/controller/UsersController.java","177","com.ecommerce.app.module.user.controller","UsersController","changePasswordForm","GET","/users/change-password/{id}","AUTHENTICATED_ONLY","","SHARED_OR_UNCLASSIFIED","IDENTITY_ACCESS","SENSITIVE_REVIEW","internal.unclassified.identity.access.password","AUTHENTICATED_OWNERSHIP_OR_MODULE_PERMISSION_REVIEW","PENDING_MANUAL_CONFIRMATION"
"com/ecommerce/app/module/user/controller/UsersController.java","210","com.ecommerce.app.module.user.controller","UsersController","changePassword","POST","/users/change-password/{id}","AUTHENTICATED_ONLY","","SHARED_OR_UNCLASSIFIED","IDENTITY_ACCESS","SENSITIVE_REVIEW","internal.unclassified.identity.access.password","AUTHENTICATED_OWNERSHIP_OR_MODULE_PERMISSION_REVIEW","PENDING_MANUAL_CONFIRMATION"
"com/ecommerce/app/module/user/controller/UsersController.java","317","com.ecommerce.app.module.user.controller","UsersController","delete","ALL","/users/delete/{id}","AUTHENTICATED_ONLY","","SHARED_OR_UNCLASSIFIED","IDENTITY_ACCESS","SENSITIVE_REVIEW","internal.unclassified.identity.access.delete","AUTHENTICATED_OWNERSHIP_OR_MODULE_PERMISSION_REVIEW","PENDING_MANUAL_CONFIRMATION"
"com/ecommerce/app/module/user/controller/UsersController.java","323","com.ecommerce.app.module.user.controller","UsersController","deletewithexception","GET","/users/deletewithexception/{id}","AUTHENTICATED_ONLY","","SHARED_OR_UNCLASSIFIED","IDENTITY_ACCESS","SENSITIVE_REVIEW","internal.unclassified.identity.access.delete","AUTHENTICATED_OWNERSHIP_OR_MODULE_PERMISSION_REVIEW","PENDING_MANUAL_CONFIRMATION"
"com/ecommerce/app/module/user/controller/UsersController.java","370","com.ecommerce.app.module.user.controller","UsersController","details","ALL","/users/detailsinfo/{id}","AUTHENTICATED_ONLY","","SHARED_OR_UNCLASSIFIED","IDENTITY_ACCESS","HTTP_METHOD_REVIEW","internal.unclassified.identity.access.method-review","AUTHENTICATED_OWNERSHIP_OR_MODULE_PERMISSION_REVIEW","PENDING_MANUAL_CONFIRMATION"
"com/ecommerce/app/module/user/controller/UsersController.java","256","com.ecommerce.app.module.user.controller","UsersController","edit","ALL","/users/edit/{id}","AUTHENTICATED_ONLY","","SHARED_OR_UNCLASSIFIED","IDENTITY_ACCESS","HTTP_METHOD_REVIEW","internal.unclassified.identity.access.method-review","AUTHENTICATED_OWNERSHIP_OR_MODULE_PERMISSION_REVIEW","PENDING_MANUAL_CONFIRMATION"
"com/ecommerce/app/module/user/controller/UsersController.java","398","com.ecommerce.app.module.user.controller","UsersController","frontUserSave","ALL","/users/frontRegistrationSave","PERMIT_ALL","","PUBLIC_EXPLICIT","IDENTITY_ACCESS","HTTP_METHOD_REVIEW","public.identity.access.method-review","EXPLICIT_ALLOWLIST_INPUT_LIMITS_AND_SESSION_SCOPE","PENDING_MANUAL_CONFIRMATION"
"com/ecommerce/app/module/user/controller/UsersController.java","335","com.ecommerce.app.module.user.controller","UsersController","generateReferralCode","POST","/users/generate-referral-code/{id}","AUTHENTICATED_ONLY","","SHARED_OR_UNCLASSIFIED","PROMOTION_REWARDS","SENSITIVE_REVIEW","internal.unclassified.promotion.rewards.generate","AUTHENTICATED_OWNERSHIP_OR_MODULE_PERMISSION_REVIEW","PENDING_MANUAL_CONFIRMATION"
"com/ecommerce/app/module/user/controller/UsersController.java","94","com.ecommerce.app.module.user.controller","UsersController","index","ALL","/users/index","AUTHENTICATED_ONLY","","SHARED_OR_UNCLASSIFIED","IDENTITY_ACCESS","HTTP_METHOD_REVIEW","internal.unclassified.identity.access.method-review","AUTHENTICATED_OWNERSHIP_OR_MODULE_PERMISSION_REVIEW","PENDING_MANUAL_CONFIRMATION"
"com/ecommerce/app/module/user/controller/UsersController.java","354","com.ecommerce.app.module.user.controller","UsersController","login","ALL","/users/login","AUTHENTICATED_ONLY","","SHARED_OR_UNCLASSIFIED","IDENTITY_ACCESS","HTTP_METHOD_REVIEW","internal.unclassified.identity.access.method-review","AUTHENTICATED_OWNERSHIP_OR_MODULE_PERMISSION_REVIEW","PENDING_MANUAL_CONFIRMATION"
"com/ecommerce/app/module/user/controller/UsersController.java","131","com.ecommerce.app.module.user.controller","UsersController","loginHistory","GET","/users/login-history","AUTHENTICATED_ONLY","","SHARED_OR_UNCLASSIFIED","IDENTITY_ACCESS","READ","internal.unclassified.identity.access.read","AUTHENTICATED_OWNERSHIP_OR_MODULE_PERMISSION_REVIEW","PENDING_MANUAL_CONFIRMATION"
"com/ecommerce/app/module/user/controller/UsersController.java","150","com.ecommerce.app.module.user.controller","UsersController","userLoginHistory","GET","/users/login-history/{uid}","AUTHENTICATED_ONLY","","SHARED_OR_UNCLASSIFIED","IDENTITY_ACCESS","READ","internal.unclassified.identity.access.read","AUTHENTICATED_OWNERSHIP_OR_MODULE_PERMISSION_REVIEW","PENDING_MANUAL_CONFIRMATION"
"com/ecommerce/app/module/user/controller/UsersController.java","361","com.ecommerce.app.module.user.controller","UsersController","logout","ALL","/users/logout","AUTHENTICATED_ONLY","","SHARED_OR_UNCLASSIFIED","IDENTITY_ACCESS","HTTP_METHOD_REVIEW","internal.unclassified.identity.access.method-review","AUTHENTICATED_OWNERSHIP_OR_MODULE_PERMISSION_REVIEW","PENDING_MANUAL_CONFIRMATION"
"com/ecommerce/app/module/user/controller/UsersController.java","200","com.ecommerce.app.module.user.controller","UsersController","currentUserProfile","GET","/users/profile","AUTHENTICATED_ONLY","","SHARED_OR_UNCLASSIFIED","IDENTITY_ACCESS","READ","internal.unclassified.identity.access.read","AUTHENTICATED_OWNERSHIP_OR_MODULE_PERMISSION_REVIEW","PENDING_MANUAL_CONFIRMATION"
"com/ecommerce/app/module/user/controller/UsersController.java","247","com.ecommerce.app.module.user.controller","UsersController","registrations","ALL","/users/registrations","AUTHENTICATED_ONLY","","SHARED_OR_UNCLASSIFIED","IDENTITY_ACCESS","HTTP_METHOD_REVIEW","internal.unclassified.identity.access.method-review","AUTHENTICATED_OWNERSHIP_OR_MODULE_PERMISSION_REVIEW","PENDING_MANUAL_CONFIRMATION"
"com/ecommerce/app/module/user/controller/UsersController.java","266","com.ecommerce.app.module.user.controller","UsersController","save","ALL","/users/save","AUTHENTICATED_ONLY","","SHARED_OR_UNCLASSIFIED","IDENTITY_ACCESS","HTTP_METHOD_REVIEW","internal.unclassified.identity.access.method-review","AUTHENTICATED_OWNERSHIP_OR_MODULE_PERMISSION_REVIEW","PENDING_MANUAL_CONFIRMATION"
"com/ecommerce/app/module/user/controller/UsersController.java","376","com.ecommerce.app.module.user.controller","UsersController","uregistrations","ALL","/users/uregistrations","PERMIT_ALL","","PUBLIC_EXPLICIT","IDENTITY_ACCESS","HTTP_METHOD_REVIEW","public.identity.access.method-review","EXPLICIT_ALLOWLIST_INPUT_LIMITS_AND_SESSION_SCOPE","PENDING_MANUAL_CONFIRMATION"
"com/ecommerce/app/module/user/controller/UsersController.java","383","com.ecommerce.app.module.user.controller","UsersController","usave","ALL","/users/usave","PERMIT_ALL","","PUBLIC_EXPLICIT","IDENTITY_ACCESS","HTTP_METHOD_REVIEW","public.identity.access.method-review","EXPLICIT_ALLOWLIST_INPUT_LIMITS_AND_SESSION_SCOPE","PENDING_MANUAL_CONFIRMATION"
"com/ecommerce/app/module/user/controller/UsersController.java","113","com.ecommerce.app.module.user.controller","UsersController","userByStatus","ALL","/users/userbystatus","AUTHENTICATED_ONLY","","SHARED_OR_UNCLASSIFIED","IDENTITY_ACCESS","HTTP_METHOD_REVIEW","internal.unclassified.identity.access.method-review","AUTHENTICATED_OWNERSHIP_OR_MODULE_PERMISSION_REVIEW","PENDING_MANUAL_CONFIRMATION"
"com/ecommerce/app/module/user/controller/UsersController.java","120","com.ecommerce.app.module.user.controller","UsersController","view","ALL","/users/view/{uid}","AUTHENTICATED_ONLY","","SHARED_OR_UNCLASSIFIED","IDENTITY_ACCESS","HTTP_METHOD_REVIEW","internal.unclassified.identity.access.method-review","AUTHENTICATED_OWNERSHIP_OR_MODULE_PERMISSION_REVIEW","PENDING_MANUAL_CONFIRMATION"
"com/ecommerce/app/module/wishlist/controller/WishlistController.java","26","com.ecommerce.app.module.wishlist.controller","WishlistController","index","GET","/wishlist","AUTHENTICATED_ONLY","","CUSTOMER","WISHLIST","READ","customer.wishlist.read","ACTIVE_CUSTOMER_AND_CURRENT_USER_OWNERSHIP","PENDING_MANUAL_CONFIRMATION"
"com/ecommerce/app/module/wishlist/controller/WishlistController.java","26","com.ecommerce.app.module.wishlist.controller","WishlistController","index","GET","/wishlist/","AUTHENTICATED_ONLY","","CUSTOMER","WISHLIST","READ","customer.wishlist.read","ACTIVE_CUSTOMER_AND_CURRENT_USER_OWNERSHIP","PENDING_MANUAL_CONFIRMATION"
"com/ecommerce/app/module/wishlist/controller/WishlistController.java","32","com.ecommerce.app.module.wishlist.controller","WishlistController","add","POST","/wishlist/add","AUTHENTICATED_ONLY","","CUSTOMER","WISHLIST","MANAGE","customer.wishlist.manage","ACTIVE_CUSTOMER_AND_CURRENT_USER_OWNERSHIP","PENDING_MANUAL_CONFIRMATION"
"com/ecommerce/app/module/wishlist/controller/WishlistController.java","26","com.ecommerce.app.module.wishlist.controller","WishlistController","index","GET","/wishlist/index","AUTHENTICATED_ONLY","","CUSTOMER","WISHLIST","READ","customer.wishlist.read","ACTIVE_CUSTOMER_AND_CURRENT_USER_OWNERSHIP","PENDING_MANUAL_CONFIRMATION"
"com/ecommerce/app/module/wishlist/controller/WishlistController.java","53","com.ecommerce.app.module.wishlist.controller","WishlistController","remove","POST","/wishlist/remove","AUTHENTICATED_ONLY","","CUSTOMER","WISHLIST","SENSITIVE_REVIEW","customer.wishlist.remove","ACTIVE_CUSTOMER_AND_CURRENT_USER_OWNERSHIP","PENDING_MANUAL_CONFIRMATION"
"com/ecommerce/app/product/controller/AdminStockController.java","206","com.ecommerce.app.product.controller","AdminStockController","adjustForm","GET","/admin/stock/adjust","AUTHENTICATED_ONLY","","ADMIN","INVENTORY","READ","platform.inventory.read","ACTIVE_ADMIN_AND_MODULE_PERMISSION","PENDING_MANUAL_CONFIRMATION"
"com/ecommerce/app/product/controller/AdminStockController.java","216","com.ecommerce.app.product.controller","AdminStockController","adjustStock","POST","/admin/stock/adjust","AUTHENTICATED_ONLY","","ADMIN","INVENTORY","MANAGE","platform.inventory.manage","ACTIVE_ADMIN_AND_MODULE_PERMISSION","PENDING_MANUAL_CONFIRMATION"
"com/ecommerce/app/product/controller/AdminStockController.java","75","com.ecommerce.app.product.controller","AdminStockController","currentStock","GET","/admin/stock/current","AUTHENTICATED_ONLY","","ADMIN","INVENTORY","READ","platform.inventory.read","ACTIVE_ADMIN_AND_MODULE_PERMISSION","PENDING_MANUAL_CONFIRMATION"
"com/ecommerce/app/product/controller/AdminStockController.java","112","com.ecommerce.app.product.controller","AdminStockController","currentStockPdf","GET","/admin/stock/current/pdf","AUTHENTICATED_ONLY","","ADMIN","INVENTORY","SENSITIVE_REVIEW","platform.inventory.pdf","ACTIVE_ADMIN_AND_MODULE_PERMISSION","PENDING_MANUAL_CONFIRMATION"
"com/ecommerce/app/product/controller/AdminStockController.java","177","com.ecommerce.app.product.controller","AdminStockController","receiveForm","GET","/admin/stock/receive","AUTHENTICATED_ONLY","","ADMIN","INVENTORY","READ","platform.inventory.read","ACTIVE_ADMIN_AND_MODULE_PERMISSION","PENDING_MANUAL_CONFIRMATION"
"com/ecommerce/app/product/controller/AdminStockController.java","187","com.ecommerce.app.product.controller","AdminStockController","receiveStock","POST","/admin/stock/receive","AUTHENTICATED_ONLY","","ADMIN","INVENTORY","MANAGE","platform.inventory.manage","ACTIVE_ADMIN_AND_MODULE_PERMISSION","PENDING_MANUAL_CONFIRMATION"
"com/ecommerce/app/product/controller/AdminStockController.java","143","com.ecommerce.app.product.controller","AdminStockController","transactions","GET","/admin/stock/transactions","AUTHENTICATED_ONLY","","ADMIN","INVENTORY","READ","platform.inventory.read","ACTIVE_ADMIN_AND_MODULE_PERMISSION","PENDING_MANUAL_CONFIRMATION"
"com/ecommerce/app/product/controller/AvailableDeliveryAreaController.java","61","com.ecommerce.app.product.controller","AvailableDeliveryAreaController","add","GET","/availabledeliveryarea/add/{pid}","AUTHENTICATED_ONLY","","ADMIN_LEGACY_ROUTE_REVIEW","SHIPPING","READ","platform.shipping.read","ADMIN_MODULE_PERMISSION_AND_ROUTE_PREFIX_REVIEW","PENDING_MANUAL_CONFIRMATION"
"com/ecommerce/app/product/controller/AvailableDeliveryAreaController.java","55","com.ecommerce.app.product.controller","AvailableDeliveryAreaController","byProduct","GET","/availabledeliveryarea/by_product/{id}","AUTHENTICATED_ONLY","","ADMIN_LEGACY_ROUTE_REVIEW","SHIPPING","READ","platform.shipping.read","ADMIN_MODULE_PERMISSION_AND_ROUTE_PREFIX_REVIEW","PENDING_MANUAL_CONFIRMATION"
"com/ecommerce/app/product/controller/AvailableDeliveryAreaController.java","116","com.ecommerce.app.product.controller","AvailableDeliveryAreaController","deleteUnit","DELETE","/availabledeliveryarea/delete/{id}","AUTHENTICATED_ONLY","","ADMIN_LEGACY_ROUTE_REVIEW","SHIPPING","SENSITIVE_REVIEW","platform.shipping.delete","ADMIN_MODULE_PERMISSION_AND_ROUTE_PREFIX_REVIEW","PENDING_MANUAL_CONFIRMATION"
"com/ecommerce/app/product/controller/AvailableDeliveryAreaController.java","99","com.ecommerce.app.product.controller","AvailableDeliveryAreaController","edit","GET","/availabledeliveryarea/edit/{id}","AUTHENTICATED_ONLY","","ADMIN_LEGACY_ROUTE_REVIEW","SHIPPING","READ","platform.shipping.read","ADMIN_MODULE_PERMISSION_AND_ROUTE_PREFIX_REVIEW","PENDING_MANUAL_CONFIRMATION"
"com/ecommerce/app/product/controller/AvailableDeliveryAreaController.java","43","com.ecommerce.app.product.controller","AvailableDeliveryAreaController","index","ALL","/availabledeliveryarea/index","AUTHENTICATED_ONLY","","ADMIN_LEGACY_ROUTE_REVIEW","SHIPPING","HTTP_METHOD_REVIEW","platform.shipping.method-review","ADMIN_MODULE_PERMISSION_AND_ROUTE_PREFIX_REVIEW","PENDING_MANUAL_CONFIRMATION"
"com/ecommerce/app/product/controller/AvailableDeliveryAreaController.java","49","com.ecommerce.app.product.controller","AvailableDeliveryAreaController","viewAllUnits","GET","/availabledeliveryarea/list","AUTHENTICATED_ONLY","","ADMIN_LEGACY_ROUTE_REVIEW","SHIPPING","READ","platform.shipping.read","ADMIN_MODULE_PERMISSION_AND_ROUTE_PREFIX_REVIEW","PENDING_MANUAL_CONFIRMATION"
"com/ecommerce/app/product/controller/AvailableDeliveryAreaController.java","72","com.ecommerce.app.product.controller","AvailableDeliveryAreaController","save","POST","/availabledeliveryarea/save","AUTHENTICATED_ONLY","","ADMIN_LEGACY_ROUTE_REVIEW","SHIPPING","MANAGE","platform.shipping.manage","ADMIN_MODULE_PERMISSION_AND_ROUTE_PREFIX_REVIEW","PENDING_MANUAL_CONFIRMATION"
"com/ecommerce/app/product/controller/CatalogAttributeAdminController.java","56","com.ecommerce.app.product.controller","CatalogAttributeAdminController","list","GET","/catalog-attributes","AUTHENTICATED_ONLY","","ADMIN_LEGACY_ROUTE_REVIEW","CATALOG","READ","platform.catalog.read","ADMIN_MODULE_PERMISSION_AND_ROUTE_PREFIX_REVIEW","PENDING_MANUAL_CONFIRMATION"
"com/ecommerce/app/product/controller/CatalogAttributeAdminController.java","56","com.ecommerce.app.product.controller","CatalogAttributeAdminController","list","GET","/catalog-attributes/","AUTHENTICATED_ONLY","","ADMIN_LEGACY_ROUTE_REVIEW","CATALOG","READ","platform.catalog.read","ADMIN_MODULE_PERMISSION_AND_ROUTE_PREFIX_REVIEW","PENDING_MANUAL_CONFIRMATION"
"com/ecommerce/app/product/controller/CatalogAttributeAdminController.java","206","com.ecommerce.app.product.controller","CatalogAttributeAdminController","mappingList","GET","/catalog-attributes/category-mappings","AUTHENTICATED_ONLY","","ADMIN_LEGACY_ROUTE_REVIEW","CATALOG","READ","platform.catalog.read","ADMIN_MODULE_PERMISSION_AND_ROUTE_PREFIX_REVIEW","PENDING_MANUAL_CONFIRMATION"
"com/ecommerce/app/product/controller/CatalogAttributeAdminController.java","346","com.ecommerce.app.product.controller","CatalogAttributeAdminController","deleteMapping","GET","/catalog-attributes/category-mappings/delete/{uuid}","AUTHENTICATED_ONLY","","ADMIN_LEGACY_ROUTE_REVIEW","CATALOG","SENSITIVE_REVIEW","platform.catalog.delete","ADMIN_MODULE_PERMISSION_AND_ROUTE_PREFIX_REVIEW","PENDING_MANUAL_CONFIRMATION"
"com/ecommerce/app/product/controller/CatalogAttributeAdminController.java","267","com.ecommerce.app.product.controller","CatalogAttributeAdminController","saveMapping","POST","/catalog-attributes/category-mappings/save","AUTHENTICATED_ONLY","","ADMIN_LEGACY_ROUTE_REVIEW","CATALOG","MANAGE","platform.catalog.manage","ADMIN_MODULE_PERMISSION_AND_ROUTE_PREFIX_REVIEW","PENDING_MANUAL_CONFIRMATION"
"com/ecommerce/app/product/controller/CatalogAttributeAdminController.java","104","com.ecommerce.app.product.controller","CatalogAttributeAdminController","createForm","GET","/catalog-attributes/create","AUTHENTICATED_ONLY","","ADMIN_LEGACY_ROUTE_REVIEW","CATALOG","READ","platform.catalog.read","ADMIN_MODULE_PERMISSION_AND_ROUTE_PREFIX_REVIEW","PENDING_MANUAL_CONFIRMATION"
"com/ecommerce/app/product/controller/CatalogAttributeAdminController.java","135","com.ecommerce.app.product.controller","CatalogAttributeAdminController","delete","GET","/catalog-attributes/delete/{uuid}","AUTHENTICATED_ONLY","","ADMIN_LEGACY_ROUTE_REVIEW","CATALOG","SENSITIVE_REVIEW","platform.catalog.delete","ADMIN_MODULE_PERMISSION_AND_ROUTE_PREFIX_REVIEW","PENDING_MANUAL_CONFIRMATION"
"com/ecommerce/app/product/controller/CatalogAttributeAdminController.java","110","com.ecommerce.app.product.controller","CatalogAttributeAdminController","editForm","GET","/catalog-attributes/edit/{uuid}","AUTHENTICATED_ONLY","","ADMIN_LEGACY_ROUTE_REVIEW","CATALOG","READ","platform.catalog.read","ADMIN_MODULE_PERMISSION_AND_ROUTE_PREFIX_REVIEW","PENDING_MANUAL_CONFIRMATION"
"com/ecommerce/app/product/controller/CatalogAttributeAdminController.java","359","com.ecommerce.app.product.controller","CatalogAttributeAdminController","formFields","GET","/catalog-attributes/form-fields","AUTHENTICATED_ONLY","","ADMIN_LEGACY_ROUTE_REVIEW","CATALOG","READ","platform.catalog.read","ADMIN_MODULE_PERMISSION_AND_ROUTE_PREFIX_REVIEW","PENDING_MANUAL_CONFIRMATION"
"com/ecommerce/app/product/controller/CatalogAttributeAdminController.java","56","com.ecommerce.app.product.controller","CatalogAttributeAdminController","list","GET","/catalog-attributes/list","AUTHENTICATED_ONLY","","ADMIN_LEGACY_ROUTE_REVIEW","CATALOG","READ","platform.catalog.read","ADMIN_MODULE_PERMISSION_AND_ROUTE_PREFIX_REVIEW","PENDING_MANUAL_CONFIRMATION"
"com/ecommerce/app/product/controller/CatalogAttributeAdminController.java","146","com.ecommerce.app.product.controller","CatalogAttributeAdminController","optionList","GET","/catalog-attributes/options/{attributeUuid}","AUTHENTICATED_ONLY","","ADMIN_LEGACY_ROUTE_REVIEW","CATALOG","READ","platform.catalog.read","ADMIN_MODULE_PERMISSION_AND_ROUTE_PREFIX_REVIEW","PENDING_MANUAL_CONFIRMATION"
"com/ecommerce/app/product/controller/CatalogAttributeAdminController.java","193","com.ecommerce.app.product.controller","CatalogAttributeAdminController","deleteOption","GET","/catalog-attributes/options/delete/{uuid}","AUTHENTICATED_ONLY","","ADMIN_LEGACY_ROUTE_REVIEW","CATALOG","SENSITIVE_REVIEW","platform.catalog.delete","ADMIN_MODULE_PERMISSION_AND_ROUTE_PREFIX_REVIEW","PENDING_MANUAL_CONFIRMATION"
"com/ecommerce/app/product/controller/CatalogAttributeAdminController.java","162","com.ecommerce.app.product.controller","CatalogAttributeAdminController","saveOption","POST","/catalog-attributes/options/save","AUTHENTICATED_ONLY","","ADMIN_LEGACY_ROUTE_REVIEW","CATALOG","MANAGE","platform.catalog.manage","ADMIN_MODULE_PERMISSION_AND_ROUTE_PREFIX_REVIEW","PENDING_MANUAL_CONFIRMATION"
"com/ecommerce/app/product/controller/CatalogAttributeAdminController.java","116","com.ecommerce.app.product.controller","CatalogAttributeAdminController","save","POST","/catalog-attributes/save","AUTHENTICATED_ONLY","","ADMIN_LEGACY_ROUTE_REVIEW","CATALOG","MANAGE","platform.catalog.manage","ADMIN_MODULE_PERMISSION_AND_ROUTE_PREFIX_REVIEW","PENDING_MANUAL_CONFIRMATION"
"com/ecommerce/app/product/controller/CatalogVariantController.java","42","com.ecommerce.app.product.controller","CatalogVariantController","add","GET","/catalog-variants/add/{productUuid}","AUTHENTICATED_ONLY","","ADMIN_LEGACY_ROUTE_REVIEW","CATALOG","READ","platform.catalog.read","ADMIN_MODULE_PERMISSION_AND_ROUTE_PREFIX_REVIEW","PENDING_MANUAL_CONFIRMATION"
"com/ecommerce/app/product/controller/CatalogVariantController.java","140","com.ecommerce.app.product.controller","CatalogVariantController","delete","DELETE","/catalog-variants/delete/{uuid}","AUTHENTICATED_ONLY","","ADMIN_LEGACY_ROUTE_REVIEW","CATALOG","SENSITIVE_REVIEW","platform.catalog.delete","ADMIN_MODULE_PERMISSION_AND_ROUTE_PREFIX_REVIEW","PENDING_MANUAL_CONFIRMATION"
"com/ecommerce/app/product/controller/CatalogVariantController.java","52","com.ecommerce.app.product.controller","CatalogVariantController","edit","GET","/catalog-variants/edit/{uuid}","AUTHENTICATED_ONLY","","ADMIN_LEGACY_ROUTE_REVIEW","CATALOG","READ","platform.catalog.read","ADMIN_MODULE_PERMISSION_AND_ROUTE_PREFIX_REVIEW","PENDING_MANUAL_CONFIRMATION"
"com/ecommerce/app/product/controller/CatalogVariantController.java","118","com.ecommerce.app.product.controller","CatalogVariantController","generate","POST","/catalog-variants/generate","AUTHENTICATED_ONLY","","ADMIN_LEGACY_ROUTE_REVIEW","CATALOG","SENSITIVE_REVIEW","platform.catalog.generate","ADMIN_MODULE_PERMISSION_AND_ROUTE_PREFIX_REVIEW","PENDING_MANUAL_CONFIRMATION"
"com/ecommerce/app/product/controller/CatalogVariantController.java","103","com.ecommerce.app.product.controller","CatalogVariantController","generateForm","GET","/catalog-variants/generate/{productUuid}","AUTHENTICATED_ONLY","","ADMIN_LEGACY_ROUTE_REVIEW","CATALOG","SENSITIVE_REVIEW","platform.catalog.generate","ADMIN_MODULE_PERMISSION_AND_ROUTE_PREFIX_REVIEW","PENDING_MANUAL_CONFIRMATION"
"com/ecommerce/app/product/controller/CatalogVariantController.java","63","com.ecommerce.app.product.controller","CatalogVariantController","save","POST","/catalog-variants/save","AUTHENTICATED_ONLY","","ADMIN_LEGACY_ROUTE_REVIEW","CATALOG","MANAGE","platform.catalog.manage","ADMIN_MODULE_PERMISSION_AND_ROUTE_PREFIX_REVIEW","PENDING_MANUAL_CONFIRMATION"
"com/ecommerce/app/product/controller/DeliveryChargeController.java","35","com.ecommerce.app.product.controller","DeliveryChargeController","add","GET","/deliverycharge/add/{pid}","AUTHENTICATED_ONLY","","ADMIN_LEGACY_ROUTE_REVIEW","SHIPPING","READ","platform.shipping.read","ADMIN_MODULE_PERMISSION_AND_ROUTE_PREFIX_REVIEW","PENDING_MANUAL_CONFIRMATION"
"com/ecommerce/app/product/controller/DeliveryChargeController.java","67","com.ecommerce.app.product.controller","DeliveryChargeController","deleteUnit","DELETE","/deliverycharge/delete/{id}","AUTHENTICATED_ONLY","","ADMIN_LEGACY_ROUTE_REVIEW","SHIPPING","SENSITIVE_REVIEW","platform.shipping.delete","ADMIN_MODULE_PERMISSION_AND_ROUTE_PREFIX_REVIEW","PENDING_MANUAL_CONFIRMATION"
"com/ecommerce/app/product/controller/DeliveryChargeController.java","55","com.ecommerce.app.product.controller","DeliveryChargeController","edit","GET","/deliverycharge/edit/{id}","AUTHENTICATED_ONLY","","ADMIN_LEGACY_ROUTE_REVIEW","SHIPPING","READ","platform.shipping.read","ADMIN_MODULE_PERMISSION_AND_ROUTE_PREFIX_REVIEW","PENDING_MANUAL_CONFIRMATION"
"com/ecommerce/app/product/controller/DeliveryChargeController.java","47","com.ecommerce.app.product.controller","DeliveryChargeController","save","POST","/deliverycharge/save","AUTHENTICATED_ONLY","","ADMIN_LEGACY_ROUTE_REVIEW","SHIPPING","MANAGE","platform.shipping.manage","ADMIN_MODULE_PERMISSION_AND_ROUTE_PREFIX_REVIEW","PENDING_MANUAL_CONFIRMATION"
"com/ecommerce/app/product/controller/DeliveryTimelineController.java","35","com.ecommerce.app.product.controller","DeliveryTimelineController","add","GET","/deliverytimeline/add/{pid}","AUTHENTICATED_ONLY","","ADMIN_LEGACY_ROUTE_REVIEW","SHIPPING","READ","platform.shipping.read","ADMIN_MODULE_PERMISSION_AND_ROUTE_PREFIX_REVIEW","PENDING_MANUAL_CONFIRMATION"
"com/ecommerce/app/product/controller/DeliveryTimelineController.java","67","com.ecommerce.app.product.controller","DeliveryTimelineController","deleteUnit","DELETE","/deliverytimeline/delete/{id}","AUTHENTICATED_ONLY","","ADMIN_LEGACY_ROUTE_REVIEW","SHIPPING","SENSITIVE_REVIEW","platform.shipping.delete","ADMIN_MODULE_PERMISSION_AND_ROUTE_PREFIX_REVIEW","PENDING_MANUAL_CONFIRMATION"
"com/ecommerce/app/product/controller/DeliveryTimelineController.java","55","com.ecommerce.app.product.controller","DeliveryTimelineController","edit","GET","/deliverytimeline/edit/{id}","AUTHENTICATED_ONLY","","ADMIN_LEGACY_ROUTE_REVIEW","SHIPPING","READ","platform.shipping.read","ADMIN_MODULE_PERMISSION_AND_ROUTE_PREFIX_REVIEW","PENDING_MANUAL_CONFIRMATION"
"com/ecommerce/app/product/controller/DeliveryTimelineController.java","47","com.ecommerce.app.product.controller","DeliveryTimelineController","save","POST","/deliverytimeline/save","AUTHENTICATED_ONLY","","ADMIN_LEGACY_ROUTE_REVIEW","SHIPPING","MANAGE","platform.shipping.manage","ADMIN_MODULE_PERMISSION_AND_ROUTE_PREFIX_REVIEW","PENDING_MANUAL_CONFIRMATION"
"com/ecommerce/app/product/controller/ManufacturerController.java","38","com.ecommerce.app.product.controller","ManufacturerController","add","GET","/manufacturer/add","AUTHENTICATED_ONLY","","ADMIN_LEGACY_ROUTE_REVIEW","CATALOG","READ","platform.catalog.read","ADMIN_MODULE_PERMISSION_AND_ROUTE_PREFIX_REVIEW","PENDING_MANUAL_CONFIRMATION"
"com/ecommerce/app/product/controller/ManufacturerController.java","64","com.ecommerce.app.product.controller","ManufacturerController","deleteUnit","GET","/manufacturer/delete/{id}","AUTHENTICATED_ONLY","","ADMIN_LEGACY_ROUTE_REVIEW","CATALOG","SENSITIVE_REVIEW","platform.catalog.delete","ADMIN_MODULE_PERMISSION_AND_ROUTE_PREFIX_REVIEW","PENDING_MANUAL_CONFIRMATION"
"com/ecommerce/app/product/controller/ManufacturerController.java","56","com.ecommerce.app.product.controller","ManufacturerController","showEditUnitForm","GET","/manufacturer/edit/{id}","AUTHENTICATED_ONLY","","ADMIN_LEGACY_ROUTE_REVIEW","CATALOG","READ","platform.catalog.read","ADMIN_MODULE_PERMISSION_AND_ROUTE_PREFIX_REVIEW","PENDING_MANUAL_CONFIRMATION"
"com/ecommerce/app/product/controller/ManufacturerController.java","32","com.ecommerce.app.product.controller","ManufacturerController","viewAllUnits","GET","/manufacturer/list","AUTHENTICATED_ONLY","","ADMIN_LEGACY_ROUTE_REVIEW","CATALOG","READ","platform.catalog.read","ADMIN_MODULE_PERMISSION_AND_ROUTE_PREFIX_REVIEW","PENDING_MANUAL_CONFIRMATION"
"com/ecommerce/app/product/controller/ManufacturerController.java","44","com.ecommerce.app.product.controller","ManufacturerController","save","POST","/manufacturer/save","AUTHENTICATED_ONLY","","ADMIN_LEGACY_ROUTE_REVIEW","CATALOG","MANAGE","platform.catalog.manage","ADMIN_MODULE_PERMISSION_AND_ROUTE_PREFIX_REVIEW","PENDING_MANUAL_CONFIRMATION"
"com/ecommerce/app/product/controller/ProductcategoryController.java","66","com.ecommerce.app.product.controller","ProductcategoryController","index","ALL","/productcategory","AUTHENTICATED_ONLY","","ADMIN_LEGACY_ROUTE_REVIEW","CATALOG","HTTP_METHOD_REVIEW","platform.catalog.method-review","ADMIN_MODULE_PERMISSION_AND_ROUTE_PREFIX_REVIEW","PENDING_MANUAL_CONFIRMATION"
"com/ecommerce/app/product/controller/ProductcategoryController.java","66","com.ecommerce.app.product.controller","ProductcategoryController","index","ALL","/productcategory/","AUTHENTICATED_ONLY","","ADMIN_LEGACY_ROUTE_REVIEW","CATALOG","HTTP_METHOD_REVIEW","platform.catalog.method-review","ADMIN_MODULE_PERMISSION_AND_ROUTE_PREFIX_REVIEW","PENDING_MANUAL_CONFIRMATION"
"com/ecommerce/app/product/controller/ProductcategoryController.java","125","com.ecommerce.app.product.controller","ProductcategoryController","create","ALL","/productcategory/create","AUTHENTICATED_ONLY","","ADMIN_LEGACY_ROUTE_REVIEW","CATALOG","HTTP_METHOD_REVIEW","platform.catalog.method-review","ADMIN_MODULE_PERMISSION_AND_ROUTE_PREFIX_REVIEW","PENDING_MANUAL_CONFIRMATION"
"com/ecommerce/app/product/controller/ProductcategoryController.java","220","com.ecommerce.app.product.controller","ProductcategoryController","delete","ALL","/productcategory/delete/{id}","AUTHENTICATED_ONLY","","ADMIN_LEGACY_ROUTE_REVIEW","CATALOG","SENSITIVE_REVIEW","platform.catalog.delete","ADMIN_MODULE_PERMISSION_AND_ROUTE_PREFIX_REVIEW","PENDING_MANUAL_CONFIRMATION"
"com/ecommerce/app/product/controller/ProductcategoryController.java","199","com.ecommerce.app.product.controller","ProductcategoryController","create","ALL","/productcategory/details/{id}","AUTHENTICATED_ONLY","","ADMIN_LEGACY_ROUTE_REVIEW","CATALOG","HTTP_METHOD_REVIEW","platform.catalog.method-review","ADMIN_MODULE_PERMISSION_AND_ROUTE_PREFIX_REVIEW","PENDING_MANUAL_CONFIRMATION"
"com/ecommerce/app/product/controller/ProductcategoryController.java","206","com.ecommerce.app.product.controller","ProductcategoryController","edit","ALL","/productcategory/edit/{id}","AUTHENTICATED_ONLY","","ADMIN_LEGACY_ROUTE_REVIEW","CATALOG","HTTP_METHOD_REVIEW","platform.catalog.method-review","ADMIN_MODULE_PERMISSION_AND_ROUTE_PREFIX_REVIEW","PENDING_MANUAL_CONFIRMATION"
"com/ecommerce/app/product/controller/ProductcategoryController.java","66","com.ecommerce.app.product.controller","ProductcategoryController","index","ALL","/productcategory/index","AUTHENTICATED_ONLY","","ADMIN_LEGACY_ROUTE_REVIEW","CATALOG","HTTP_METHOD_REVIEW","platform.catalog.method-review","ADMIN_MODULE_PERMISSION_AND_ROUTE_PREFIX_REVIEW","PENDING_MANUAL_CONFIRMATION"
"com/ecommerce/app/product/controller/ProductcategoryController.java","142","com.ecommerce.app.product.controller","ProductcategoryController","create","ALL","/productcategory/save","AUTHENTICATED_ONLY","","ADMIN_LEGACY_ROUTE_REVIEW","CATALOG","HTTP_METHOD_REVIEW","platform.catalog.method-review","ADMIN_MODULE_PERMISSION_AND_ROUTE_PREFIX_REVIEW","PENDING_MANUAL_CONFIRMATION"
"com/ecommerce/app/product/controller/ProductController.java","140","com.ecommerce.app.product.controller","ProductController","index","ALL","/product","AUTHENTICATED_ONLY","","ADMIN_LEGACY_ROUTE_REVIEW","CATALOG","HTTP_METHOD_REVIEW","platform.catalog.method-review","ADMIN_MODULE_PERMISSION_AND_ROUTE_PREFIX_REVIEW","PENDING_MANUAL_CONFIRMATION"
"com/ecommerce/app/product/controller/ProductController.java","140","com.ecommerce.app.product.controller","ProductController","index","ALL","/product/","AUTHENTICATED_ONLY","","ADMIN_LEGACY_ROUTE_REVIEW","CATALOG","HTTP_METHOD_REVIEW","platform.catalog.method-review","ADMIN_MODULE_PERMISSION_AND_ROUTE_PREFIX_REVIEW","PENDING_MANUAL_CONFIRMATION"
"com/ecommerce/app/product/controller/ProductController.java","315","com.ecommerce.app.product.controller","ProductController","create","ALL","/product/create","AUTHENTICATED_ONLY","","ADMIN_LEGACY_ROUTE_REVIEW","CATALOG","HTTP_METHOD_REVIEW","platform.catalog.method-review","ADMIN_MODULE_PERMISSION_AND_ROUTE_PREFIX_REVIEW","PENDING_MANUAL_CONFIRMATION"
"com/ecommerce/app/product/controller/ProductController.java","468","com.ecommerce.app.product.controller","ProductController","delete","ALL","/product/delete/{id}","AUTHENTICATED_ONLY","","ADMIN_LEGACY_ROUTE_REVIEW","CATALOG","SENSITIVE_REVIEW","platform.catalog.delete","ADMIN_MODULE_PERMISSION_AND_ROUTE_PREFIX_REVIEW","PENDING_MANUAL_CONFIRMATION"
"com/ecommerce/app/product/controller/ProductController.java","401","com.ecommerce.app.product.controller","ProductController","create","ALL","/product/details/{id}","AUTHENTICATED_ONLY","","ADMIN_LEGACY_ROUTE_REVIEW","CATALOG","HTTP_METHOD_REVIEW","platform.catalog.method-review","ADMIN_MODULE_PERMISSION_AND_ROUTE_PREFIX_REVIEW","PENDING_MANUAL_CONFIRMATION"
"com/ecommerce/app/product/controller/ProductController.java","416","com.ecommerce.app.product.controller","ProductController","saveSpecifications","POST","/product/details/{id}/specifications","AUTHENTICATED_ONLY","","ADMIN_LEGACY_ROUTE_REVIEW","CATALOG","MANAGE","platform.catalog.manage","ADMIN_MODULE_PERMISSION_AND_ROUTE_PREFIX_REVIEW","PENDING_MANUAL_CONFIRMATION"
"com/ecommerce/app/product/controller/ProductController.java","448","com.ecommerce.app.product.controller","ProductController","edit","ALL","/product/edit/{id}","AUTHENTICATED_ONLY","","ADMIN_LEGACY_ROUTE_REVIEW","CATALOG","HTTP_METHOD_REVIEW","platform.catalog.method-review","ADMIN_MODULE_PERMISSION_AND_ROUTE_PREFIX_REVIEW","PENDING_MANUAL_CONFIRMATION"
"com/ecommerce/app/product/controller/ProductController.java","140","com.ecommerce.app.product.controller","ProductController","index","ALL","/product/index","AUTHENTICATED_ONLY","","ADMIN_LEGACY_ROUTE_REVIEW","CATALOG","HTTP_METHOD_REVIEW","platform.catalog.method-review","ADMIN_MODULE_PERMISSION_AND_ROUTE_PREFIX_REVIEW","PENDING_MANUAL_CONFIRMATION"
"com/ecommerce/app/product/controller/ProductController.java","336","com.ecommerce.app.product.controller","ProductController","create","POST","/product/save","AUTHENTICATED_ONLY","","ADMIN_LEGACY_ROUTE_REVIEW","CATALOG","MANAGE","platform.catalog.manage","ADMIN_MODULE_PERMISSION_AND_ROUTE_PREFIX_REVIEW","PENDING_MANUAL_CONFIRMATION"
"com/ecommerce/app/product/controller/ProductDimensionController.java","39","com.ecommerce.app.product.controller","ProductDimensionController","add","GET","/productdimension/add/{pid}","AUTHENTICATED_ONLY","","ADMIN_LEGACY_ROUTE_REVIEW","CATALOG","READ","platform.catalog.read","ADMIN_MODULE_PERMISSION_AND_ROUTE_PREFIX_REVIEW","PENDING_MANUAL_CONFIRMATION"
"com/ecommerce/app/product/controller/ProductDimensionController.java","71","com.ecommerce.app.product.controller","ProductDimensionController","deleteUnit","DELETE","/productdimension/delete/{id}","AUTHENTICATED_ONLY","","ADMIN_LEGACY_ROUTE_REVIEW","CATALOG","SENSITIVE_REVIEW","platform.catalog.delete","ADMIN_MODULE_PERMISSION_AND_ROUTE_PREFIX_REVIEW","PENDING_MANUAL_CONFIRMATION"
"com/ecommerce/app/product/controller/ProductDimensionController.java","59","com.ecommerce.app.product.controller","ProductDimensionController","edit","GET","/productdimension/edit/{id}","AUTHENTICATED_ONLY","","ADMIN_LEGACY_ROUTE_REVIEW","CATALOG","READ","platform.catalog.read","ADMIN_MODULE_PERMISSION_AND_ROUTE_PREFIX_REVIEW","PENDING_MANUAL_CONFIRMATION"
"com/ecommerce/app/product/controller/ProductDimensionController.java","51","com.ecommerce.app.product.controller","ProductDimensionController","save","POST","/productdimension/save","AUTHENTICATED_ONLY","","ADMIN_LEGACY_ROUTE_REVIEW","CATALOG","MANAGE","platform.catalog.manage","ADMIN_MODULE_PERMISSION_AND_ROUTE_PREFIX_REVIEW","PENDING_MANUAL_CONFIRMATION"
"com/ecommerce/app/product/controller/ProductImageController.java","74","com.ecommerce.app.product.controller","ProductImageController","deleteProduct","DELETE","/productimage/delete/{productId}","AUTHENTICATED_ONLY","","ADMIN_LEGACY_ROUTE_REVIEW","CATALOG","SENSITIVE_REVIEW","platform.catalog.delete","ADMIN_MODULE_PERMISSION_AND_ROUTE_PREFIX_REVIEW","PENDING_MANUAL_CONFIRMATION"
"com/ecommerce/app/product/controller/ProductImageController.java","110","com.ecommerce.app.product.controller","ProductImageController","list","ALL","/productimage/list/{id}","AUTHENTICATED_ONLY","","ADMIN_LEGACY_ROUTE_REVIEW","CATALOG","HTTP_METHOD_REVIEW","platform.catalog.method-review","ADMIN_MODULE_PERMISSION_AND_ROUTE_PREFIX_REVIEW","PENDING_MANUAL_CONFIRMATION"
"com/ecommerce/app/product/controller/ProductImageController.java","48","com.ecommerce.app.product.controller","ProductImageController","save","POST","/productimage/upload","AUTHENTICATED_ONLY","","ADMIN_LEGACY_ROUTE_REVIEW","CATALOG","MANAGE","platform.catalog.manage","ADMIN_MODULE_PERMISSION_AND_ROUTE_PREFIX_REVIEW","PENDING_MANUAL_CONFIRMATION"
"com/ecommerce/app/product/controller/UnitsController.java","39","com.ecommerce.app.product.controller","UnitsController","showAddUnitForm","GET","/uom/add","AUTHENTICATED_ONLY","","ADMIN_LEGACY_ROUTE_REVIEW","CATALOG","READ","platform.catalog.read","ADMIN_MODULE_PERMISSION_AND_ROUTE_PREFIX_REVIEW","PENDING_MANUAL_CONFIRMATION"
"com/ecommerce/app/product/controller/UnitsController.java","58","com.ecommerce.app.product.controller","UnitsController","deleteUnit","GET","/uom/delete/{id}","AUTHENTICATED_ONLY","","ADMIN_LEGACY_ROUTE_REVIEW","CATALOG","SENSITIVE_REVIEW","platform.catalog.delete","ADMIN_MODULE_PERMISSION_AND_ROUTE_PREFIX_REVIEW","PENDING_MANUAL_CONFIRMATION"
"com/ecommerce/app/product/controller/UnitsController.java","51","com.ecommerce.app.product.controller","UnitsController","showEditUnitForm","GET","/uom/edit/{id}","AUTHENTICATED_ONLY","","ADMIN_LEGACY_ROUTE_REVIEW","CATALOG","READ","platform.catalog.read","ADMIN_MODULE_PERMISSION_AND_ROUTE_PREFIX_REVIEW","PENDING_MANUAL_CONFIRMATION"
"com/ecommerce/app/product/controller/UnitsController.java","29","com.ecommerce.app.product.controller","UnitsController","viewAllUnits","GET","/uom/list","AUTHENTICATED_ONLY","","ADMIN_LEGACY_ROUTE_REVIEW","CATALOG","READ","platform.catalog.read","ADMIN_MODULE_PERMISSION_AND_ROUTE_PREFIX_REVIEW","PENDING_MANUAL_CONFIRMATION"
"com/ecommerce/app/product/controller/UnitsController.java","45","com.ecommerce.app.product.controller","UnitsController","addUnit","POST","/uom/save","AUTHENTICATED_ONLY","","ADMIN_LEGACY_ROUTE_REVIEW","CATALOG","MANAGE","platform.catalog.manage","ADMIN_MODULE_PERMISSION_AND_ROUTE_PREFIX_REVIEW","PENDING_MANUAL_CONFIRMATION"
"com/ecommerce/app/product/controller/WarrantyController.java","35","com.ecommerce.app.product.controller","WarrantyController","add","GET","/warranty/add/{pid}","AUTHENTICATED_ONLY","","ADMIN_LEGACY_ROUTE_REVIEW","CATALOG","READ","platform.catalog.read","ADMIN_MODULE_PERMISSION_AND_ROUTE_PREFIX_REVIEW","PENDING_MANUAL_CONFIRMATION"
"com/ecommerce/app/product/controller/WarrantyController.java","66","com.ecommerce.app.product.controller","WarrantyController","deleteUnit","DELETE","/warranty/delete/{id}","AUTHENTICATED_ONLY","","ADMIN_LEGACY_ROUTE_REVIEW","CATALOG","SENSITIVE_REVIEW","platform.catalog.delete","ADMIN_MODULE_PERMISSION_AND_ROUTE_PREFIX_REVIEW","PENDING_MANUAL_CONFIRMATION"
"com/ecommerce/app/product/controller/WarrantyController.java","54","com.ecommerce.app.product.controller","WarrantyController","edit","GET","/warranty/edit/{id}","AUTHENTICATED_ONLY","","ADMIN_LEGACY_ROUTE_REVIEW","CATALOG","READ","platform.catalog.read","ADMIN_MODULE_PERMISSION_AND_ROUTE_PREFIX_REVIEW","PENDING_MANUAL_CONFIRMATION"
"com/ecommerce/app/product/controller/WarrantyController.java","46","com.ecommerce.app.product.controller","WarrantyController","save","POST","/warranty/save","AUTHENTICATED_ONLY","","ADMIN_LEGACY_ROUTE_REVIEW","CATALOG","MANAGE","platform.catalog.manage","ADMIN_MODULE_PERMISSION_AND_ROUTE_PREFIX_REVIEW","PENDING_MANUAL_CONFIRMATION"
"com/ecommerce/app/publics/controller/PublicController.java","199","com.ecommerce.app.publics.controller","PublicController","aboutUs","ALL","/public/about-us","PERMIT_ALL","","PUBLIC_EXPLICIT","GENERAL","HTTP_METHOD_REVIEW","public.general.method-review","EXPLICIT_ALLOWLIST_INPUT_LIMITS_AND_SESSION_SCOPE","PENDING_MANUAL_CONFIRMATION"
"com/ecommerce/app/publics/controller/PublicController.java","741","com.ecommerce.app.publics.controller","PublicController","blogByCategory","ALL","/public/blog-by-cat/{catid}","PERMIT_ALL","","PUBLIC_EXPLICIT","BLOG","HTTP_METHOD_REVIEW","public.blog.method-review","EXPLICIT_ALLOWLIST_INPUT_LIMITS_AND_SESSION_SCOPE","PENDING_MANUAL_CONFIRMATION"
"com/ecommerce/app/publics/controller/PublicController.java","734","com.ecommerce.app.publics.controller","PublicController","blogDetails","ALL","/public/blogdetails/{blogid}","PERMIT_ALL","","PUBLIC_EXPLICIT","BLOG","HTTP_METHOD_REVIEW","public.blog.method-review","EXPLICIT_ALLOWLIST_INPUT_LIMITS_AND_SESSION_SCOPE","PENDING_MANUAL_CONFIRMATION"
"com/ecommerce/app/publics/controller/PublicController.java","702","com.ecommerce.app.publics.controller","PublicController","browsingHistory","ALL","/public/browsing-history","PERMIT_ALL","","PUBLIC_EXPLICIT","GENERAL","HTTP_METHOD_REVIEW","public.general.method-review","EXPLICIT_ALLOWLIST_INPUT_LIMITS_AND_SESSION_SCOPE","PENDING_MANUAL_CONFIRMATION"
"com/ecommerce/app/publics/controller/PublicController.java","947","com.ecommerce.app.publics.controller","PublicController","contactUs","ALL","/public/contactUs","PERMIT_ALL","","PUBLIC_EXPLICIT","GENERAL","HTTP_METHOD_REVIEW","public.general.method-review","EXPLICIT_ALLOWLIST_INPUT_LIMITS_AND_SESSION_SCOPE","PENDING_MANUAL_CONFIRMATION"
"com/ecommerce/app/publics/controller/PublicController.java","947","com.ecommerce.app.publics.controller","PublicController","contactUs","ALL","/public/contact-us","PERMIT_ALL","","PUBLIC_EXPLICIT","GENERAL","HTTP_METHOD_REVIEW","public.general.method-review","EXPLICIT_ALLOWLIST_INPUT_LIMITS_AND_SESSION_SCOPE","PENDING_MANUAL_CONFIRMATION"
"com/ecommerce/app/publics/controller/PublicController.java","254","com.ecommerce.app.publics.controller","PublicController","forgotPassword","ALL","/public/forgot-password","PERMIT_ALL","","PUBLIC_EXPLICIT","IDENTITY_ACCESS","SENSITIVE_REVIEW","public.identity.access.password","EXPLICIT_ALLOWLIST_INPUT_LIMITS_AND_SESSION_SCOPE","PENDING_MANUAL_CONFIRMATION"
"com/ecommerce/app/publics/controller/PublicController.java","228","com.ecommerce.app.publics.controller","PublicController","studentRegistration","ALL","/public/front-registration","PERMIT_ALL","","PUBLIC_EXPLICIT","GENERAL","HTTP_METHOD_REVIEW","public.general.method-review","EXPLICIT_ALLOWLIST_INPUT_LIMITS_AND_SESSION_SCOPE","PENDING_MANUAL_CONFIRMATION"
"com/ecommerce/app/publics/controller/PublicController.java","994","com.ecommerce.app.publics.controller","PublicController","help","ALL","/public/help","PERMIT_ALL","","PUBLIC_EXPLICIT","GENERAL","HTTP_METHOD_REVIEW","public.general.method-review","EXPLICIT_ALLOWLIST_INPUT_LIMITS_AND_SESSION_SCOPE","PENDING_MANUAL_CONFIRMATION"
"com/ecommerce/app/publics/controller/PublicController.java","963","com.ecommerce.app.publics.controller","PublicController","homecontactsave","ALL","/public/home-contact-save","PERMIT_ALL","","PUBLIC_EXPLICIT","GENERAL","HTTP_METHOD_REVIEW","public.general.method-review","EXPLICIT_ALLOWLIST_INPUT_LIMITS_AND_SESSION_SCOPE","PENDING_MANUAL_CONFIRMATION"
"com/ecommerce/app/publics/controller/PublicController.java","215","com.ecommerce.app.publics.controller","PublicController","memberlogin","ALL","/public/member-login","PERMIT_ALL","","PUBLIC_EXPLICIT","IDENTITY_ACCESS","HTTP_METHOD_REVIEW","public.identity.access.method-review","EXPLICIT_ALLOWLIST_INPUT_LIMITS_AND_SESSION_SCOPE","PENDING_MANUAL_CONFIRMATION"
"com/ecommerce/app/publics/controller/PublicController.java","1026","com.ecommerce.app.publics.controller","PublicController","paymentMethods","ALL","/public/payment-methods","PERMIT_ALL","","PUBLIC_EXPLICIT","ORDER_PAYMENT","HTTP_METHOD_REVIEW","public.order.payment.method-review","EXPLICIT_ALLOWLIST_INPUT_LIMITS_AND_SESSION_SCOPE","PENDING_MANUAL_CONFIRMATION"
"com/ecommerce/app/publics/controller/PublicController.java","977","com.ecommerce.app.publics.controller","PublicController","privacyPolicy","ALL","/public/privacy_policy","PERMIT_ALL","","PUBLIC_EXPLICIT","GENERAL","HTTP_METHOD_REVIEW","public.general.method-review","EXPLICIT_ALLOWLIST_INPUT_LIMITS_AND_SESSION_SCOPE","PENDING_MANUAL_CONFIRMATION"
"com/ecommerce/app/publics/controller/PublicController.java","977","com.ecommerce.app.publics.controller","PublicController","privacyPolicy","ALL","/public/privacy-policy","PERMIT_ALL","","PUBLIC_EXPLICIT","GENERAL","HTTP_METHOD_REVIEW","public.general.method-review","EXPLICIT_ALLOWLIST_INPUT_LIMITS_AND_SESSION_SCOPE","PENDING_MANUAL_CONFIRMATION"
"com/ecommerce/app/publics/controller/PublicController.java","266","com.ecommerce.app.publics.controller","PublicController","product","ALL","/public/product","PERMIT_ALL","","PUBLIC_EXPLICIT","CATALOG","HTTP_METHOD_REVIEW","public.catalog.method-review","EXPLICIT_ALLOWLIST_INPUT_LIMITS_AND_SESSION_SCOPE","PENDING_MANUAL_CONFIRMATION"
"com/ecommerce/app/publics/controller/PublicController.java","419","com.ecommerce.app.publics.controller","PublicController","productByCategory","ALL","/public/product-by-category/{prodcatid}","PERMIT_ALL","","PUBLIC_EXPLICIT","CATALOG","HTTP_METHOD_REVIEW","public.catalog.method-review","EXPLICIT_ALLOWLIST_INPUT_LIMITS_AND_SESSION_SCOPE","PENDING_MANUAL_CONFIRMATION"
"com/ecommerce/app/publics/controller/PublicController.java","1058","com.ecommerce.app.publics.controller","PublicController","refundAndReturnsPolicy","ALL","/public/refund-and-returns-policy","PERMIT_ALL","","PUBLIC_EXPLICIT","ORDER_PAYMENT","SENSITIVE_REVIEW","public.order.payment.refund","EXPLICIT_ALLOWLIST_INPUT_LIMITS_AND_SESSION_SCOPE","PENDING_MANUAL_CONFIRMATION"
"com/ecommerce/app/publics/controller/PublicController.java","1058","com.ecommerce.app.publics.controller","PublicController","refundAndReturnsPolicy","ALL","/public/refund-returns-policy","PERMIT_ALL","","PUBLIC_EXPLICIT","ORDER_PAYMENT","SENSITIVE_REVIEW","public.order.payment.refund","EXPLICIT_ALLOWLIST_INPUT_LIMITS_AND_SESSION_SCOPE","PENDING_MANUAL_CONFIRMATION"
"com/ecommerce/app/publics/controller/PublicController.java","1042","com.ecommerce.app.publics.controller","PublicController","returnsAndReplacements","ALL","/public/returns-replacements","PERMIT_ALL","","PUBLIC_EXPLICIT","ORDER_PAYMENT","HTTP_METHOD_REVIEW","public.order.payment.method-review","EXPLICIT_ALLOWLIST_INPUT_LIMITS_AND_SESSION_SCOPE","PENDING_MANUAL_CONFIRMATION"
"com/ecommerce/app/publics/controller/PublicController.java","296","com.ecommerce.app.publics.controller","PublicController","searchSuggestions","ALL","/public/search/suggestions","PERMIT_ALL","","PUBLIC_EXPLICIT","GENERAL","HTTP_METHOD_REVIEW","public.general.method-review","EXPLICIT_ALLOWLIST_INPUT_LIMITS_AND_SESSION_SCOPE","PENDING_MANUAL_CONFIRMATION"
"com/ecommerce/app/publics/controller/PublicController.java","1074","com.ecommerce.app.publics.controller","PublicController","shippingRatesAndPolicies","ALL","/public/shipping-rates-policies","PERMIT_ALL","","PUBLIC_EXPLICIT","SHIPPING","HTTP_METHOD_REVIEW","public.shipping.method-review","EXPLICIT_ALLOWLIST_INPUT_LIMITS_AND_SESSION_SCOPE","PENDING_MANUAL_CONFIRMATION"
"com/ecommerce/app/publics/controller/PublicController.java","589","com.ecommerce.app.publics.controller","PublicController","single_product","ALL","/public/single-product/{prodid}","PERMIT_ALL","","PUBLIC_EXPLICIT","CATALOG","HTTP_METHOD_REVIEW","public.catalog.method-review","EXPLICIT_ALLOWLIST_INPUT_LIMITS_AND_SESSION_SCOPE","PENDING_MANUAL_CONFIRMATION"
"com/ecommerce/app/publics/controller/PublicController.java","1090","com.ecommerce.app.publics.controller","PublicController","termsAndConditions","ALL","/public/term-and-conditions","PERMIT_ALL","","PUBLIC_EXPLICIT","GENERAL","HTTP_METHOD_REVIEW","public.general.method-review","EXPLICIT_ALLOWLIST_INPUT_LIMITS_AND_SESSION_SCOPE","PENDING_MANUAL_CONFIRMATION"
"com/ecommerce/app/publics/controller/PublicController.java","1090","com.ecommerce.app.publics.controller","PublicController","termsAndConditions","ALL","/public/terms-and-conditions","PERMIT_ALL","","PUBLIC_EXPLICIT","GENERAL","HTTP_METHOD_REVIEW","public.general.method-review","EXPLICIT_ALLOWLIST_INPUT_LIMITS_AND_SESSION_SCOPE","PENDING_MANUAL_CONFIRMATION"
"com/ecommerce/app/publics/controller/PublicController.java","1010","com.ecommerce.app.publics.controller","PublicController","termsOfUse","ALL","/public/terms-of-use","PERMIT_ALL","","PUBLIC_EXPLICIT","GENERAL","HTTP_METHOD_REVIEW","public.general.method-review","EXPLICIT_ALLOWLIST_INPUT_LIMITS_AND_SESSION_SCOPE","PENDING_MANUAL_CONFIRMATION"
"com/ecommerce/app/publics/controller/PublicSeoDiscoveryController.java","93","com.ecommerce.app.publics.controller","PublicSeoDiscoveryController","llms","GET","/llms.txt","AUTHENTICATED_ONLY","","PUBLIC_REVIEW_REQUIRED","MARKETING_SEO","READ","public.review.marketing.seo.read","PUBLIC_JUSTIFICATION_OR_RECLASSIFY","PENDING_MANUAL_CONFIRMATION"
"com/ecommerce/app/publics/controller/PublicSeoDiscoveryController.java","43","com.ecommerce.app.publics.controller","PublicSeoDiscoveryController","robots","GET","/robots.txt","AUTHENTICATED_ONLY","","PUBLIC_REVIEW_REQUIRED","MARKETING_SEO","READ","public.review.marketing.seo.read","PUBLIC_JUSTIFICATION_OR_RECLASSIFY","PENDING_MANUAL_CONFIRMATION"
"com/ecommerce/app/publics/controller/PublicSeoDiscoveryController.java","63","com.ecommerce.app.publics.controller","PublicSeoDiscoveryController","sitemap","GET","/sitemap.xml","AUTHENTICATED_ONLY","","PUBLIC_REVIEW_REQUIRED","MARKETING_SEO","READ","public.review.marketing.seo.read","PUBLIC_JUSTIFICATION_OR_RECLASSIFY","PENDING_MANUAL_CONFIRMATION"
"com/ecommerce/app/publics/controller/WelcomeController.java","55","com.ecommerce.app.publics.controller","WelcomeController","welcome","ALL","/","PERMIT_ALL","","PUBLIC_EXPLICIT","GENERAL","HTTP_METHOD_REVIEW","public.general.method-review","EXPLICIT_ALLOWLIST_INPUT_LIMITS_AND_SESSION_SCOPE","PENDING_MANUAL_CONFIRMATION"
"com/ecommerce/app/publics/controller/WelcomeController.java","110","com.ecommerce.app.publics.controller","WelcomeController","maintenancePage","GET","/maintenance","AUTHENTICATED_ONLY","","PUBLIC_REVIEW_REQUIRED","GENERAL","READ","public.review.general.read","PUBLIC_JUSTIFICATION_OR_RECLASSIFY","PENDING_MANUAL_CONFIRMATION"
"com/ecommerce/app/vendor/controller/Vendor_AvailableDeliveryAreaController.java","69","com.ecommerce.app.vendor.controller","Vendor_AvailableDeliveryAreaController","add","GET","/vendor_availabledeliveryarea/add/{pid}","AUTHENTICATED_ONLY","","VENDOR","SHIPPING","READ","vendor.shipping.read","ACTIVE_VENDOR_MEMBERSHIP_PERMISSION_AND_RESOURCE_SCOPE","PENDING_MANUAL_CONFIRMATION"
"com/ecommerce/app/vendor/controller/Vendor_AvailableDeliveryAreaController.java","63","com.ecommerce.app.vendor.controller","Vendor_AvailableDeliveryAreaController","byProduct","GET","/vendor_availabledeliveryarea/by_product/{id}","AUTHENTICATED_ONLY","","VENDOR","SHIPPING","READ","vendor.shipping.read","ACTIVE_VENDOR_MEMBERSHIP_PERMISSION_AND_RESOURCE_SCOPE","PENDING_MANUAL_CONFIRMATION"
"com/ecommerce/app/vendor/controller/Vendor_AvailableDeliveryAreaController.java","132","com.ecommerce.app.vendor.controller","Vendor_AvailableDeliveryAreaController","deleteUnit","DELETE","/vendor_availabledeliveryarea/delete/{id}","AUTHENTICATED_ONLY","","VENDOR","SHIPPING","SENSITIVE_REVIEW","vendor.shipping.delete","ACTIVE_VENDOR_MEMBERSHIP_PERMISSION_AND_RESOURCE_SCOPE","PENDING_MANUAL_CONFIRMATION"
"com/ecommerce/app/vendor/controller/Vendor_AvailableDeliveryAreaController.java","115","com.ecommerce.app.vendor.controller","Vendor_AvailableDeliveryAreaController","edit","GET","/vendor_availabledeliveryarea/edit/{id}","AUTHENTICATED_ONLY","","VENDOR","SHIPPING","READ","vendor.shipping.read","ACTIVE_VENDOR_MEMBERSHIP_PERMISSION_AND_RESOURCE_SCOPE","PENDING_MANUAL_CONFIRMATION"
"com/ecommerce/app/vendor/controller/Vendor_AvailableDeliveryAreaController.java","51","com.ecommerce.app.vendor.controller","Vendor_AvailableDeliveryAreaController","index","ALL","/vendor_availabledeliveryarea/index","AUTHENTICATED_ONLY","","VENDOR","SHIPPING","HTTP_METHOD_REVIEW","vendor.shipping.method-review","ACTIVE_VENDOR_MEMBERSHIP_PERMISSION_AND_RESOURCE_SCOPE","PENDING_MANUAL_CONFIRMATION"
"com/ecommerce/app/vendor/controller/Vendor_AvailableDeliveryAreaController.java","57","com.ecommerce.app.vendor.controller","Vendor_AvailableDeliveryAreaController","viewAllUnits","GET","/vendor_availabledeliveryarea/list","AUTHENTICATED_ONLY","","VENDOR","SHIPPING","READ","vendor.shipping.read","ACTIVE_VENDOR_MEMBERSHIP_PERMISSION_AND_RESOURCE_SCOPE","PENDING_MANUAL_CONFIRMATION"
"com/ecommerce/app/vendor/controller/Vendor_AvailableDeliveryAreaController.java","84","com.ecommerce.app.vendor.controller","Vendor_AvailableDeliveryAreaController","save","POST","/vendor_availabledeliveryarea/save","AUTHENTICATED_ONLY","","VENDOR","SHIPPING","MANAGE","vendor.shipping.manage","ACTIVE_VENDOR_MEMBERSHIP_PERMISSION_AND_RESOURCE_SCOPE","PENDING_MANUAL_CONFIRMATION"
"com/ecommerce/app/vendor/controller/Vendor_DeliveryChargeController.java","43","com.ecommerce.app.vendor.controller","Vendor_DeliveryChargeController","add","GET","/vendor_deliverycharge/add/{pid}","AUTHENTICATED_ONLY","","VENDOR","SHIPPING","READ","vendor.shipping.read","ACTIVE_VENDOR_MEMBERSHIP_PERMISSION_AND_RESOURCE_SCOPE","PENDING_MANUAL_CONFIRMATION"
"com/ecommerce/app/vendor/controller/Vendor_DeliveryChargeController.java","86","com.ecommerce.app.vendor.controller","Vendor_DeliveryChargeController","deleteUnit","DELETE","/vendor_deliverycharge/delete/{id}","AUTHENTICATED_ONLY","","VENDOR","SHIPPING","SENSITIVE_REVIEW","vendor.shipping.delete","ACTIVE_VENDOR_MEMBERSHIP_PERMISSION_AND_RESOURCE_SCOPE","PENDING_MANUAL_CONFIRMATION"
"com/ecommerce/app/vendor/controller/Vendor_DeliveryChargeController.java","70","com.ecommerce.app.vendor.controller","Vendor_DeliveryChargeController","edit","GET","/vendor_deliverycharge/edit/{id}","AUTHENTICATED_ONLY","","VENDOR","SHIPPING","READ","vendor.shipping.read","ACTIVE_VENDOR_MEMBERSHIP_PERMISSION_AND_RESOURCE_SCOPE","PENDING_MANUAL_CONFIRMATION"
"com/ecommerce/app/vendor/controller/Vendor_DeliveryChargeController.java","58","com.ecommerce.app.vendor.controller","Vendor_DeliveryChargeController","save","POST","/vendor_deliverycharge/save","AUTHENTICATED_ONLY","","VENDOR","SHIPPING","MANAGE","vendor.shipping.manage","ACTIVE_VENDOR_MEMBERSHIP_PERMISSION_AND_RESOURCE_SCOPE","PENDING_MANUAL_CONFIRMATION"
"com/ecommerce/app/vendor/controller/Vendor_DeliveryPersonController.java","32","com.ecommerce.app.vendor.controller","Vendor_DeliveryPersonController","list","GET","/vendor/delivery-persons","AUTHENTICATED_ONLY","","VENDOR","SHIPPING","READ","vendor.shipping.read","ACTIVE_VENDOR_MEMBERSHIP_PERMISSION_AND_RESOURCE_SCOPE","PENDING_MANUAL_CONFIRMATION"
"com/ecommerce/app/vendor/controller/Vendor_DeliveryPersonController.java","87","com.ecommerce.app.vendor.controller","Vendor_DeliveryPersonController","save","POST","/vendor/delivery-persons","AUTHENTICATED_ONLY","","VENDOR","SHIPPING","MANAGE","vendor.shipping.manage","ACTIVE_VENDOR_MEMBERSHIP_PERMISSION_AND_RESOURCE_SCOPE","PENDING_MANUAL_CONFIRMATION"
"com/ecommerce/app/vendor/controller/Vendor_DeliveryPersonController.java","109","com.ecommerce.app.vendor.controller","Vendor_DeliveryPersonController","delete","POST","/vendor/delivery-persons/delete/{id}","AUTHENTICATED_ONLY","","VENDOR","SHIPPING","SENSITIVE_REVIEW","vendor.shipping.delete","ACTIVE_VENDOR_MEMBERSHIP_PERMISSION_AND_RESOURCE_SCOPE","PENDING_MANUAL_CONFIRMATION"
"com/ecommerce/app/vendor/controller/Vendor_DeliveryPersonController.java","68","com.ecommerce.app.vendor.controller","Vendor_DeliveryPersonController","editForm","GET","/vendor/delivery-persons/edit/{id}","AUTHENTICATED_ONLY","","VENDOR","SHIPPING","READ","vendor.shipping.read","ACTIVE_VENDOR_MEMBERSHIP_PERMISSION_AND_RESOURCE_SCOPE","PENDING_MANUAL_CONFIRMATION"
"com/ecommerce/app/vendor/controller/Vendor_DeliveryPersonController.java","52","com.ecommerce.app.vendor.controller","Vendor_DeliveryPersonController","createForm","GET","/vendor/delivery-persons/new","AUTHENTICATED_ONLY","","VENDOR","SHIPPING","READ","vendor.shipping.read","ACTIVE_VENDOR_MEMBERSHIP_PERMISSION_AND_RESOURCE_SCOPE","PENDING_MANUAL_CONFIRMATION"
"com/ecommerce/app/vendor/controller/Vendor_DeliveryTimelineController.java","43","com.ecommerce.app.vendor.controller","Vendor_DeliveryTimelineController","add","GET","/vendor_deliverytimeline/add/{pid}","AUTHENTICATED_ONLY","","VENDOR","SHIPPING","READ","vendor.shipping.read","ACTIVE_VENDOR_MEMBERSHIP_PERMISSION_AND_RESOURCE_SCOPE","PENDING_MANUAL_CONFIRMATION"
"com/ecommerce/app/vendor/controller/Vendor_DeliveryTimelineController.java","86","com.ecommerce.app.vendor.controller","Vendor_DeliveryTimelineController","deleteUnit","DELETE","/vendor_deliverytimeline/delete/{id}","AUTHENTICATED_ONLY","","VENDOR","SHIPPING","SENSITIVE_REVIEW","vendor.shipping.delete","ACTIVE_VENDOR_MEMBERSHIP_PERMISSION_AND_RESOURCE_SCOPE","PENDING_MANUAL_CONFIRMATION"
"com/ecommerce/app/vendor/controller/Vendor_DeliveryTimelineController.java","70","com.ecommerce.app.vendor.controller","Vendor_DeliveryTimelineController","edit","GET","/vendor_deliverytimeline/edit/{id}","AUTHENTICATED_ONLY","","VENDOR","SHIPPING","READ","vendor.shipping.read","ACTIVE_VENDOR_MEMBERSHIP_PERMISSION_AND_RESOURCE_SCOPE","PENDING_MANUAL_CONFIRMATION"
"com/ecommerce/app/vendor/controller/Vendor_DeliveryTimelineController.java","58","com.ecommerce.app.vendor.controller","Vendor_DeliveryTimelineController","save","POST","/vendor_deliverytimeline/save","AUTHENTICATED_ONLY","","VENDOR","SHIPPING","MANAGE","vendor.shipping.manage","ACTIVE_VENDOR_MEMBERSHIP_PERMISSION_AND_RESOURCE_SCOPE","PENDING_MANUAL_CONFIRMATION"
"com/ecommerce/app/vendor/controller/Vendor_ProductDimensionController.java","47","com.ecommerce.app.vendor.controller","Vendor_ProductDimensionController","add","GET","/vendor_productdimension/add/{pid}","AUTHENTICATED_ONLY","","VENDOR","CATALOG","READ","vendor.catalog.read","ACTIVE_VENDOR_MEMBERSHIP_PERMISSION_AND_RESOURCE_SCOPE","PENDING_MANUAL_CONFIRMATION"
"com/ecommerce/app/vendor/controller/Vendor_ProductDimensionController.java","90","com.ecommerce.app.vendor.controller","Vendor_ProductDimensionController","deleteUnit","DELETE","/vendor_productdimension/delete/{id}","AUTHENTICATED_ONLY","","VENDOR","CATALOG","SENSITIVE_REVIEW","vendor.catalog.delete","ACTIVE_VENDOR_MEMBERSHIP_PERMISSION_AND_RESOURCE_SCOPE","PENDING_MANUAL_CONFIRMATION"
"com/ecommerce/app/vendor/controller/Vendor_ProductDimensionController.java","74","com.ecommerce.app.vendor.controller","Vendor_ProductDimensionController","edit","GET","/vendor_productdimension/edit/{id}","AUTHENTICATED_ONLY","","VENDOR","CATALOG","READ","vendor.catalog.read","ACTIVE_VENDOR_MEMBERSHIP_PERMISSION_AND_RESOURCE_SCOPE","PENDING_MANUAL_CONFIRMATION"
"com/ecommerce/app/vendor/controller/Vendor_ProductDimensionController.java","62","com.ecommerce.app.vendor.controller","Vendor_ProductDimensionController","save","POST","/vendor_productdimension/save","AUTHENTICATED_ONLY","","VENDOR","CATALOG","MANAGE","vendor.catalog.manage","ACTIVE_VENDOR_MEMBERSHIP_PERMISSION_AND_RESOURCE_SCOPE","PENDING_MANUAL_CONFIRMATION"
"com/ecommerce/app/vendor/controller/Vendor_ProductImageController.java","88","com.ecommerce.app.vendor.controller","Vendor_ProductImageController","deleteProduct","DELETE","/vendor_productimage/delete/{productId}","AUTHENTICATED_ONLY","","VENDOR","CATALOG","SENSITIVE_REVIEW","vendor.catalog.delete","ACTIVE_VENDOR_MEMBERSHIP_PERMISSION_AND_RESOURCE_SCOPE","PENDING_MANUAL_CONFIRMATION"
"com/ecommerce/app/vendor/controller/Vendor_ProductImageController.java","127","com.ecommerce.app.vendor.controller","Vendor_ProductImageController","list","ALL","/vendor_productimage/list/{id}","AUTHENTICATED_ONLY","","VENDOR","CATALOG","HTTP_METHOD_REVIEW","vendor.catalog.method-review","ACTIVE_VENDOR_MEMBERSHIP_PERMISSION_AND_RESOURCE_SCOPE","PENDING_MANUAL_CONFIRMATION"
"com/ecommerce/app/vendor/controller/Vendor_ProductImageController.java","56","com.ecommerce.app.vendor.controller","Vendor_ProductImageController","save","POST","/vendor_productimage/upload","AUTHENTICATED_ONLY","","VENDOR","CATALOG","MANAGE","vendor.catalog.manage","ACTIVE_VENDOR_MEMBERSHIP_PERMISSION_AND_RESOURCE_SCOPE","PENDING_MANUAL_CONFIRMATION"
"com/ecommerce/app/vendor/controller/Vendor_ShipmentController.java","85","com.ecommerce.app.vendor.controller","Vendor_ShipmentController","list","GET","/vendor/shipments","AUTHENTICATED_ONLY","","VENDOR","SHIPPING","READ","vendor.shipping.read","ACTIVE_VENDOR_MEMBERSHIP_PERMISSION_AND_RESOURCE_SCOPE","PENDING_MANUAL_CONFIRMATION"
"com/ecommerce/app/vendor/controller/Vendor_ShipmentController.java","136","com.ecommerce.app.vendor.controller","Vendor_ShipmentController","save","POST","/vendor/shipments","AUTHENTICATED_ONLY","","VENDOR","SHIPPING","MANAGE","vendor.shipping.manage","ACTIVE_VENDOR_MEMBERSHIP_PERMISSION_AND_RESOURCE_SCOPE","PENDING_MANUAL_CONFIRMATION"
"com/ecommerce/app/vendor/controller/Vendor_ShipmentController.java","191","com.ecommerce.app.vendor.controller","Vendor_ShipmentController","collectCod","POST","/vendor/shipments/{id}/collect-cod","AUTHENTICATED_ONLY","","VENDOR","SHIPPING","MANAGE","vendor.shipping.manage","ACTIVE_VENDOR_MEMBERSHIP_PERMISSION_AND_RESOURCE_SCOPE","PENDING_MANUAL_CONFIRMATION"
"com/ecommerce/app/vendor/controller/Vendor_ShipmentController.java","210","com.ecommerce.app.vendor.controller","Vendor_ShipmentController","generateLabel","POST","/vendor/shipments/{id}/generate-label","AUTHENTICATED_ONLY","","VENDOR","SHIPPING","SENSITIVE_REVIEW","vendor.shipping.generate","ACTIVE_VENDOR_MEMBERSHIP_PERMISSION_AND_RESOURCE_SCOPE","PENDING_MANUAL_CONFIRMATION"
"com/ecommerce/app/vendor/controller/Vendor_ShipmentController.java","256","com.ecommerce.app.vendor.controller","Vendor_ShipmentController","delete","POST","/vendor/shipments/delete/{id}","AUTHENTICATED_ONLY","","VENDOR","SHIPPING","SENSITIVE_REVIEW","vendor.shipping.delete","ACTIVE_VENDOR_MEMBERSHIP_PERMISSION_AND_RESOURCE_SCOPE","PENDING_MANUAL_CONFIRMATION"
"com/ecommerce/app/vendor/controller/Vendor_ShipmentController.java","234","com.ecommerce.app.vendor.controller","Vendor_ShipmentController","editForm","GET","/vendor/shipments/edit/{id}","AUTHENTICATED_ONLY","","VENDOR","SHIPPING","READ","vendor.shipping.read","ACTIVE_VENDOR_MEMBERSHIP_PERMISSION_AND_RESOURCE_SCOPE","PENDING_MANUAL_CONFIRMATION"
"com/ecommerce/app/vendor/controller/Vendor_ShipmentController.java","104","com.ecommerce.app.vendor.controller","Vendor_ShipmentController","createForm","GET","/vendor/shipments/new","AUTHENTICATED_ONLY","","VENDOR","SHIPPING","READ","vendor.shipping.read","ACTIVE_VENDOR_MEMBERSHIP_PERMISSION_AND_RESOURCE_SCOPE","PENDING_MANUAL_CONFIRMATION"
"com/ecommerce/app/vendor/controller/Vendor_WarrantyController.java","43","com.ecommerce.app.vendor.controller","Vendor_WarrantyController","add","GET","/vendor_warranty/add/{pid}","AUTHENTICATED_ONLY","","VENDOR","CATALOG","READ","vendor.catalog.read","ACTIVE_VENDOR_MEMBERSHIP_PERMISSION_AND_RESOURCE_SCOPE","PENDING_MANUAL_CONFIRMATION"
"com/ecommerce/app/vendor/controller/Vendor_WarrantyController.java","85","com.ecommerce.app.vendor.controller","Vendor_WarrantyController","deleteUnit","DELETE","/vendor_warranty/delete/{id}","AUTHENTICATED_ONLY","","VENDOR","CATALOG","SENSITIVE_REVIEW","vendor.catalog.delete","ACTIVE_VENDOR_MEMBERSHIP_PERMISSION_AND_RESOURCE_SCOPE","PENDING_MANUAL_CONFIRMATION"
"com/ecommerce/app/vendor/controller/Vendor_WarrantyController.java","69","com.ecommerce.app.vendor.controller","Vendor_WarrantyController","edit","GET","/vendor_warranty/edit/{id}","AUTHENTICATED_ONLY","","VENDOR","CATALOG","READ","vendor.catalog.read","ACTIVE_VENDOR_MEMBERSHIP_PERMISSION_AND_RESOURCE_SCOPE","PENDING_MANUAL_CONFIRMATION"
"com/ecommerce/app/vendor/controller/Vendor_WarrantyController.java","57","com.ecommerce.app.vendor.controller","Vendor_WarrantyController","save","POST","/vendor_warranty/save","AUTHENTICATED_ONLY","","VENDOR","CATALOG","MANAGE","vendor.catalog.manage","ACTIVE_VENDOR_MEMBERSHIP_PERMISSION_AND_RESOURCE_SCOPE","PENDING_MANUAL_CONFIRMATION"
"com/ecommerce/app/vendor/controller/VendoraddressController.java","21","com.ecommerce.app.vendor.controller","VendoraddressController","page","ALL","/vendoraddress","AUTHENTICATED_ONLY","","VENDOR","VENDOR_MANAGEMENT","HTTP_METHOD_REVIEW","vendor.management.method-review","ACTIVE_VENDOR_MEMBERSHIP_PERMISSION_AND_RESOURCE_SCOPE","PENDING_MANUAL_CONFIRMATION"
"com/ecommerce/app/vendor/controller/VendoraddressController.java","21","com.ecommerce.app.vendor.controller","VendoraddressController","page","ALL","/vendoraddress/","AUTHENTICATED_ONLY","","VENDOR","VENDOR_MANAGEMENT","HTTP_METHOD_REVIEW","vendor.management.method-review","ACTIVE_VENDOR_MEMBERSHIP_PERMISSION_AND_RESOURCE_SCOPE","PENDING_MANUAL_CONFIRMATION"
"com/ecommerce/app/vendor/controller/VendoraddressController.java","21","com.ecommerce.app.vendor.controller","VendoraddressController","page","ALL","/vendoraddress/index","AUTHENTICATED_ONLY","","VENDOR","VENDOR_MANAGEMENT","HTTP_METHOD_REVIEW","vendor.management.method-review","ACTIVE_VENDOR_MEMBERSHIP_PERMISSION_AND_RESOURCE_SCOPE","PENDING_MANUAL_CONFIRMATION"
"com/ecommerce/app/vendor/controller/VendorController.java","49","com.ecommerce.app.vendor.controller","VendorController","index","ALL","/vendor/{id}","AUTHENTICATED_ONLY","","VENDOR","VENDOR_MANAGEMENT","HTTP_METHOD_REVIEW","vendor.management.method-review","ACTIVE_VENDOR_MEMBERSHIP_PERMISSION_AND_RESOURCE_SCOPE","PENDING_MANUAL_CONFIRMATION"
"com/ecommerce/app/vendor/controller/VendorController.java","49","com.ecommerce.app.vendor.controller","VendorController","index","ALL","/vendor/dashboards/{id}","AUTHENTICATED_ONLY","","VENDOR","VENDOR_MANAGEMENT","HTTP_METHOD_REVIEW","vendor.management.method-review","ACTIVE_VENDOR_MEMBERSHIP_PERMISSION_AND_RESOURCE_SCOPE","PENDING_MANUAL_CONFIRMATION"
"com/ecommerce/app/vendor/controller/VendorController.java","43","com.ecommerce.app.vendor.controller","VendorController","home","ALL","/vendor/home","AUTHENTICATED_ONLY","","VENDOR","VENDOR_MANAGEMENT","HTTP_METHOD_REVIEW","vendor.management.method-review","ACTIVE_VENDOR_MEMBERSHIP_PERMISSION_AND_RESOURCE_SCOPE","PENDING_MANUAL_CONFIRMATION"
"com/ecommerce/app/vendor/controller/VendorController.java","49","com.ecommerce.app.vendor.controller","VendorController","index","ALL","/vendor/index/{id}","AUTHENTICATED_ONLY","","VENDOR","VENDOR_MANAGEMENT","HTTP_METHOD_REVIEW","vendor.management.method-review","ACTIVE_VENDOR_MEMBERSHIP_PERMISSION_AND_RESOURCE_SCOPE","PENDING_MANUAL_CONFIRMATION"
"com/ecommerce/app/vendor/controller/VendorFinanceReportController.java","31","com.ecommerce.app.vendor.controller","VendorFinanceReportController","dashboard","GET","/vendor/finance/dashboard","AUTHENTICATED_ONLY","","VENDOR","VENDOR_MANAGEMENT","READ","vendor.management.read","ACTIVE_VENDOR_MEMBERSHIP_PERMISSION_AND_RESOURCE_SCOPE","PENDING_MANUAL_CONFIRMATION"
"com/ecommerce/app/vendor/controller/VendorFinanceReportController.java","57","com.ecommerce.app.vendor.controller","VendorFinanceReportController","ledger","GET","/vendor/finance/ledger","AUTHENTICATED_ONLY","","VENDOR","VENDOR_MANAGEMENT","READ","vendor.management.read","ACTIVE_VENDOR_MEMBERSHIP_PERMISSION_AND_RESOURCE_SCOPE","PENDING_MANUAL_CONFIRMATION"
"com/ecommerce/app/vendor/controller/VendorLogoController.java","65","com.ecommerce.app.vendor.controller","VendorLogoController","index","ALL","/vendorlogo","AUTHENTICATED_ONLY","","VENDOR","VENDOR_MANAGEMENT","HTTP_METHOD_REVIEW","vendor.management.method-review","ACTIVE_VENDOR_MEMBERSHIP_PERMISSION_AND_RESOURCE_SCOPE","PENDING_MANUAL_CONFIRMATION"
"com/ecommerce/app/vendor/controller/VendorLogoController.java","65","com.ecommerce.app.vendor.controller","VendorLogoController","index","ALL","/vendorlogo/","AUTHENTICATED_ONLY","","VENDOR","VENDOR_MANAGEMENT","HTTP_METHOD_REVIEW","vendor.management.method-review","ACTIVE_VENDOR_MEMBERSHIP_PERMISSION_AND_RESOURCE_SCOPE","PENDING_MANUAL_CONFIRMATION"
"com/ecommerce/app/vendor/controller/VendorLogoController.java","117","com.ecommerce.app.vendor.controller","VendorLogoController","delete","POST","/vendorlogo/delete","AUTHENTICATED_ONLY","","VENDOR","VENDOR_MANAGEMENT","SENSITIVE_REVIEW","vendor.management.delete","ACTIVE_VENDOR_MEMBERSHIP_PERMISSION_AND_RESOURCE_SCOPE","PENDING_MANUAL_CONFIRMATION"
"com/ecommerce/app/vendor/controller/VendorLogoController.java","65","com.ecommerce.app.vendor.controller","VendorLogoController","index","ALL","/vendorlogo/index","AUTHENTICATED_ONLY","","VENDOR","VENDOR_MANAGEMENT","HTTP_METHOD_REVIEW","vendor.management.method-review","ACTIVE_VENDOR_MEMBERSHIP_PERMISSION_AND_RESOURCE_SCOPE","PENDING_MANUAL_CONFIRMATION"
"com/ecommerce/app/vendor/controller/VendorLogoController.java","71","com.ecommerce.app.vendor.controller","VendorLogoController","save","POST","/vendorlogo/save","AUTHENTICATED_ONLY","","VENDOR","VENDOR_MANAGEMENT","MANAGE","vendor.management.manage","ACTIVE_VENDOR_MEMBERSHIP_PERMISSION_AND_RESOURCE_SCOPE","PENDING_MANUAL_CONFIRMATION"
"com/ecommerce/app/vendor/controller/VendorPayoutController.java","94","com.ecommerce.app.vendor.controller","VendorPayoutController","viewBalance","GET","/vendor-payout","AUTHENTICATED_ONLY","","VENDOR","VENDOR_MANAGEMENT","READ","vendor.management.read","ACTIVE_VENDOR_MEMBERSHIP_PERMISSION_AND_RESOURCE_SCOPE","PENDING_MANUAL_CONFIRMATION"
"com/ecommerce/app/vendor/controller/VendorPayoutController.java","63","com.ecommerce.app.vendor.controller","VendorPayoutController","list","GET","/vendor-payout/list","AUTHENTICATED_ONLY","","VENDOR","VENDOR_MANAGEMENT","READ","vendor.management.read","ACTIVE_VENDOR_MEMBERSHIP_PERMISSION_AND_RESOURCE_SCOPE","PENDING_MANUAL_CONFIRMATION"
"com/ecommerce/app/vendor/controller/VendorPayoutController.java","113","com.ecommerce.app.vendor.controller","VendorPayoutController","showPayoutRequestPage","ALL","/vendor-payout/request","AUTHENTICATED_ONLY","","VENDOR","VENDOR_MANAGEMENT","SENSITIVE_REVIEW","vendor.management.payout","ACTIVE_VENDOR_MEMBERSHIP_PERMISSION_AND_RESOURCE_SCOPE","PENDING_MANUAL_CONFIRMATION"
"com/ecommerce/app/vendor/controller/VendorPayoutController.java","185","com.ecommerce.app.vendor.controller","VendorPayoutController","requestPayout2","POST","/vendor-payout/request-payout","AUTHENTICATED_ONLY","","VENDOR","VENDOR_MANAGEMENT","SENSITIVE_REVIEW","vendor.management.payout","ACTIVE_VENDOR_MEMBERSHIP_PERMISSION_AND_RESOURCE_SCOPE","PENDING_MANUAL_CONFIRMATION"
"com/ecommerce/app/vendor/controller/VendorPayoutController.java","138","com.ecommerce.app.vendor.controller","VendorPayoutController","save","ALL","/vendor-payout/save","AUTHENTICATED_ONLY","","VENDOR","VENDOR_MANAGEMENT","HTTP_METHOD_REVIEW","vendor.management.method-review","ACTIVE_VENDOR_MEMBERSHIP_PERMISSION_AND_RESOURCE_SCOPE","PENDING_MANUAL_CONFIRMATION"
"com/ecommerce/app/vendor/controller/VendorPayoutMethodController.java","51","com.ecommerce.app.vendor.controller","VendorPayoutMethodController","createForm","GET","/vendor-payout-methods/create","AUTHENTICATED_ONLY","","VENDOR","VENDOR_MANAGEMENT","READ","vendor.management.read","ACTIVE_VENDOR_MEMBERSHIP_PERMISSION_AND_RESOURCE_SCOPE","PENDING_MANUAL_CONFIRMATION"
"com/ecommerce/app/vendor/controller/VendorPayoutMethodController.java","91","com.ecommerce.app.vendor.controller","VendorPayoutMethodController","delete","GET","/vendor-payout-methods/delete/{id}","AUTHENTICATED_ONLY","","VENDOR","VENDOR_MANAGEMENT","SENSITIVE_REVIEW","vendor.management.delete","ACTIVE_VENDOR_MEMBERSHIP_PERMISSION_AND_RESOURCE_SCOPE","PENDING_MANUAL_CONFIRMATION"
"com/ecommerce/app/vendor/controller/VendorPayoutMethodController.java","81","com.ecommerce.app.vendor.controller","VendorPayoutMethodController","editForm","GET","/vendor-payout-methods/edit/{id}","AUTHENTICATED_ONLY","","VENDOR","VENDOR_MANAGEMENT","READ","vendor.management.read","ACTIVE_VENDOR_MEMBERSHIP_PERMISSION_AND_RESOURCE_SCOPE","PENDING_MANUAL_CONFIRMATION"
"com/ecommerce/app/vendor/controller/VendorPayoutMethodController.java","42","com.ecommerce.app.vendor.controller","VendorPayoutMethodController","listByVendor","GET","/vendor-payout-methods/list","AUTHENTICATED_ONLY","","VENDOR","VENDOR_MANAGEMENT","READ","vendor.management.read","ACTIVE_VENDOR_MEMBERSHIP_PERMISSION_AND_RESOURCE_SCOPE","PENDING_MANUAL_CONFIRMATION"
"com/ecommerce/app/vendor/controller/VendorPayoutMethodController.java","61","com.ecommerce.app.vendor.controller","VendorPayoutMethodController","save","POST","/vendor-payout-methods/save","AUTHENTICATED_ONLY","","VENDOR","VENDOR_MANAGEMENT","MANAGE","vendor.management.manage","ACTIVE_VENDOR_MEMBERSHIP_PERMISSION_AND_RESOURCE_SCOPE","PENDING_MANUAL_CONFIRMATION"
"com/ecommerce/app/vendor/controller/VendorProductController.java","138","com.ecommerce.app.vendor.controller","VendorProductController","index","ALL","/productvendor","AUTHENTICATED_ONLY","","VENDOR","CATALOG","HTTP_METHOD_REVIEW","vendor.catalog.method-review","ACTIVE_VENDOR_MEMBERSHIP_PERMISSION_AND_RESOURCE_SCOPE","PENDING_MANUAL_CONFIRMATION"
"com/ecommerce/app/vendor/controller/VendorProductController.java","138","com.ecommerce.app.vendor.controller","VendorProductController","index","ALL","/productvendor/","AUTHENTICATED_ONLY","","VENDOR","CATALOG","HTTP_METHOD_REVIEW","vendor.catalog.method-review","ACTIVE_VENDOR_MEMBERSHIP_PERMISSION_AND_RESOURCE_SCOPE","PENDING_MANUAL_CONFIRMATION"
"com/ecommerce/app/vendor/controller/VendorProductController.java","293","com.ecommerce.app.vendor.controller","VendorProductController","create","ALL","/productvendor/create","AUTHENTICATED_ONLY","","VENDOR","CATALOG","HTTP_METHOD_REVIEW","vendor.catalog.method-review","ACTIVE_VENDOR_MEMBERSHIP_PERMISSION_AND_RESOURCE_SCOPE","PENDING_MANUAL_CONFIRMATION"
"com/ecommerce/app/vendor/controller/VendorProductController.java","491","com.ecommerce.app.vendor.controller","VendorProductController","delete","ALL","/productvendor/delete/{id}","AUTHENTICATED_ONLY","","VENDOR","CATALOG","SENSITIVE_REVIEW","vendor.catalog.delete","ACTIVE_VENDOR_MEMBERSHIP_PERMISSION_AND_RESOURCE_SCOPE","PENDING_MANUAL_CONFIRMATION"
"com/ecommerce/app/vendor/controller/VendorProductController.java","410","com.ecommerce.app.vendor.controller","VendorProductController","create","ALL","/productvendor/details/{id}","AUTHENTICATED_ONLY","","VENDOR","CATALOG","HTTP_METHOD_REVIEW","vendor.catalog.method-review","ACTIVE_VENDOR_MEMBERSHIP_PERMISSION_AND_RESOURCE_SCOPE","PENDING_MANUAL_CONFIRMATION"
"com/ecommerce/app/vendor/controller/VendorProductController.java","427","com.ecommerce.app.vendor.controller","VendorProductController","saveSpecifications","POST","/productvendor/details/{id}/specifications","AUTHENTICATED_ONLY","","VENDOR","CATALOG","MANAGE","vendor.catalog.manage","ACTIVE_VENDOR_MEMBERSHIP_PERMISSION_AND_RESOURCE_SCOPE","PENDING_MANUAL_CONFIRMATION"
"com/ecommerce/app/vendor/controller/VendorProductController.java","465","com.ecommerce.app.vendor.controller","VendorProductController","edit","ALL","/productvendor/edit/{id}","AUTHENTICATED_ONLY","","VENDOR","CATALOG","HTTP_METHOD_REVIEW","vendor.catalog.method-review","ACTIVE_VENDOR_MEMBERSHIP_PERMISSION_AND_RESOURCE_SCOPE","PENDING_MANUAL_CONFIRMATION"
"com/ecommerce/app/vendor/controller/VendorProductController.java","138","com.ecommerce.app.vendor.controller","VendorProductController","index","ALL","/productvendor/index","AUTHENTICATED_ONLY","","VENDOR","CATALOG","HTTP_METHOD_REVIEW","vendor.catalog.method-review","ACTIVE_VENDOR_MEMBERSHIP_PERMISSION_AND_RESOURCE_SCOPE","PENDING_MANUAL_CONFIRMATION"
"com/ecommerce/app/vendor/controller/VendorProductController.java","314","com.ecommerce.app.vendor.controller","VendorProductController","create","ALL","/productvendor/save","AUTHENTICATED_ONLY","","VENDOR","CATALOG","HTTP_METHOD_REVIEW","vendor.catalog.method-review","ACTIVE_VENDOR_MEMBERSHIP_PERMISSION_AND_RESOURCE_SCOPE","PENDING_MANUAL_CONFIRMATION"
"com/ecommerce/app/vendor/controller/VendorProfileController.java","44","com.ecommerce.app.vendor.controller","VendorProfileController","index","ALL","/vendorprofile","AUTHENTICATED_ONLY","","VENDOR","VENDOR_MANAGEMENT","HTTP_METHOD_REVIEW","vendor.management.method-review","ACTIVE_VENDOR_MEMBERSHIP_PERMISSION_AND_RESOURCE_SCOPE","PENDING_MANUAL_CONFIRMATION"
"com/ecommerce/app/vendor/controller/VendorProfileController.java","44","com.ecommerce.app.vendor.controller","VendorProfileController","index","ALL","/vendorprofile/","AUTHENTICATED_ONLY","","VENDOR","VENDOR_MANAGEMENT","HTTP_METHOD_REVIEW","vendor.management.method-review","ACTIVE_VENDOR_MEMBERSHIP_PERMISSION_AND_RESOURCE_SCOPE","PENDING_MANUAL_CONFIRMATION"
"com/ecommerce/app/vendor/controller/VendorProfileController.java","58","com.ecommerce.app.vendor.controller","VendorProfileController","create","ALL","/vendorprofile/create","AUTHENTICATED_ONLY","","VENDOR","VENDOR_MANAGEMENT","HTTP_METHOD_REVIEW","vendor.management.method-review","ACTIVE_VENDOR_MEMBERSHIP_PERMISSION_AND_RESOURCE_SCOPE","PENDING_MANUAL_CONFIRMATION"
"com/ecommerce/app/vendor/controller/VendorProfileController.java","120","com.ecommerce.app.vendor.controller","VendorProfileController","details","ALL","/vendorprofile/details","AUTHENTICATED_ONLY","","VENDOR","VENDOR_MANAGEMENT","HTTP_METHOD_REVIEW","vendor.management.method-review","ACTIVE_VENDOR_MEMBERSHIP_PERMISSION_AND_RESOURCE_SCOPE","PENDING_MANUAL_CONFIRMATION"
"com/ecommerce/app/vendor/controller/VendorProfileController.java","109","com.ecommerce.app.vendor.controller","VendorProfileController","edit","ALL","/vendorprofile/edit","AUTHENTICATED_ONLY","","VENDOR","VENDOR_MANAGEMENT","HTTP_METHOD_REVIEW","vendor.management.method-review","ACTIVE_VENDOR_MEMBERSHIP_PERMISSION_AND_RESOURCE_SCOPE","PENDING_MANUAL_CONFIRMATION"
"com/ecommerce/app/vendor/controller/VendorProfileController.java","44","com.ecommerce.app.vendor.controller","VendorProfileController","index","ALL","/vendorprofile/index","AUTHENTICATED_ONLY","","VENDOR","VENDOR_MANAGEMENT","HTTP_METHOD_REVIEW","vendor.management.method-review","ACTIVE_VENDOR_MEMBERSHIP_PERMISSION_AND_RESOURCE_SCOPE","PENDING_MANUAL_CONFIRMATION"
"com/ecommerce/app/vendor/controller/VendorProfileController.java","71","com.ecommerce.app.vendor.controller","VendorProfileController","save","ALL","/vendorprofile/save","AUTHENTICATED_ONLY","","VENDOR","VENDOR_MANAGEMENT","HTTP_METHOD_REVIEW","vendor.management.method-review","ACTIVE_VENDOR_MEMBERSHIP_PERMISSION_AND_RESOURCE_SCOPE","PENDING_MANUAL_CONFIRMATION"
"com/ecommerce/app/vendor/controller/VendorSalesItemController.java","38","com.ecommerce.app.vendor.controller","VendorSalesItemController","index","GET","/vendor-order/items","AUTHENTICATED_ONLY","","VENDOR","ORDER_PAYMENT","READ","vendor.order.payment.read","ACTIVE_VENDOR_MEMBERSHIP_PERMISSION_AND_RESOURCE_SCOPE","PENDING_MANUAL_CONFIRMATION"
"com/ecommerce/app/vendor/controller/VendorSalesOrderController.java","104","com.ecommerce.app.vendor.controller","VendorSalesOrderController","index","ALL","/vendor-order","AUTHENTICATED_ONLY","","VENDOR","ORDER_PAYMENT","HTTP_METHOD_REVIEW","vendor.order.payment.method-review","ACTIVE_VENDOR_MEMBERSHIP_PERMISSION_AND_RESOURCE_SCOPE","PENDING_MANUAL_CONFIRMATION"
"com/ecommerce/app/vendor/controller/VendorSalesOrderController.java","104","com.ecommerce.app.vendor.controller","VendorSalesOrderController","index","ALL","/vendor-order/","AUTHENTICATED_ONLY","","VENDOR","ORDER_PAYMENT","HTTP_METHOD_REVIEW","vendor.order.payment.method-review","ACTIVE_VENDOR_MEMBERSHIP_PERMISSION_AND_RESOURCE_SCOPE","PENDING_MANUAL_CONFIRMATION"
"com/ecommerce/app/vendor/controller/VendorSalesOrderController.java","346","com.ecommerce.app.vendor.controller","VendorSalesOrderController","addCharges","GET","/vendor-order/addcharges/{oid}","AUTHENTICATED_ONLY","","VENDOR","ORDER_PAYMENT","READ","vendor.order.payment.read","ACTIVE_VENDOR_MEMBERSHIP_PERMISSION_AND_RESOURCE_SCOPE","PENDING_MANUAL_CONFIRMATION"
"com/ecommerce/app/vendor/controller/VendorSalesOrderController.java","242","com.ecommerce.app.vendor.controller","VendorSalesOrderController","details","ALL","/vendor-order/details/{oid}","AUTHENTICATED_ONLY","","VENDOR","ORDER_PAYMENT","HTTP_METHOD_REVIEW","vendor.order.payment.method-review","ACTIVE_VENDOR_MEMBERSHIP_PERMISSION_AND_RESOURCE_SCOPE","PENDING_MANUAL_CONFIRMATION"
"com/ecommerce/app/vendor/controller/VendorSalesOrderController.java","104","com.ecommerce.app.vendor.controller","VendorSalesOrderController","index","ALL","/vendor-order/index","AUTHENTICATED_ONLY","","VENDOR","ORDER_PAYMENT","HTTP_METHOD_REVIEW","vendor.order.payment.method-review","ACTIVE_VENDOR_MEMBERSHIP_PERMISSION_AND_RESOURCE_SCOPE","PENDING_MANUAL_CONFIRMATION"
"com/ecommerce/app/vendor/controller/VendorSalesOrderController.java","317","com.ecommerce.app.vendor.controller","VendorSalesOrderController","itemReturn","POST","/vendor-order/item-return","AUTHENTICATED_ONLY","","VENDOR","ORDER_PAYMENT","MANAGE","vendor.order.payment.manage","ACTIVE_VENDOR_MEMBERSHIP_PERMISSION_AND_RESOURCE_SCOPE","PENDING_MANUAL_CONFIRMATION"
"com/ecommerce/app/vendor/controller/VendorSalesOrderController.java","378","com.ecommerce.app.vendor.controller","VendorSalesOrderController","orderPdf","GET","/vendor-order/orders/{id}/pdf","AUTHENTICATED_ONLY","","VENDOR","ORDER_PAYMENT","SENSITIVE_REVIEW","vendor.order.payment.pdf","ACTIVE_VENDOR_MEMBERSHIP_PERMISSION_AND_RESOURCE_SCOPE","PENDING_MANUAL_CONFIRMATION"
"com/ecommerce/app/vendor/controller/VendorSalesOrderController.java","212","com.ecommerce.app.vendor.controller","VendorSalesOrderController","refunds","GET","/vendor-order/refunds","AUTHENTICATED_ONLY","","VENDOR","ORDER_PAYMENT","SENSITIVE_REVIEW","vendor.order.payment.refund","ACTIVE_VENDOR_MEMBERSHIP_PERMISSION_AND_RESOURCE_SCOPE","PENDING_MANUAL_CONFIRMATION"
"com/ecommerce/app/vendor/controller/VendorSalesOrderController.java","186","com.ecommerce.app.vendor.controller","VendorSalesOrderController","returns","GET","/vendor-order/returns","AUTHENTICATED_ONLY","","VENDOR","ORDER_PAYMENT","READ","vendor.order.payment.read","ACTIVE_VENDOR_MEMBERSHIP_PERMISSION_AND_RESOURCE_SCOPE","PENDING_MANUAL_CONFIRMATION"
"com/ecommerce/app/vendor/controller/VendorSalesOrderController.java","292","com.ecommerce.app.vendor.controller","VendorSalesOrderController","statusChange","POST","/vendor-order/statuschange","AUTHENTICATED_ONLY","","VENDOR","ORDER_PAYMENT","MANAGE","vendor.order.payment.manage","ACTIVE_VENDOR_MEMBERSHIP_PERMISSION_AND_RESOURCE_SCOPE","PENDING_MANUAL_CONFIRMATION"
"com/ecommerce/app/vendor/controller/VendorSalesOrderController.java","359","com.ecommerce.app.vendor.controller","VendorSalesOrderController","updateCharges","POST","/vendor-order/update-charges","AUTHENTICATED_ONLY","","VENDOR","ORDER_PAYMENT","MANAGE","vendor.order.payment.manage","ACTIVE_VENDOR_MEMBERSHIP_PERMISSION_AND_RESOURCE_SCOPE","PENDING_MANUAL_CONFIRMATION"
"com/ecommerce/app/vendor/controller/VendorShippingDocumentController.java","126","com.ecommerce.app.vendor.controller","VendorShippingDocumentController","invoices","GET","/vendor/shipping-documents/invoices","AUTHENTICATED_ONLY","","VENDOR","SHIPPING","READ","vendor.shipping.read","ACTIVE_VENDOR_MEMBERSHIP_PERMISSION_AND_RESOURCE_SCOPE","PENDING_MANUAL_CONFIRMATION"
"com/ecommerce/app/vendor/controller/VendorShippingDocumentController.java","137","com.ecommerce.app.vendor.controller","VendorShippingDocumentController","generateInvoice","POST","/vendor/shipping-documents/invoices/generate","AUTHENTICATED_ONLY","","VENDOR","SHIPPING","SENSITIVE_REVIEW","vendor.shipping.generate","ACTIVE_VENDOR_MEMBERSHIP_PERMISSION_AND_RESOURCE_SCOPE","PENDING_MANUAL_CONFIRMATION"
"com/ecommerce/app/vendor/controller/VendorShippingDocumentController.java","41","com.ecommerce.app.vendor.controller","VendorShippingDocumentController","labels","GET","/vendor/shipping-documents/labels","AUTHENTICATED_ONLY","","VENDOR","SHIPPING","READ","vendor.shipping.read","ACTIVE_VENDOR_MEMBERSHIP_PERMISSION_AND_RESOURCE_SCOPE","PENDING_MANUAL_CONFIRMATION"
"com/ecommerce/app/vendor/controller/VendorShippingDocumentController.java","52","com.ecommerce.app.vendor.controller","VendorShippingDocumentController","generateLabel","POST","/vendor/shipping-documents/labels/generate","AUTHENTICATED_ONLY","","VENDOR","SHIPPING","SENSITIVE_REVIEW","vendor.shipping.generate","ACTIVE_VENDOR_MEMBERSHIP_PERMISSION_AND_RESOURCE_SCOPE","PENDING_MANUAL_CONFIRMATION"
"com/ecommerce/app/vendor/controller/VendorShippingDocumentController.java","73","com.ecommerce.app.vendor.controller","VendorShippingDocumentController","manifests","GET","/vendor/shipping-documents/manifests","AUTHENTICATED_ONLY","","VENDOR","SHIPPING","READ","vendor.shipping.read","ACTIVE_VENDOR_MEMBERSHIP_PERMISSION_AND_RESOURCE_SCOPE","PENDING_MANUAL_CONFIRMATION"
"com/ecommerce/app/vendor/controller/VendorShippingDocumentController.java","83","com.ecommerce.app.vendor.controller","VendorShippingDocumentController","createManifest","GET","/vendor/shipping-documents/manifests/create","AUTHENTICATED_ONLY","","VENDOR","SHIPPING","READ","vendor.shipping.read","ACTIVE_VENDOR_MEMBERSHIP_PERMISSION_AND_RESOURCE_SCOPE","PENDING_MANUAL_CONFIRMATION"
"com/ecommerce/app/vendor/controller/VendorShippingDocumentController.java","95","com.ecommerce.app.vendor.controller","VendorShippingDocumentController","saveManifest","POST","/vendor/shipping-documents/manifests/save","AUTHENTICATED_ONLY","","VENDOR","SHIPPING","MANAGE","vendor.shipping.manage","ACTIVE_VENDOR_MEMBERSHIP_PERMISSION_AND_RESOURCE_SCOPE","PENDING_MANUAL_CONFIRMATION"
"com/ecommerce/app/vendor/controller/VendorStockController.java","187","com.ecommerce.app.vendor.controller","VendorStockController","adjustForm","GET","/vendor/stock/adjust","AUTHENTICATED_ONLY","","VENDOR","INVENTORY","READ","vendor.inventory.read","ACTIVE_VENDOR_MEMBERSHIP_PERMISSION_AND_RESOURCE_SCOPE","PENDING_MANUAL_CONFIRMATION"
"com/ecommerce/app/vendor/controller/VendorStockController.java","203","com.ecommerce.app.vendor.controller","VendorStockController","adjustStock","POST","/vendor/stock/adjust","AUTHENTICATED_ONLY","","VENDOR","INVENTORY","MANAGE","vendor.inventory.manage","ACTIVE_VENDOR_MEMBERSHIP_PERMISSION_AND_RESOURCE_SCOPE","PENDING_MANUAL_CONFIRMATION"
"com/ecommerce/app/vendor/controller/VendorStockController.java","71","com.ecommerce.app.vendor.controller","VendorStockController","currentStock","GET","/vendor/stock/current","AUTHENTICATED_ONLY","","VENDOR","INVENTORY","READ","vendor.inventory.read","ACTIVE_VENDOR_MEMBERSHIP_PERMISSION_AND_RESOURCE_SCOPE","PENDING_MANUAL_CONFIRMATION"
"com/ecommerce/app/vendor/controller/VendorStockController.java","145","com.ecommerce.app.vendor.controller","VendorStockController","receiveForm","GET","/vendor/stock/receive","AUTHENTICATED_ONLY","","VENDOR","INVENTORY","READ","vendor.inventory.read","ACTIVE_VENDOR_MEMBERSHIP_PERMISSION_AND_RESOURCE_SCOPE","PENDING_MANUAL_CONFIRMATION"
"com/ecommerce/app/vendor/controller/VendorStockController.java","161","com.ecommerce.app.vendor.controller","VendorStockController","receiveStock","POST","/vendor/stock/receive","AUTHENTICATED_ONLY","","VENDOR","INVENTORY","MANAGE","vendor.inventory.manage","ACTIVE_VENDOR_MEMBERSHIP_PERMISSION_AND_RESOURCE_SCOPE","PENDING_MANUAL_CONFIRMATION"
"com/ecommerce/app/vendor/controller/VendorStockController.java","106","com.ecommerce.app.vendor.controller","VendorStockController","transactions","GET","/vendor/stock/transactions","AUTHENTICATED_ONLY","","VENDOR","INVENTORY","READ","vendor.inventory.read","ACTIVE_VENDOR_MEMBERSHIP_PERMISSION_AND_RESOURCE_SCOPE","PENDING_MANUAL_CONFIRMATION"
"com/ecommerce/app/vendor/controller/VendorTransactionController.java","29","com.ecommerce.app.vendor.controller","VendorTransactionController","list","ALL","/vendor-transaction/list","AUTHENTICATED_ONLY","","VENDOR","VENDOR_MANAGEMENT","HTTP_METHOD_REVIEW","vendor.management.method-review","ACTIVE_VENDOR_MEMBERSHIP_PERMISSION_AND_RESOURCE_SCOPE","PENDING_MANUAL_CONFIRMATION"
"com/ecommerce/app/vendor/controller/VendorVerificationsController.java","27","com.ecommerce.app.vendor.controller","VendorVerificationsController","index","GET","/vendorverifications","AUTHENTICATED_ONLY","","VENDOR","VENDOR_MANAGEMENT","READ","vendor.management.read","ACTIVE_VENDOR_MEMBERSHIP_PERMISSION_AND_RESOURCE_SCOPE","PENDING_MANUAL_CONFIRMATION"
"com/ecommerce/app/vendor/controller/VendorVerificationsController.java","27","com.ecommerce.app.vendor.controller","VendorVerificationsController","index","GET","/vendorverifications/","AUTHENTICATED_ONLY","","VENDOR","VENDOR_MANAGEMENT","READ","vendor.management.read","ACTIVE_VENDOR_MEMBERSHIP_PERMISSION_AND_RESOURCE_SCOPE","PENDING_MANUAL_CONFIRMATION"
"com/ecommerce/app/vendor/controller/VendorVerificationsController.java","39","com.ecommerce.app.vendor.controller","VendorVerificationsController","sendEmailVerification","POST","/vendorverifications/emailverification","AUTHENTICATED_ONLY","","VENDOR","VENDOR_MANAGEMENT","MANAGE","vendor.management.manage","ACTIVE_VENDOR_MEMBERSHIP_PERMISSION_AND_RESOURCE_SCOPE","PENDING_MANUAL_CONFIRMATION"
"com/ecommerce/app/vendor/controller/VendorVerificationsController.java","69","com.ecommerce.app.vendor.controller","VendorVerificationsController","emailVerified","GET","/vendorverifications/email-verified","AUTHENTICATED_ONLY","","VENDOR","VENDOR_MANAGEMENT","READ","vendor.management.read","ACTIVE_VENDOR_MEMBERSHIP_PERMISSION_AND_RESOURCE_SCOPE","PENDING_MANUAL_CONFIRMATION"
"com/ecommerce/app/vendor/controller/VendorVerificationsController.java","27","com.ecommerce.app.vendor.controller","VendorVerificationsController","index","GET","/vendorverifications/index","AUTHENTICATED_ONLY","","VENDOR","VENDOR_MANAGEMENT","READ","vendor.management.read","ACTIVE_VENDOR_MEMBERSHIP_PERMISSION_AND_RESOURCE_SCOPE","PENDING_MANUAL_CONFIRMATION"
"com/ecommerce/app/vendor/controller/VendorVerificationsController.java","79","com.ecommerce.app.vendor.controller","VendorVerificationsController","sendMobileOtp","POST","/vendorverifications/mobile-verification-otp-send","AUTHENTICATED_ONLY","","VENDOR","VENDOR_MANAGEMENT","MANAGE","vendor.management.manage","ACTIVE_VENDOR_MEMBERSHIP_PERMISSION_AND_RESOURCE_SCOPE","PENDING_MANUAL_CONFIRMATION"
"com/ecommerce/app/vendor/controller/VendorVerificationsController.java","125","com.ecommerce.app.vendor.controller","VendorVerificationsController","mobileVerified","GET","/vendorverifications/mobile-verified","AUTHENTICATED_ONLY","","VENDOR","VENDOR_MANAGEMENT","READ","vendor.management.read","ACTIVE_VENDOR_MEMBERSHIP_PERMISSION_AND_RESOURCE_SCOPE","PENDING_MANUAL_CONFIRMATION"
"com/ecommerce/app/vendor/controller/VendorVerificationsController.java","55","com.ecommerce.app.vendor.controller","VendorVerificationsController","verifyEmail","GET","/vendorverifications/verify-email","AUTHENTICATED_ONLY","","VENDOR","VENDOR_MANAGEMENT","SENSITIVE_REVIEW","vendor.management.verify","ACTIVE_VENDOR_MEMBERSHIP_PERMISSION_AND_RESOURCE_SCOPE","PENDING_MANUAL_CONFIRMATION"
"com/ecommerce/app/vendor/controller/VendorVerificationsController.java","95","com.ecommerce.app.vendor.controller","VendorVerificationsController","verifyMobileForm","GET","/vendorverifications/verify-mobile","AUTHENTICATED_ONLY","","VENDOR","VENDOR_MANAGEMENT","SENSITIVE_REVIEW","vendor.management.verify","ACTIVE_VENDOR_MEMBERSHIP_PERMISSION_AND_RESOURCE_SCOPE","PENDING_MANUAL_CONFIRMATION"
"com/ecommerce/app/vendor/controller/VendorVerificationsController.java","105","com.ecommerce.app.vendor.controller","VendorVerificationsController","verifyMobile","POST","/vendorverifications/verify-mobile","AUTHENTICATED_ONLY","","VENDOR","VENDOR_MANAGEMENT","SENSITIVE_REVIEW","vendor.management.verify","ACTIVE_VENDOR_MEMBERSHIP_PERMISSION_AND_RESOURCE_SCOPE","PENDING_MANUAL_CONFIRMATION"
"com/ecommerce/app/vendor/user/controller/VendorAccessControllController.java","70","com.ecommerce.app.vendor.user.controller","VendorAccessControllController","addVendorUser","ALL","/vendor-users/add_vendor_user","AUTHENTICATED_ONLY","@PreAuthorize("""""" @vendorAccessAuthorityChecker.hasAuthority(authentication, 'vendor.staff.manage') or @vendorRoleChecker.hasVendorRole(authentication, 'ADMIN') or @vendorRoleChecker.hasVendorRole(authentication, 'OWNER') or @vendorRoleChecker.hasVendorRole(authentication, 'VENDOR_OWNER') """""")","VENDOR","VENDOR_MANAGEMENT","HTTP_METHOD_REVIEW","vendor.management.method-review","ACTIVE_VENDOR_MEMBERSHIP_PERMISSION_AND_RESOURCE_SCOPE","PENDING_MANUAL_CONFIRMATION"
"com/ecommerce/app/vendor/user/controller/VendorAccessControllController.java","149","com.ecommerce.app.vendor.user.controller","VendorAccessControllController","delete","ALL","/vendor-users/delete/{id}","AUTHENTICATED_ONLY","@PreAuthorize("""""" @vendorAccessAuthorityChecker.hasAuthority(authentication, 'vendor.staff.manage') or @vendorRoleChecker.hasVendorRole(authentication, 'ADMIN') or @vendorRoleChecker.hasVendorRole(authentication, 'OWNER') or @vendorRoleChecker.hasVendorRole(authentication, 'VENDOR_OWNER') """""")","VENDOR","VENDOR_MANAGEMENT","SENSITIVE_REVIEW","vendor.management.delete","ACTIVE_VENDOR_MEMBERSHIP_PERMISSION_AND_RESOURCE_SCOPE","PENDING_MANUAL_CONFIRMATION"
"com/ecommerce/app/vendor/user/controller/VendorAccessControllController.java","86","com.ecommerce.app.vendor.user.controller","VendorAccessControllController","assignExistingUserToVendor","POST","/vendor-users/save","AUTHENTICATED_ONLY","@PreAuthorize("""""" @vendorAccessAuthorityChecker.hasAuthority(authentication, 'vendor.staff.manage') or @vendorRoleChecker.hasVendorRole(authentication, 'ADMIN') or @vendorRoleChecker.hasVendorRole(authentication, 'OWNER') or @vendorRoleChecker.hasVendorRole(authentication, 'VENDOR_OWNER') """""")","VENDOR","VENDOR_MANAGEMENT","MANAGE","vendor.management.manage","ACTIVE_VENDOR_MEMBERSHIP_PERMISSION_AND_RESOURCE_SCOPE","PENDING_MANUAL_CONFIRMATION"
"com/ecommerce/app/vendor/user/controller/VendorAccessControllController.java","55","com.ecommerce.app.vendor.user.controller","VendorAccessControllController","vendoruserlist","ALL","/vendor-users/userlist","AUTHENTICATED_ONLY","@PreAuthorize("""""" @vendorAccessAuthorityChecker.hasAuthority(authentication, 'vendor.staff.manage') or @vendorRoleChecker.hasVendorRole(authentication, 'ADMIN') or @vendorRoleChecker.hasVendorRole(authentication, 'OWNER') or @vendorRoleChecker.hasVendorRole(authentication, 'VENDOR_OWNER') """""")","VENDOR","VENDOR_MANAGEMENT","HTTP_METHOD_REVIEW","vendor.management.method-review","ACTIVE_VENDOR_MEMBERSHIP_PERMISSION_AND_RESOURCE_SCOPE","PENDING_MANUAL_CONFIRMATION"
"com/ecommerce/app/vendor/user/controller/VendorRoleManagementController.java","47","com.ecommerce.app.vendor.user.controller","VendorRoleManagementController","list","GET","/vendor-users/roles","AUTHENTICATED_ONLY","@PreAuthorize("""""" @vendorAccessAuthorityChecker.hasAuthority(authentication, 'vendor.role.manage') or @vendorAccessAuthorityChecker.hasAuthority(authentication, 'vendor.staff.manage') or @vendorRoleChecker.hasVendorRole(authentication, 'ADMIN') or @vendorRoleChecker.hasVendorRole(authentication, 'OWNER') or @vendorRoleChecker.hasVendorRole(authentication, 'VENDOR_OWNER') """""")","VENDOR","VENDOR_MANAGEMENT","READ","vendor.management.read","ACTIVE_VENDOR_MEMBERSHIP_PERMISSION_AND_RESOURCE_SCOPE","PENDING_MANUAL_CONFIRMATION"
"com/ecommerce/app/vendor/user/controller/VendorRoleManagementController.java","55","com.ecommerce.app.vendor.user.controller","VendorRoleManagementController","addForm","GET","/vendor-users/roles/add","AUTHENTICATED_ONLY","@PreAuthorize("""""" @vendorAccessAuthorityChecker.hasAuthority(authentication, 'vendor.role.manage') or @vendorAccessAuthorityChecker.hasAuthority(authentication, 'vendor.staff.manage') or @vendorRoleChecker.hasVendorRole(authentication, 'ADMIN') or @vendorRoleChecker.hasVendorRole(authentication, 'OWNER') or @vendorRoleChecker.hasVendorRole(authentication, 'VENDOR_OWNER') """""")","VENDOR","VENDOR_MANAGEMENT","READ","vendor.management.read","ACTIVE_VENDOR_MEMBERSHIP_PERMISSION_AND_RESOURCE_SCOPE","PENDING_MANUAL_CONFIRMATION"
"com/ecommerce/app/vendor/user/controller/VendorRoleManagementController.java","102","com.ecommerce.app.vendor.user.controller","VendorRoleManagementController","delete","GET","/vendor-users/roles/delete/{id}","AUTHENTICATED_ONLY","@PreAuthorize("""""" @vendorAccessAuthorityChecker.hasAuthority(authentication, 'vendor.role.manage') or @vendorAccessAuthorityChecker.hasAuthority(authentication, 'vendor.staff.manage') or @vendorRoleChecker.hasVendorRole(authentication, 'ADMIN') or @vendorRoleChecker.hasVendorRole(authentication, 'OWNER') or @vendorRoleChecker.hasVendorRole(authentication, 'VENDOR_OWNER') """""")","VENDOR","VENDOR_MANAGEMENT","SENSITIVE_REVIEW","vendor.management.delete","ACTIVE_VENDOR_MEMBERSHIP_PERMISSION_AND_RESOURCE_SCOPE","PENDING_MANUAL_CONFIRMATION"
"com/ecommerce/app/vendor/user/controller/VendorRoleManagementController.java","64","com.ecommerce.app.vendor.user.controller","VendorRoleManagementController","editForm","GET","/vendor-users/roles/edit/{id}","AUTHENTICATED_ONLY","@PreAuthorize("""""" @vendorAccessAuthorityChecker.hasAuthority(authentication, 'vendor.role.manage') or @vendorAccessAuthorityChecker.hasAuthority(authentication, 'vendor.staff.manage') or @vendorRoleChecker.hasVendorRole(authentication, 'ADMIN') or @vendorRoleChecker.hasVendorRole(authentication, 'OWNER') or @vendorRoleChecker.hasVendorRole(authentication, 'VENDOR_OWNER') """""")","VENDOR","VENDOR_MANAGEMENT","READ","vendor.management.read","ACTIVE_VENDOR_MEMBERSHIP_PERMISSION_AND_RESOURCE_SCOPE","PENDING_MANUAL_CONFIRMATION"
"com/ecommerce/app/vendor/user/controller/VendorRoleManagementController.java","72","com.ecommerce.app.vendor.user.controller","VendorRoleManagementController","save","POST","/vendor-users/roles/save","AUTHENTICATED_ONLY","@PreAuthorize("""""" @vendorAccessAuthorityChecker.hasAuthority(authentication, 'vendor.role.manage') or @vendorAccessAuthorityChecker.hasAuthority(authentication, 'vendor.staff.manage') or @vendorRoleChecker.hasVendorRole(authentication, 'ADMIN') or @vendorRoleChecker.hasVendorRole(authentication, 'OWNER') or @vendorRoleChecker.hasVendorRole(authentication, 'VENDOR_OWNER') """""")","VENDOR","VENDOR_MANAGEMENT","MANAGE","vendor.management.manage","ACTIVE_VENDOR_MEMBERSHIP_PERMISSION_AND_RESOURCE_SCOPE","PENDING_MANUAL_CONFIRMATION"
